app_id: 0, app_name: SAR_api-aarch64, task_id: 0, task_name: DASH_FFT, resource_name: cpu1, ref_start_time: 253160791791496, ref_stop_time: 253160792039866, actual_exe_time: 248370, task_app_start_time:253160102210455, task_sched_time:253160791784896
app_id: 0, app_name: SAR_api-aarch64, task_id: 1, task_name: DASH_FFT, resource_name: cpu2, ref_start_time: 253160797729877, ref_stop_time: 253160797889807, actual_exe_time: 159930, task_app_start_time:253160102210455, task_sched_time:253160797726757
app_id: 0, app_name: SAR_api-aarch64, task_id: 2, task_name: DASH_ZIP, resource_name: cpu3, ref_start_time: 253160798403047, ref_stop_time: 253160798488697, actual_exe_time: 85650, task_app_start_time:253160102210455, task_sched_time:253160798330957
app_id: 0, app_name: SAR_api-aarch64, task_id: 3, task_name: DASH_FFT, resource_name: fft1, ref_start_time: 253160798873237, ref_stop_time: 253160799020537, actual_exe_time: 147300, task_app_start_time:253160102210455, task_sched_time:253160798869127
app_id: 0, app_name: SAR_api-aarch64, task_id: 4, task_name: DASH_FFT, resource_name: fft2, ref_start_time: 253160799362117, ref_stop_time: 253160799447677, actual_exe_time: 85560, task_app_start_time:253160102210455, task_sched_time:253160799353507
app_id: 0, app_name: SAR_api-aarch64, task_id: 5, task_name: DASH_ZIP, resource_name: zip1, ref_start_time: 253160799890598, ref_stop_time: 253160800038738, actual_exe_time: 148140, task_app_start_time:253160102210455, task_sched_time:253160799847548
app_id: 0, app_name: SAR_api-aarch64, task_id: 6, task_name: DASH_FFT, resource_name: cpu1, ref_start_time: 253160800420488, ref_stop_time: 253160800517088, actual_exe_time: 96600, task_app_start_time:253160102210455, task_sched_time:253160800408908
app_id: 0, app_name: SAR_api-aarch64, task_id: 7, task_name: DASH_FFT, resource_name: cpu2, ref_start_time: 253160800839198, ref_stop_time: 253160800930218, actual_exe_time: 91020, task_app_start_time:253160102210455, task_sched_time:253160800836228
app_id: 0, app_name: SAR_api-aarch64, task_id: 8, task_name: DASH_ZIP, resource_name: cpu3, ref_start_time: 253160801392158, ref_stop_time: 253160801466378, actual_exe_time: 74220, task_app_start_time:253160102210455, task_sched_time:253160801331888
app_id: 0, app_name: SAR_api-aarch64, task_id: 9, task_name: DASH_FFT, resource_name: fft1, ref_start_time: 253160801789058, ref_stop_time: 253160801894508, actual_exe_time: 105450, task_app_start_time:253160102210455, task_sched_time:253160801776278
app_id: 0, app_name: SAR_api-aarch64, task_id: 10, task_name: DASH_FFT, resource_name: fft2, ref_start_time: 253160802211698, ref_stop_time: 253160802282648, actual_exe_time: 70950, task_app_start_time:253160102210455, task_sched_time:253160802205428
app_id: 0, app_name: SAR_api-aarch64, task_id: 11, task_name: DASH_ZIP, resource_name: zip1, ref_start_time: 253160802720378, ref_stop_time: 253160802837318, actual_exe_time: 116940, task_app_start_time:253160102210455, task_sched_time:253160802713268
app_id: 0, app_name: SAR_api-aarch64, task_id: 12, task_name: DASH_FFT, resource_name: cpu1, ref_start_time: 253160803222008, ref_stop_time: 253160803312998, actual_exe_time: 90990, task_app_start_time:253160102210455, task_sched_time:253160803214508
app_id: 0, app_name: SAR_api-aarch64, task_id: 13, task_name: DASH_FFT, resource_name: cpu2, ref_start_time: 253160803630188, ref_stop_time: 253160803719558, actual_exe_time: 89370, task_app_start_time:253160102210455, task_sched_time:253160803626648
app_id: 0, app_name: SAR_api-aarch64, task_id: 14, task_name: DASH_ZIP, resource_name: cpu3, ref_start_time: 253160804137158, ref_stop_time: 253160804211168, actual_exe_time: 74010, task_app_start_time:253160102210455, task_sched_time:253160804119548
app_id: 0, app_name: SAR_api-aarch64, task_id: 15, task_name: DASH_FFT, resource_name: fft1, ref_start_time: 253160804542308, ref_stop_time: 253160804649078, actual_exe_time: 106770, task_app_start_time:253160102210455, task_sched_time:253160804536038
app_id: 0, app_name: SAR_api-aarch64, task_id: 16, task_name: DASH_FFT, resource_name: fft2, ref_start_time: 253160804973048, ref_stop_time: 253160805040878, actual_exe_time: 67830, task_app_start_time:253160102210455, task_sched_time:253160804969238
app_id: 0, app_name: SAR_api-aarch64, task_id: 17, task_name: DASH_ZIP, resource_name: zip1, ref_start_time: 253160805446328, ref_stop_time: 253160805563268, actual_exe_time: 116940, task_app_start_time:253160102210455, task_sched_time:253160805434688
app_id: 0, app_name: SAR_api-aarch64, task_id: 18, task_name: DASH_FFT, resource_name: cpu1, ref_start_time: 253160805937968, ref_stop_time: 253160806026858, actual_exe_time: 88890, task_app_start_time:253160102210455, task_sched_time:253160805928788
app_id: 0, app_name: SAR_api-aarch64, task_id: 19, task_name: DASH_FFT, resource_name: cpu2, ref_start_time: 253160806363249, ref_stop_time: 253160806453789, actual_exe_time: 90540, task_app_start_time:253160102210455, task_sched_time:253160806353979
app_id: 0, app_name: SAR_api-aarch64, task_id: 20, task_name: DASH_ZIP, resource_name: cpu3, ref_start_time: 253160806872289, ref_stop_time: 253160806946479, actual_exe_time: 74190, task_app_start_time:253160102210455, task_sched_time:253160806845349
app_id: 0, app_name: SAR_api-aarch64, task_id: 21, task_name: DASH_FFT, resource_name: fft1, ref_start_time: 253160807275939, ref_stop_time: 253160807380789, actual_exe_time: 104850, task_app_start_time:253160102210455, task_sched_time:253160807270569
app_id: 0, app_name: SAR_api-aarch64, task_id: 22, task_name: DASH_FFT, resource_name: fft2, ref_start_time: 253160807611969, ref_stop_time: 253160807680429, actual_exe_time: 68460, task_app_start_time:253160102210455, task_sched_time:253160807603299
app_id: 0, app_name: SAR_api-aarch64, task_id: 23, task_name: DASH_ZIP, resource_name: zip1, ref_start_time: 253160808167959, ref_stop_time: 253160808285049, actual_exe_time: 117090, task_app_start_time:253160102210455, task_sched_time:253160808153049
app_id: 0, app_name: SAR_api-aarch64, task_id: 24, task_name: DASH_FFT, resource_name: cpu1, ref_start_time: 253160808664069, ref_stop_time: 253160808753499, actual_exe_time: 89430, task_app_start_time:253160102210455, task_sched_time:253160808656179
app_id: 0, app_name: SAR_api-aarch64, task_id: 25, task_name: DASH_FFT, resource_name: cpu2, ref_start_time: 253160808991759, ref_stop_time: 253160809082329, actual_exe_time: 90570, task_app_start_time:253160102210455, task_sched_time:253160808984019
app_id: 0, app_name: SAR_api-aarch64, task_id: 26, task_name: DASH_ZIP, resource_name: cpu3, ref_start_time: 253160809559299, ref_stop_time: 253160809633669, actual_exe_time: 74370, task_app_start_time:253160102210455, task_sched_time:253160809554619
app_id: 0, app_name: SAR_api-aarch64, task_id: 27, task_name: DASH_FFT, resource_name: fft1, ref_start_time: 253160809955119, ref_stop_time: 253160810060899, actual_exe_time: 105780, task_app_start_time:253160102210455, task_sched_time:253160809950799
app_id: 0, app_name: SAR_api-aarch64, task_id: 28, task_name: DASH_FFT, resource_name: fft2, ref_start_time: 253160810209219, ref_stop_time: 253160810277859, actual_exe_time: 68640, task_app_start_time:253160102210455, task_sched_time:253160810200519
app_id: 0, app_name: SAR_api-aarch64, task_id: 29, task_name: DASH_ZIP, resource_name: zip1, ref_start_time: 253160810833579, ref_stop_time: 253160810952979, actual_exe_time: 119400, task_app_start_time:253160102210455, task_sched_time:253160810830219
app_id: 0, app_name: SAR_api-aarch64, task_id: 30, task_name: DASH_FFT, resource_name: cpu1, ref_start_time: 253160811328489, ref_stop_time: 253160811419569, actual_exe_time: 91080, task_app_start_time:253160102210455, task_sched_time:253160811325369
app_id: 0, app_name: SAR_api-aarch64, task_id: 31, task_name: DASH_FFT, resource_name: cpu2, ref_start_time: 253160811747559, ref_stop_time: 253160811847219, actual_exe_time: 99660, task_app_start_time:253160102210455, task_sched_time:253160811738979
app_id: 0, app_name: SAR_api-aarch64, task_id: 32, task_name: DASH_ZIP, resource_name: cpu3, ref_start_time: 253160812258069, ref_stop_time: 253160812332290, actual_exe_time: 74221, task_app_start_time:253160102210455, task_sched_time:253160812240789
app_id: 0, app_name: SAR_api-aarch64, task_id: 33, task_name: DASH_FFT, resource_name: fft1, ref_start_time: 253160812667150, ref_stop_time: 253160812771790, actual_exe_time: 104640, task_app_start_time:253160102210455, task_sched_time:253160812655750
app_id: 0, app_name: SAR_api-aarch64, task_id: 34, task_name: DASH_FFT, resource_name: fft2, ref_start_time: 253160813094650, ref_stop_time: 253160813164790, actual_exe_time: 70140, task_app_start_time:253160102210455, task_sched_time:253160813088980
app_id: 0, app_name: SAR_api-aarch64, task_id: 35, task_name: DASH_ZIP, resource_name: zip1, ref_start_time: 253160813559710, ref_stop_time: 253160813676590, actual_exe_time: 116880, task_app_start_time:253160102210455, task_sched_time:253160813546420
app_id: 0, app_name: SAR_api-aarch64, task_id: 36, task_name: DASH_FFT, resource_name: cpu1, ref_start_time: 253160814048770, ref_stop_time: 253160814137990, actual_exe_time: 89220, task_app_start_time:253160102210455, task_sched_time:253160814038480
app_id: 0, app_name: SAR_api-aarch64, task_id: 37, task_name: DASH_FFT, resource_name: cpu2, ref_start_time: 253160814466550, ref_stop_time: 253160814568970, actual_exe_time: 102420, task_app_start_time:253160102210455, task_sched_time:253160814462920
app_id: 0, app_name: SAR_api-aarch64, task_id: 38, task_name: DASH_ZIP, resource_name: cpu3, ref_start_time: 253160815032710, ref_stop_time: 253160815106900, actual_exe_time: 74190, task_app_start_time:253160102210455, task_sched_time:253160814970520
app_id: 0, app_name: SAR_api-aarch64, task_id: 39, task_name: DASH_FFT, resource_name: fft1, ref_start_time: 253160815435340, ref_stop_time: 253160815547120, actual_exe_time: 111780, task_app_start_time:253160102210455, task_sched_time:253160815427570
app_id: 0, app_name: SAR_api-aarch64, task_id: 40, task_name: DASH_FFT, resource_name: fft2, ref_start_time: 253160815774910, ref_stop_time: 253160815845440, actual_exe_time: 70530, task_app_start_time:253160102210455, task_sched_time:253160815767680
app_id: 0, app_name: SAR_api-aarch64, task_id: 41, task_name: DASH_ZIP, resource_name: zip1, ref_start_time: 253160816361260, ref_stop_time: 253160816478410, actual_exe_time: 117150, task_app_start_time:253160102210455, task_sched_time:253160816313860
app_id: 0, app_name: SAR_api-aarch64, task_id: 42, task_name: DASH_FFT, resource_name: cpu1, ref_start_time: 253160816672240, ref_stop_time: 253160816761400, actual_exe_time: 89160, task_app_start_time:253160102210455, task_sched_time:253160816662910
app_id: 0, app_name: SAR_api-aarch64, task_id: 43, task_name: DASH_FFT, resource_name: cpu2, ref_start_time: 253160817233390, ref_stop_time: 253160817323510, actual_exe_time: 90120, task_app_start_time:253160102210455, task_sched_time:253160817223580
app_id: 0, app_name: SAR_api-aarch64, task_id: 44, task_name: DASH_ZIP, resource_name: cpu3, ref_start_time: 253160817722000, ref_stop_time: 253160817796190, actual_exe_time: 74190, task_app_start_time:253160102210455, task_sched_time:253160817714290
app_id: 0, app_name: SAR_api-aarch64, task_id: 45, task_name: DASH_FFT, resource_name: fft1, ref_start_time: 253160818133990, ref_stop_time: 253160818237910, actual_exe_time: 103920, task_app_start_time:253160102210455, task_sched_time:253160818121630
app_id: 0, app_name: SAR_api-aarch64, task_id: 46, task_name: DASH_FFT, resource_name: fft2, ref_start_time: 253160818577721, ref_stop_time: 253160818645911, actual_exe_time: 68190, task_app_start_time:253160102210455, task_sched_time:253160818563561
app_id: 0, app_name: SAR_api-aarch64, task_id: 47, task_name: DASH_ZIP, resource_name: zip1, ref_start_time: 253160819036421, ref_stop_time: 253160819153421, actual_exe_time: 117000, task_app_start_time:253160102210455, task_sched_time:253160819033601
app_id: 0, app_name: SAR_api-aarch64, task_id: 48, task_name: DASH_FFT, resource_name: cpu1, ref_start_time: 253160819512791, ref_stop_time: 253160819602371, actual_exe_time: 89580, task_app_start_time:253160102210455, task_sched_time:253160819509131
app_id: 0, app_name: SAR_api-aarch64, task_id: 49, task_name: DASH_FFT, resource_name: cpu2, ref_start_time: 253160819925741, ref_stop_time: 253160820015111, actual_exe_time: 89370, task_app_start_time:253160102210455, task_sched_time:253160819920311
app_id: 0, app_name: SAR_api-aarch64, task_id: 50, task_name: DASH_ZIP, resource_name: cpu3, ref_start_time: 253160820423351, ref_stop_time: 253160820497451, actual_exe_time: 74100, task_app_start_time:253160102210455, task_sched_time:253160820406911
app_id: 0, app_name: SAR_api-aarch64, task_id: 51, task_name: DASH_FFT, resource_name: fft1, ref_start_time: 253160820651651, ref_stop_time: 253160820755541, actual_exe_time: 103890, task_app_start_time:253160102210455, task_sched_time:253160820636771
app_id: 0, app_name: SAR_api-aarch64, task_id: 52, task_name: DASH_FFT, resource_name: fft2, ref_start_time: 253160821227861, ref_stop_time: 253160821297251, actual_exe_time: 69390, task_app_start_time:253160102210455, task_sched_time:253160821223001
app_id: 0, app_name: SAR_api-aarch64, task_id: 53, task_name: DASH_ZIP, resource_name: zip1, ref_start_time: 253160821695861, ref_stop_time: 253160821815651, actual_exe_time: 119790, task_app_start_time:253160102210455, task_sched_time:253160821685991
app_id: 0, app_name: SAR_api-aarch64, task_id: 54, task_name: DASH_FFT, resource_name: cpu1, ref_start_time: 253160822197731, ref_stop_time: 253160822286531, actual_exe_time: 88800, task_app_start_time:253160102210455, task_sched_time:253160822185971
app_id: 0, app_name: SAR_api-aarch64, task_id: 55, task_name: DASH_FFT, resource_name: cpu2, ref_start_time: 253160822615511, ref_stop_time: 253160822705751, actual_exe_time: 90240, task_app_start_time:253160102210455, task_sched_time:253160822610801
app_id: 0, app_name: SAR_api-aarch64, task_id: 56, task_name: DASH_ZIP, resource_name: cpu3, ref_start_time: 253160823151971, ref_stop_time: 253160823226281, actual_exe_time: 74310, task_app_start_time:253160102210455, task_sched_time:253160823090351
app_id: 0, app_name: SAR_api-aarch64, task_id: 57, task_name: DASH_FFT, resource_name: fft1, ref_start_time: 253160823553221, ref_stop_time: 253160823657441, actual_exe_time: 104220, task_app_start_time:253160102210455, task_sched_time:253160823550491
app_id: 0, app_name: SAR_api-aarch64, task_id: 58, task_name: DASH_FFT, resource_name: fft2, ref_start_time: 253160823810711, ref_stop_time: 253160823880791, actual_exe_time: 70080, task_app_start_time:253160102210455, task_sched_time:253160823806631
app_id: 0, app_name: SAR_api-aarch64, task_id: 59, task_name: DASH_ZIP, resource_name: zip1, ref_start_time: 253160824541661, ref_stop_time: 253160824658601, actual_exe_time: 116940, task_app_start_time:253160102210455, task_sched_time:253160824433721
app_id: 0, app_name: SAR_api-aarch64, task_id: 60, task_name: DASH_FFT, resource_name: cpu1, ref_start_time: 253160825034862, ref_stop_time: 253160825124082, actual_exe_time: 89220, task_app_start_time:253160102210455, task_sched_time:253160825028082
app_id: 0, app_name: SAR_api-aarch64, task_id: 61, task_name: DASH_FFT, resource_name: cpu2, ref_start_time: 253160825450062, ref_stop_time: 253160825539342, actual_exe_time: 89280, task_app_start_time:253160102210455, task_sched_time:253160825441242
app_id: 0, app_name: SAR_api-aarch64, task_id: 62, task_name: DASH_ZIP, resource_name: cpu3, ref_start_time: 253160825837992, ref_stop_time: 253160825911672, actual_exe_time: 73680, task_app_start_time:253160102210455, task_sched_time:253160825832742
app_id: 0, app_name: SAR_api-aarch64, task_id: 63, task_name: DASH_FFT, resource_name: fft1, ref_start_time: 253160826322822, ref_stop_time: 253160826426232, actual_exe_time: 103410, task_app_start_time:253160102210455, task_sched_time:253160826319702
app_id: 0, app_name: SAR_api-aarch64, task_id: 64, task_name: DASH_FFT, resource_name: fft2, ref_start_time: 253160826659752, ref_stop_time: 253160826728002, actual_exe_time: 68250, task_app_start_time:253160102210455, task_sched_time:253160826653842
app_id: 0, app_name: SAR_api-aarch64, task_id: 65, task_name: DASH_ZIP, resource_name: zip1, ref_start_time: 253160827268002, ref_stop_time: 253160827385062, actual_exe_time: 117060, task_app_start_time:253160102210455, task_sched_time:253160827211332
app_id: 0, app_name: SAR_api-aarch64, task_id: 66, task_name: DASH_FFT, resource_name: cpu1, ref_start_time: 253160827764082, ref_stop_time: 253160827853392, actual_exe_time: 89310, task_app_start_time:253160102210455, task_sched_time:253160827753702
app_id: 0, app_name: SAR_api-aarch64, task_id: 67, task_name: DASH_FFT, resource_name: cpu2, ref_start_time: 253160827994902, ref_stop_time: 253160828084152, actual_exe_time: 89250, task_app_start_time:253160102210455, task_sched_time:253160827991242
app_id: 0, app_name: SAR_api-aarch64, task_id: 68, task_name: DASH_ZIP, resource_name: cpu3, ref_start_time: 253160828746042, ref_stop_time: 253160828819662, actual_exe_time: 73620, task_app_start_time:253160102210455, task_sched_time:253160828621662
app_id: 0, app_name: SAR_api-aarch64, task_id: 69, task_name: DASH_FFT, resource_name: fft1, ref_start_time: 253160829149512, ref_stop_time: 253160829253342, actual_exe_time: 103830, task_app_start_time:253160102210455, task_sched_time:253160829144832
app_id: 0, app_name: SAR_api-aarch64, task_id: 70, task_name: DASH_FFT, resource_name: fft2, ref_start_time: 253160829585532, ref_stop_time: 253160829655612, actual_exe_time: 70080, task_app_start_time:253160102210455, task_sched_time:253160829579622
app_id: 0, app_name: SAR_api-aarch64, task_id: 71, task_name: DASH_ZIP, resource_name: zip1, ref_start_time: 253160830047862, ref_stop_time: 253160830166182, actual_exe_time: 118320, task_app_start_time:253160102210455, task_sched_time:253160830043962
app_id: 0, app_name: SAR_api-aarch64, task_id: 72, task_name: DASH_FFT, resource_name: cpu1, ref_start_time: 253160830534762, ref_stop_time: 253160830635292, actual_exe_time: 100530, task_app_start_time:253160102210455, task_sched_time:253160830532152
app_id: 0, app_name: SAR_api-aarch64, task_id: 73, task_name: DASH_FFT, resource_name: cpu2, ref_start_time: 253160830962713, ref_stop_time: 253160831059823, actual_exe_time: 97110, task_app_start_time:253160102210455, task_sched_time:253160830953443
app_id: 0, app_name: SAR_api-aarch64, task_id: 74, task_name: DASH_ZIP, resource_name: cpu3, ref_start_time: 253160831508563, ref_stop_time: 253160831582723, actual_exe_time: 74160, task_app_start_time:253160102210455, task_sched_time:253160831457473
app_id: 0, app_name: SAR_api-aarch64, task_id: 75, task_name: DASH_FFT, resource_name: fft1, ref_start_time: 253160831900213, ref_stop_time: 253160832005093, actual_exe_time: 104880, task_app_start_time:253160102210455, task_sched_time:253160831895563
app_id: 0, app_name: SAR_api-aarch64, task_id: 76, task_name: DASH_FFT, resource_name: fft2, ref_start_time: 253160832335033, ref_stop_time: 253160832403463, actual_exe_time: 68430, task_app_start_time:253160102210455, task_sched_time:253160832329513
app_id: 0, app_name: SAR_api-aarch64, task_id: 77, task_name: DASH_ZIP, resource_name: zip1, ref_start_time: 253160832811013, ref_stop_time: 253160832928103, actual_exe_time: 117090, task_app_start_time:253160102210455, task_sched_time:253160832797003
app_id: 0, app_name: SAR_api-aarch64, task_id: 78, task_name: DASH_FFT, resource_name: cpu1, ref_start_time: 253160833218023, ref_stop_time: 253160833307633, actual_exe_time: 89610, task_app_start_time:253160102210455, task_sched_time:253160833204613
app_id: 0, app_name: SAR_api-aarch64, task_id: 79, task_name: DASH_FFT, resource_name: cpu2, ref_start_time: 253160833710143, ref_stop_time: 253160833800413, actual_exe_time: 90270, task_app_start_time:253160102210455, task_sched_time:253160833706813
app_id: 0, app_name: SAR_api-aarch64, task_id: 80, task_name: DASH_ZIP, resource_name: cpu3, ref_start_time: 253160834093003, ref_stop_time: 253160834166953, actual_exe_time: 73950, task_app_start_time:253160102210455, task_sched_time:253160834088473
app_id: 0, app_name: SAR_api-aarch64, task_id: 81, task_name: DASH_FFT, resource_name: fft1, ref_start_time: 253160834591963, ref_stop_time: 253160834696423, actual_exe_time: 104460, task_app_start_time:253160102210455, task_sched_time:253160834581943
app_id: 0, app_name: SAR_api-aarch64, task_id: 82, task_name: DASH_FFT, resource_name: fft2, ref_start_time: 253160834936663, ref_stop_time: 253160835005243, actual_exe_time: 68580, task_app_start_time:253160102210455, task_sched_time:253160834927213
app_id: 0, app_name: SAR_api-aarch64, task_id: 83, task_name: DASH_ZIP, resource_name: zip1, ref_start_time: 253160835487823, ref_stop_time: 253160835605063, actual_exe_time: 117240, task_app_start_time:253160102210455, task_sched_time:253160835483863
app_id: 0, app_name: SAR_api-aarch64, task_id: 84, task_name: DASH_FFT, resource_name: cpu1, ref_start_time: 253160835892433, ref_stop_time: 253160835989663, actual_exe_time: 97230, task_app_start_time:253160102210455, task_sched_time:253160835879143
app_id: 0, app_name: SAR_api-aarch64, task_id: 85, task_name: DASH_FFT, resource_name: cpu2, ref_start_time: 253160836399313, ref_stop_time: 253160836489103, actual_exe_time: 89790, task_app_start_time:253160102210455, task_sched_time:253160836392083
app_id: 0, app_name: SAR_api-aarch64, task_id: 86, task_name: DASH_ZIP, resource_name: cpu3, ref_start_time: 253160836889363, ref_stop_time: 253160836963403, actual_exe_time: 74040, task_app_start_time:253160102210455, task_sched_time:253160836885313
app_id: 0, app_name: SAR_api-aarch64, task_id: 87, task_name: DASH_FFT, resource_name: fft1, ref_start_time: 253160837193504, ref_stop_time: 253160837297034, actual_exe_time: 103530, task_app_start_time:253160102210455, task_sched_time:253160837189934
app_id: 0, app_name: SAR_api-aarch64, task_id: 88, task_name: DASH_FFT, resource_name: fft2, ref_start_time: 253160837703894, ref_stop_time: 253160837772504, actual_exe_time: 68610, task_app_start_time:253160102210455, task_sched_time:253160837695854
app_id: 0, app_name: SAR_api-aarch64, task_id: 89, task_name: DASH_ZIP, resource_name: zip1, ref_start_time: 253160837978094, ref_stop_time: 253160838097434, actual_exe_time: 119340, task_app_start_time:253160102210455, task_sched_time:253160837932194
app_id: 0, app_name: SAR_api-aarch64, task_id: 90, task_name: DASH_FFT, resource_name: cpu1, ref_start_time: 253160838677604, ref_stop_time: 253160838768804, actual_exe_time: 91200, task_app_start_time:253160102210455, task_sched_time:253160838665184
app_id: 0, app_name: SAR_api-aarch64, task_id: 91, task_name: DASH_FFT, resource_name: cpu2, ref_start_time: 253160839097634, ref_stop_time: 253160839187454, actual_exe_time: 89820, task_app_start_time:253160102210455, task_sched_time:253160839089744
app_id: 0, app_name: SAR_api-aarch64, task_id: 92, task_name: DASH_ZIP, resource_name: cpu3, ref_start_time: 253160839643094, ref_stop_time: 253160839716804, actual_exe_time: 73710, task_app_start_time:253160102210455, task_sched_time:253160839583124
app_id: 0, app_name: SAR_api-aarch64, task_id: 93, task_name: DASH_FFT, resource_name: fft1, ref_start_time: 253160840051334, ref_stop_time: 253160840155494, actual_exe_time: 104160, task_app_start_time:253160102210455, task_sched_time:253160840040174
app_id: 0, app_name: SAR_api-aarch64, task_id: 94, task_name: DASH_FFT, resource_name: fft2, ref_start_time: 253160840483784, ref_stop_time: 253160840552484, actual_exe_time: 68700, task_app_start_time:253160102210455, task_sched_time:253160840475804
app_id: 0, app_name: SAR_api-aarch64, task_id: 95, task_name: DASH_ZIP, resource_name: zip1, ref_start_time: 253160840953554, ref_stop_time: 253160841070074, actual_exe_time: 116520, task_app_start_time:253160102210455, task_sched_time:253160840949414
app_id: 0, app_name: SAR_api-aarch64, task_id: 96, task_name: DASH_FFT, resource_name: cpu1, ref_start_time: 253160841441354, ref_stop_time: 253160841530814, actual_exe_time: 89460, task_app_start_time:253160102210455, task_sched_time:253160841436044
app_id: 0, app_name: SAR_api-aarch64, task_id: 97, task_name: DASH_FFT, resource_name: cpu2, ref_start_time: 253160841863184, ref_stop_time: 253160841952674, actual_exe_time: 89490, task_app_start_time:253160102210455, task_sched_time:253160841859194
app_id: 0, app_name: SAR_api-aarch64, task_id: 98, task_name: DASH_ZIP, resource_name: cpu3, ref_start_time: 253160842379904, ref_stop_time: 253160842454244, actual_exe_time: 74340, task_app_start_time:253160102210455, task_sched_time:253160842344654
app_id: 0, app_name: SAR_api-aarch64, task_id: 99, task_name: DASH_FFT, resource_name: fft1, ref_start_time: 253160842786374, ref_stop_time: 253160842891704, actual_exe_time: 105330, task_app_start_time:253160102210455, task_sched_time:253160842783254
app_id: 0, app_name: SAR_api-aarch64, task_id: 100, task_name: DASH_FFT, resource_name: fft2, ref_start_time: 253160843221104, ref_stop_time: 253160843292564, actual_exe_time: 71460, task_app_start_time:253160102210455, task_sched_time:253160843217354
app_id: 0, app_name: SAR_api-aarch64, task_id: 101, task_name: DASH_ZIP, resource_name: zip1, ref_start_time: 253160843703115, ref_stop_time: 253160843820685, actual_exe_time: 117570, task_app_start_time:253160102210455, task_sched_time:253160843693755
app_id: 0, app_name: SAR_api-aarch64, task_id: 102, task_name: DASH_FFT, resource_name: cpu1, ref_start_time: 253160844206665, ref_stop_time: 253160844297595, actual_exe_time: 90930, task_app_start_time:253160102210455, task_sched_time:253160844191935
app_id: 0, app_name: SAR_api-aarch64, task_id: 103, task_name: DASH_FFT, resource_name: cpu2, ref_start_time: 253160844651925, ref_stop_time: 253160844741355, actual_exe_time: 89430, task_app_start_time:253160102210455, task_sched_time:253160844647605
app_id: 0, app_name: SAR_api-aarch64, task_id: 104, task_name: DASH_ZIP, resource_name: cpu3, ref_start_time: 253160845157425, ref_stop_time: 253160845231555, actual_exe_time: 74130, task_app_start_time:253160102210455, task_sched_time:253160845141615
app_id: 0, app_name: SAR_api-aarch64, task_id: 105, task_name: DASH_FFT, resource_name: fft1, ref_start_time: 253160845549495, ref_stop_time: 253160845655725, actual_exe_time: 106230, task_app_start_time:253160102210455, task_sched_time:253160845545115
app_id: 0, app_name: SAR_api-aarch64, task_id: 106, task_name: DASH_FFT, resource_name: fft2, ref_start_time: 253160845888195, ref_stop_time: 253160845959625, actual_exe_time: 71430, task_app_start_time:253160102210455, task_sched_time:253160845885585
app_id: 0, app_name: SAR_api-aarch64, task_id: 107, task_name: DASH_ZIP, resource_name: zip1, ref_start_time: 253160846476165, ref_stop_time: 253160846593645, actual_exe_time: 117480, task_app_start_time:253160102210455, task_sched_time:253160846424835
app_id: 0, app_name: SAR_api-aarch64, task_id: 108, task_name: DASH_FFT, resource_name: cpu1, ref_start_time: 253160846870515, ref_stop_time: 253160846960845, actual_exe_time: 90330, task_app_start_time:253160102210455, task_sched_time:253160846866735
app_id: 0, app_name: SAR_api-aarch64, task_id: 109, task_name: DASH_FFT, resource_name: cpu2, ref_start_time: 253160847368485, ref_stop_time: 253160847458305, actual_exe_time: 89820, task_app_start_time:253160102210455, task_sched_time:253160847361795
app_id: 0, app_name: SAR_api-aarch64, task_id: 110, task_name: DASH_ZIP, resource_name: cpu3, ref_start_time: 253160847621895, ref_stop_time: 253160847695845, actual_exe_time: 73950, task_app_start_time:253160102210455, task_sched_time:253160847617965
app_id: 0, app_name: SAR_api-aarch64, task_id: 111, task_name: DASH_FFT, resource_name: fft1, ref_start_time: 253160848228825, ref_stop_time: 253160848332985, actual_exe_time: 104160, task_app_start_time:253160102210455, task_sched_time:253160848216225
app_id: 0, app_name: SAR_api-aarch64, task_id: 112, task_name: DASH_FFT, resource_name: fft2, ref_start_time: 253160848663075, ref_stop_time: 253160848731445, actual_exe_time: 68370, task_app_start_time:253160102210455, task_sched_time:253160848657045
app_id: 0, app_name: SAR_api-aarch64, task_id: 113, task_name: DASH_ZIP, resource_name: zip1, ref_start_time: 253160849166235, ref_stop_time: 253160849283325, actual_exe_time: 117090, task_app_start_time:253160102210455, task_sched_time:253160849122375
app_id: 0, app_name: SAR_api-aarch64, task_id: 114, task_name: DASH_FFT, resource_name: cpu1, ref_start_time: 253160849654426, ref_stop_time: 253160849743646, actual_exe_time: 89220, task_app_start_time:253160102210455, task_sched_time:253160849651786
app_id: 0, app_name: SAR_api-aarch64, task_id: 115, task_name: DASH_FFT, resource_name: cpu2, ref_start_time: 253160850068426, ref_stop_time: 253160850166166, actual_exe_time: 97740, task_app_start_time:253160102210455, task_sched_time:253160850062576
app_id: 0, app_name: SAR_api-aarch64, task_id: 116, task_name: DASH_ZIP, resource_name: cpu3, ref_start_time: 253160850621596, ref_stop_time: 253160850696026, actual_exe_time: 74430, task_app_start_time:253160102210455, task_sched_time:253160850565646
app_id: 0, app_name: SAR_api-aarch64, task_id: 117, task_name: DASH_FFT, resource_name: fft1, ref_start_time: 253160851021046, ref_stop_time: 253160851128026, actual_exe_time: 106980, task_app_start_time:253160102210455, task_sched_time:253160851017746
app_id: 0, app_name: SAR_api-aarch64, task_id: 118, task_name: DASH_FFT, resource_name: fft2, ref_start_time: 253160851464926, ref_stop_time: 253160851535456, actual_exe_time: 70530, task_app_start_time:253160102210455, task_sched_time:253160851458206
app_id: 0, app_name: SAR_api-aarch64, task_id: 119, task_name: DASH_ZIP, resource_name: zip1, ref_start_time: 253160851966406, ref_stop_time: 253160852083346, actual_exe_time: 116940, task_app_start_time:253160102210455, task_sched_time:253160851922306
app_id: 0, app_name: SAR_api-aarch64, task_id: 120, task_name: DASH_FFT, resource_name: cpu1, ref_start_time: 253160852464376, ref_stop_time: 253160852555216, actual_exe_time: 90840, task_app_start_time:253160102210455, task_sched_time:253160852457716
app_id: 0, app_name: SAR_api-aarch64, task_id: 121, task_name: DASH_FFT, resource_name: cpu2, ref_start_time: 253160852874866, ref_stop_time: 253160852965436, actual_exe_time: 90570, task_app_start_time:253160102210455, task_sched_time:253160852870306
app_id: 0, app_name: SAR_api-aarch64, task_id: 122, task_name: DASH_ZIP, resource_name: cpu3, ref_start_time: 253160853235886, ref_stop_time: 253160853309776, actual_exe_time: 73890, task_app_start_time:253160102210455, task_sched_time:253160853125786
app_id: 0, app_name: SAR_api-aarch64, task_id: 123, task_name: DASH_FFT, resource_name: fft1, ref_start_time: 253160853831506, ref_stop_time: 253160853936506, actual_exe_time: 105000, task_app_start_time:253160102210455, task_sched_time:253160853824456
app_id: 0, app_name: SAR_api-aarch64, task_id: 124, task_name: DASH_FFT, resource_name: fft2, ref_start_time: 253160854260536, ref_stop_time: 253160854330256, actual_exe_time: 69720, task_app_start_time:253160102210455, task_sched_time:253160854253396
app_id: 0, app_name: SAR_api-aarch64, task_id: 125, task_name: DASH_ZIP, resource_name: zip1, ref_start_time: 253160854762496, ref_stop_time: 253160854879466, actual_exe_time: 116970, task_app_start_time:253160102210455, task_sched_time:253160854750376
app_id: 0, app_name: SAR_api-aarch64, task_id: 126, task_name: DASH_FFT, resource_name: cpu1, ref_start_time: 253160855256806, ref_stop_time: 253160855347016, actual_exe_time: 90210, task_app_start_time:253160102210455, task_sched_time:253160855250866
app_id: 0, app_name: SAR_api-aarch64, task_id: 127, task_name: DASH_FFT, resource_name: cpu2, ref_start_time: 253160855676266, ref_stop_time: 253160855767167, actual_exe_time: 90901, task_app_start_time:253160102210455, task_sched_time:253160855671736
app_id: 0, app_name: SAR_api-aarch64, task_id: 128, task_name: DASH_ZIP, resource_name: cpu3, ref_start_time: 253160856161967, ref_stop_time: 253160856236067, actual_exe_time: 74100, task_app_start_time:253160102210455, task_sched_time:253160856150957
app_id: 0, app_name: SAR_api-aarch64, task_id: 129, task_name: DASH_FFT, resource_name: fft1, ref_start_time: 253160856567987, ref_stop_time: 253160856681777, actual_exe_time: 113790, task_app_start_time:253160102210455, task_sched_time:253160856554997
app_id: 0, app_name: SAR_api-aarch64, task_id: 130, task_name: DASH_FFT, resource_name: fft2, ref_start_time: 253160857001037, ref_stop_time: 253160857070997, actual_exe_time: 69960, task_app_start_time:253160102210455, task_sched_time:253160856997617
app_id: 0, app_name: SAR_api-aarch64, task_id: 131, task_name: DASH_ZIP, resource_name: zip1, ref_start_time: 253160857382037, ref_stop_time: 253160857498947, actual_exe_time: 116910, task_app_start_time:253160102210455, task_sched_time:253160857359507
app_id: 0, app_name: SAR_api-aarch64, task_id: 132, task_name: DASH_FFT, resource_name: cpu1, ref_start_time: 253160857958517, ref_stop_time: 253160858049057, actual_exe_time: 90540, task_app_start_time:253160102210455, task_sched_time:253160857947957
app_id: 0, app_name: SAR_api-aarch64, task_id: 133, task_name: DASH_FFT, resource_name: cpu2, ref_start_time: 253160858371917, ref_stop_time: 253160858461737, actual_exe_time: 89820, task_app_start_time:253160102210455, task_sched_time:253160858367417
app_id: 0, app_name: SAR_api-aarch64, task_id: 134, task_name: DASH_ZIP, resource_name: cpu3, ref_start_time: 253160858823267, ref_stop_time: 253160858897037, actual_exe_time: 73770, task_app_start_time:253160102210455, task_sched_time:253160858763987
app_id: 0, app_name: SAR_api-aarch64, task_id: 135, task_name: DASH_FFT, resource_name: fft1, ref_start_time: 253160859314637, ref_stop_time: 253160859419037, actual_exe_time: 104400, task_app_start_time:253160102210455, task_sched_time:253160859307887
app_id: 0, app_name: SAR_api-aarch64, task_id: 136, task_name: DASH_FFT, resource_name: fft2, ref_start_time: 253160859750927, ref_stop_time: 253160859819687, actual_exe_time: 68760, task_app_start_time:253160102210455, task_sched_time:253160859743847
app_id: 0, app_name: SAR_api-aarch64, task_id: 137, task_name: DASH_ZIP, resource_name: zip1, ref_start_time: 253160860147737, ref_stop_time: 253160860264707, actual_exe_time: 116970, task_app_start_time:253160102210455, task_sched_time:253160860111797
app_id: 0, app_name: SAR_api-aarch64, task_id: 138, task_name: DASH_FFT, resource_name: cpu1, ref_start_time: 253160860752147, ref_stop_time: 253160860842537, actual_exe_time: 90390, task_app_start_time:253160102210455, task_sched_time:253160860721547
app_id: 0, app_name: SAR_api-aarch64, task_id: 139, task_name: DASH_FFT, resource_name: cpu2, ref_start_time: 253160861155227, ref_stop_time: 253160861245587, actual_exe_time: 90360, task_app_start_time:253160102210455, task_sched_time:253160861151177
app_id: 0, app_name: SAR_api-aarch64, task_id: 140, task_name: DASH_ZIP, resource_name: cpu3, ref_start_time: 253160861422347, ref_stop_time: 253160861496627, actual_exe_time: 74280, task_app_start_time:253160102210455, task_sched_time:253160861408607
app_id: 0, app_name: SAR_api-aarch64, task_id: 141, task_name: DASH_FFT, resource_name: fft1, ref_start_time: 253160862036538, ref_stop_time: 253160862141778, actual_exe_time: 105240, task_app_start_time:253160102210455, task_sched_time:253160862023908
app_id: 0, app_name: SAR_api-aarch64, task_id: 142, task_name: DASH_FFT, resource_name: fft2, ref_start_time: 253160862462538, ref_stop_time: 253160862531178, actual_exe_time: 68640, task_app_start_time:253160102210455, task_sched_time:253160862456028
app_id: 0, app_name: SAR_api-aarch64, task_id: 143, task_name: DASH_ZIP, resource_name: zip1, ref_start_time: 253160862938878, ref_stop_time: 253160863058368, actual_exe_time: 119490, task_app_start_time:253160102210455, task_sched_time:253160862935608
app_id: 0, app_name: SAR_api-aarch64, task_id: 144, task_name: DASH_FFT, resource_name: cpu1, ref_start_time: 253160863437148, ref_stop_time: 253160863530118, actual_exe_time: 92970, task_app_start_time:253160102210455, task_sched_time:253160863426318
app_id: 0, app_name: SAR_api-aarch64, task_id: 145, task_name: DASH_FFT, resource_name: cpu2, ref_start_time: 253160863847128, ref_stop_time: 253160863938448, actual_exe_time: 91320, task_app_start_time:253160102210455, task_sched_time:253160863838878
app_id: 0, app_name: SAR_api-aarch64, task_id: 146, task_name: DASH_ZIP, resource_name: cpu3, ref_start_time: 253160864104018, ref_stop_time: 253160864178388, actual_exe_time: 74370, task_app_start_time:253160102210455, task_sched_time:253160864096908
app_id: 0, app_name: SAR_api-aarch64, task_id: 147, task_name: DASH_FFT, resource_name: fft1, ref_start_time: 253160864706718, ref_stop_time: 253160864811448, actual_exe_time: 104730, task_app_start_time:253160102210455, task_sched_time:253160864699218
app_id: 0, app_name: SAR_api-aarch64, task_id: 148, task_name: DASH_FFT, resource_name: fft2, ref_start_time: 253160865135868, ref_stop_time: 253160865205558, actual_exe_time: 69690, task_app_start_time:253160102210455, task_sched_time:253160865129808
app_id: 0, app_name: SAR_api-aarch64, task_id: 149, task_name: DASH_ZIP, resource_name: zip1, ref_start_time: 253160865618748, ref_stop_time: 253160865736258, actual_exe_time: 117510, task_app_start_time:253160102210455, task_sched_time:253160865615718
app_id: 0, app_name: SAR_api-aarch64, task_id: 150, task_name: DASH_FFT, resource_name: cpu1, ref_start_time: 253160866121908, ref_stop_time: 253160866212088, actual_exe_time: 90180, task_app_start_time:253160102210455, task_sched_time:253160866117678
app_id: 0, app_name: SAR_api-aarch64, task_id: 151, task_name: DASH_FFT, resource_name: cpu2, ref_start_time: 253160866531138, ref_stop_time: 253160866632658, actual_exe_time: 101520, task_app_start_time:253160102210455, task_sched_time:253160866527358
app_id: 0, app_name: SAR_api-aarch64, task_id: 152, task_name: DASH_ZIP, resource_name: cpu3, ref_start_time: 253160866904428, ref_stop_time: 253160866978558, actual_exe_time: 74130, task_app_start_time:253160102210455, task_sched_time:253160866794418
app_id: 0, app_name: SAR_api-aarch64, task_id: 153, task_name: DASH_FFT, resource_name: fft1, ref_start_time: 253160867502568, ref_stop_time: 253160867607718, actual_exe_time: 105150, task_app_start_time:253160102210455, task_sched_time:253160867491498
app_id: 0, app_name: SAR_api-aarch64, task_id: 154, task_name: DASH_FFT, resource_name: fft2, ref_start_time: 253160868274469, ref_stop_time: 253160868355019, actual_exe_time: 80550, task_app_start_time:253160102210455, task_sched_time:253160868266309
app_id: 0, app_name: SAR_api-aarch64, task_id: 155, task_name: DASH_ZIP, resource_name: zip1, ref_start_time: 253160868795869, ref_stop_time: 253160868913439, actual_exe_time: 117570, task_app_start_time:253160102210455, task_sched_time:253160868752609
app_id: 0, app_name: SAR_api-aarch64, task_id: 156, task_name: DASH_FFT, resource_name: cpu1, ref_start_time: 253160869298399, ref_stop_time: 253160869396709, actual_exe_time: 98310, task_app_start_time:253160102210455, task_sched_time:253160869290479
app_id: 0, app_name: SAR_api-aarch64, task_id: 157, task_name: DASH_FFT, resource_name: cpu2, ref_start_time: 253160869730729, ref_stop_time: 253160869830779, actual_exe_time: 100050, task_app_start_time:253160102210455, task_sched_time:253160869727939
app_id: 0, app_name: SAR_api-aarch64, task_id: 158, task_name: DASH_ZIP, resource_name: cpu3, ref_start_time: 253160870259479, ref_stop_time: 253160870334329, actual_exe_time: 74850, task_app_start_time:253160102210455, task_sched_time:253160870226029
app_id: 0, app_name: SAR_api-aarch64, task_id: 159, task_name: DASH_FFT, resource_name: fft1, ref_start_time: 253160870663399, ref_stop_time: 253160870771099, actual_exe_time: 107700, task_app_start_time:253160102210455, task_sched_time:253160870652989
app_id: 0, app_name: SAR_api-aarch64, task_id: 160, task_name: DASH_FFT, resource_name: fft2, ref_start_time: 253160871096959, ref_stop_time: 253160871168479, actual_exe_time: 71520, task_app_start_time:253160102210455, task_sched_time:253160871090629
app_id: 0, app_name: SAR_api-aarch64, task_id: 161, task_name: DASH_ZIP, resource_name: zip1, ref_start_time: 253160871335279, ref_stop_time: 253160871452729, actual_exe_time: 117450, task_app_start_time:253160102210455, task_sched_time:253160871328739
app_id: 0, app_name: SAR_api-aarch64, task_id: 162, task_name: DASH_FFT, resource_name: cpu1, ref_start_time: 253160872021379, ref_stop_time: 253160872112309, actual_exe_time: 90930, task_app_start_time:253160102210455, task_sched_time:253160872011809
app_id: 0, app_name: SAR_api-aarch64, task_id: 163, task_name: DASH_FFT, resource_name: cpu2, ref_start_time: 253160872437479, ref_stop_time: 253160872529729, actual_exe_time: 92250, task_app_start_time:253160102210455, task_sched_time:253160872427999
app_id: 0, app_name: SAR_api-aarch64, task_id: 164, task_name: DASH_ZIP, resource_name: cpu3, ref_start_time: 253160873045429, ref_stop_time: 253160873120009, actual_exe_time: 74580, task_app_start_time:253160102210455, task_sched_time:253160872920839
app_id: 0, app_name: SAR_api-aarch64, task_id: 165, task_name: DASH_FFT, resource_name: fft1, ref_start_time: 253160873445029, ref_stop_time: 253160873551679, actual_exe_time: 106650, task_app_start_time:253160102210455, task_sched_time:253160873437679
app_id: 0, app_name: SAR_api-aarch64, task_id: 166, task_name: DASH_FFT, resource_name: fft2, ref_start_time: 253160873874509, ref_stop_time: 253160873944589, actual_exe_time: 70080, task_app_start_time:253160102210455, task_sched_time:253160873868359
app_id: 0, app_name: SAR_api-aarch64, task_id: 167, task_name: DASH_ZIP, resource_name: zip1, ref_start_time: 253160874352409, ref_stop_time: 253160874470040, actual_exe_time: 117631, task_app_start_time:253160102210455, task_sched_time:253160874334919
app_id: 0, app_name: SAR_api-aarch64, task_id: 168, task_name: DASH_FFT, resource_name: cpu1, ref_start_time: 253160874844080, ref_stop_time: 253160874935790, actual_exe_time: 91710, task_app_start_time:253160102210455, task_sched_time:253160874838890
app_id: 0, app_name: SAR_api-aarch64, task_id: 169, task_name: DASH_FFT, resource_name: cpu2, ref_start_time: 253160875172670, ref_stop_time: 253160875263900, actual_exe_time: 91230, task_app_start_time:253160102210455, task_sched_time:253160875167090
app_id: 0, app_name: SAR_api-aarch64, task_id: 170, task_name: DASH_ZIP, resource_name: cpu3, ref_start_time: 253160875753740, ref_stop_time: 253160875828260, actual_exe_time: 74520, task_app_start_time:253160102210455, task_sched_time:253160875744410
app_id: 0, app_name: SAR_api-aarch64, task_id: 171, task_name: DASH_FFT, resource_name: fft1, ref_start_time: 253160876162460, ref_stop_time: 253160876266860, actual_exe_time: 104400, task_app_start_time:253160102210455, task_sched_time:253160876154840
app_id: 0, app_name: SAR_api-aarch64, task_id: 172, task_name: DASH_FFT, resource_name: fft2, ref_start_time: 253160876503110, ref_stop_time: 253160876572620, actual_exe_time: 69510, task_app_start_time:253160102210455, task_sched_time:253160876492940
app_id: 0, app_name: SAR_api-aarch64, task_id: 173, task_name: DASH_ZIP, resource_name: zip1, ref_start_time: 253160877067170, ref_stop_time: 253160877185040, actual_exe_time: 117870, task_app_start_time:253160102210455, task_sched_time:253160877060180
app_id: 0, app_name: SAR_api-aarch64, task_id: 174, task_name: DASH_FFT, resource_name: cpu1, ref_start_time: 253160877559440, ref_stop_time: 253160877657870, actual_exe_time: 98430, task_app_start_time:253160102210455, task_sched_time:253160877554430
app_id: 0, app_name: SAR_api-aarch64, task_id: 175, task_name: DASH_FFT, resource_name: cpu2, ref_start_time: 253160877978480, ref_stop_time: 253160878069710, actual_exe_time: 91230, task_app_start_time:253160102210455, task_sched_time:253160877974460
app_id: 0, app_name: SAR_api-aarch64, task_id: 176, task_name: DASH_ZIP, resource_name: cpu3, ref_start_time: 253160878233150, ref_stop_time: 253160878308000, actual_exe_time: 74850, task_app_start_time:253160102210455, task_sched_time:253160878227090
app_id: 0, app_name: SAR_api-aarch64, task_id: 177, task_name: DASH_FFT, resource_name: fft1, ref_start_time: 253160878918860, ref_stop_time: 253160879024970, actual_exe_time: 106110, task_app_start_time:253160102210455, task_sched_time:253160878913310
app_id: 0, app_name: SAR_api-aarch64, task_id: 178, task_name: DASH_FFT, resource_name: fft2, ref_start_time: 253160879352990, ref_stop_time: 253160879422740, actual_exe_time: 69750, task_app_start_time:253160102210455, task_sched_time:253160879343330
app_id: 0, app_name: SAR_api-aarch64, task_id: 179, task_name: DASH_ZIP, resource_name: zip1, ref_start_time: 253160879816340, ref_stop_time: 253160879933790, actual_exe_time: 117450, task_app_start_time:253160102210455, task_sched_time:253160879812380
app_id: 0, app_name: SAR_api-aarch64, task_id: 180, task_name: DASH_FFT, resource_name: cpu1, ref_start_time: 253160880303150, ref_stop_time: 253160880394830, actual_exe_time: 91680, task_app_start_time:253160102210455, task_sched_time:253160880298890
app_id: 0, app_name: SAR_api-aarch64, task_id: 181, task_name: DASH_FFT, resource_name: cpu2, ref_start_time: 253160880717091, ref_stop_time: 253160880808771, actual_exe_time: 91680, task_app_start_time:253160102210455, task_sched_time:253160880713071
app_id: 0, app_name: SAR_api-aarch64, task_id: 182, task_name: DASH_ZIP, resource_name: cpu3, ref_start_time: 253160881327291, ref_stop_time: 253160881402141, actual_exe_time: 74850, task_app_start_time:253160102210455, task_sched_time:253160881198021
app_id: 0, app_name: SAR_api-aarch64, task_id: 183, task_name: DASH_FFT, resource_name: fft1, ref_start_time: 253160881736251, ref_stop_time: 253160881841941, actual_exe_time: 105690, task_app_start_time:253160102210455, task_sched_time:253160881732231
app_id: 0, app_name: SAR_api-aarch64, task_id: 184, task_name: DASH_FFT, resource_name: fft2, ref_start_time: 253160882173231, ref_stop_time: 253160882243041, actual_exe_time: 69810, task_app_start_time:253160102210455, task_sched_time:253160882163841
app_id: 0, app_name: SAR_api-aarch64, task_id: 185, task_name: DASH_ZIP, resource_name: zip1, ref_start_time: 253160882673361, ref_stop_time: 253160882791111, actual_exe_time: 117750, task_app_start_time:253160102210455, task_sched_time:253160882641471
app_id: 0, app_name: SAR_api-aarch64, task_id: 186, task_name: DASH_FFT, resource_name: cpu1, ref_start_time: 253160883084301, ref_stop_time: 253160883179011, actual_exe_time: 94710, task_app_start_time:253160102210455, task_sched_time:253160883076111
app_id: 0, app_name: SAR_api-aarch64, task_id: 187, task_name: DASH_FFT, resource_name: cpu2, ref_start_time: 253160883414151, ref_stop_time: 253160883504661, actual_exe_time: 90510, task_app_start_time:253160102210455, task_sched_time:253160883404521
app_id: 0, app_name: SAR_api-aarch64, task_id: 188, task_name: DASH_ZIP, resource_name: cpu3, ref_start_time: 253160884131061, ref_stop_time: 253160884205881, actual_exe_time: 74820, task_app_start_time:253160102210455, task_sched_time:253160884044931
app_id: 0, app_name: SAR_api-aarch64, task_id: 189, task_name: DASH_FFT, resource_name: fft1, ref_start_time: 253160884538941, ref_stop_time: 253160884645291, actual_exe_time: 106350, task_app_start_time:253160102210455, task_sched_time:253160884529131
app_id: 0, app_name: SAR_api-aarch64, task_id: 190, task_name: DASH_FFT, resource_name: fft2, ref_start_time: 253160884979461, ref_stop_time: 253160885049061, actual_exe_time: 69600, task_app_start_time:253160102210455, task_sched_time:253160884972591
app_id: 0, app_name: SAR_api-aarch64, task_id: 191, task_name: DASH_ZIP, resource_name: zip1, ref_start_time: 253160885499121, ref_stop_time: 253160885616841, actual_exe_time: 117720, task_app_start_time:253160102210455, task_sched_time:253160885449741
app_id: 0, app_name: SAR_api-aarch64, task_id: 192, task_name: DASH_FFT, resource_name: cpu1, ref_start_time: 253160886014371, ref_stop_time: 253160886106321, actual_exe_time: 91950, task_app_start_time:253160102210455, task_sched_time:253160886001231
app_id: 0, app_name: SAR_api-aarch64, task_id: 193, task_name: DASH_FFT, resource_name: cpu2, ref_start_time: 253160886427351, ref_stop_time: 253160886518401, actual_exe_time: 91050, task_app_start_time:253160102210455, task_sched_time:253160886419851
app_id: 0, app_name: SAR_api-aarch64, task_id: 194, task_name: DASH_ZIP, resource_name: cpu3, ref_start_time: 253160886989642, ref_stop_time: 253160887064102, actual_exe_time: 74460, task_app_start_time:253160102210455, task_sched_time:253160886986012
app_id: 0, app_name: SAR_api-aarch64, task_id: 195, task_name: DASH_FFT, resource_name: fft1, ref_start_time: 253160887402502, ref_stop_time: 253160887508492, actual_exe_time: 105990, task_app_start_time:253160102210455, task_sched_time:253160887395992
app_id: 0, app_name: SAR_api-aarch64, task_id: 196, task_name: DASH_FFT, resource_name: fft2, ref_start_time: 253160887838642, ref_stop_time: 253160887909772, actual_exe_time: 71130, task_app_start_time:253160102210455, task_sched_time:253160887832732
app_id: 0, app_name: SAR_api-aarch64, task_id: 197, task_name: DASH_ZIP, resource_name: zip1, ref_start_time: 253160888404592, ref_stop_time: 253160888522402, actual_exe_time: 117810, task_app_start_time:253160102210455, task_sched_time:253160888315702
app_id: 0, app_name: SAR_api-aarch64, task_id: 198, task_name: DASH_FFT, resource_name: cpu1, ref_start_time: 253160888905592, ref_stop_time: 253160888997122, actual_exe_time: 91530, task_app_start_time:253160102210455, task_sched_time:253160888896502
app_id: 0, app_name: SAR_api-aarch64, task_id: 199, task_name: DASH_FFT, resource_name: cpu2, ref_start_time: 253160889327542, ref_stop_time: 253160889426422, actual_exe_time: 98880, task_app_start_time:253160102210455, task_sched_time:253160889323402
app_id: 0, app_name: SAR_api-aarch64, task_id: 200, task_name: DASH_ZIP, resource_name: cpu3, ref_start_time: 253160889922172, ref_stop_time: 253160889996812, actual_exe_time: 74640, task_app_start_time:253160102210455, task_sched_time:253160889815432
app_id: 0, app_name: SAR_api-aarch64, task_id: 201, task_name: DASH_FFT, resource_name: fft1, ref_start_time: 253160890319072, ref_stop_time: 253160890427612, actual_exe_time: 108540, task_app_start_time:253160102210455, task_sched_time:253160890312832
app_id: 0, app_name: SAR_api-aarch64, task_id: 202, task_name: DASH_FFT, resource_name: fft2, ref_start_time: 253160890589882, ref_stop_time: 253160890660532, actual_exe_time: 70650, task_app_start_time:253160102210455, task_sched_time:253160890582022
app_id: 0, app_name: SAR_api-aarch64, task_id: 203, task_name: DASH_ZIP, resource_name: zip1, ref_start_time: 253160891213312, ref_stop_time: 253160891330762, actual_exe_time: 117450, task_app_start_time:253160102210455, task_sched_time:253160891205062
app_id: 0, app_name: SAR_api-aarch64, task_id: 204, task_name: DASH_FFT, resource_name: cpu1, ref_start_time: 253160891701742, ref_stop_time: 253160891795102, actual_exe_time: 93360, task_app_start_time:253160102210455, task_sched_time:253160891692442
app_id: 0, app_name: SAR_api-aarch64, task_id: 205, task_name: DASH_FFT, resource_name: cpu2, ref_start_time: 253160892116222, ref_stop_time: 253160892206882, actual_exe_time: 90660, task_app_start_time:253160102210455, task_sched_time:253160892113582
app_id: 0, app_name: SAR_api-aarch64, task_id: 206, task_name: DASH_ZIP, resource_name: cpu3, ref_start_time: 253160892597392, ref_stop_time: 253160892671972, actual_exe_time: 74580, task_app_start_time:253160102210455, task_sched_time:253160892591602
app_id: 0, app_name: SAR_api-aarch64, task_id: 207, task_name: DASH_FFT, resource_name: fft1, ref_start_time: 253160893000322, ref_stop_time: 253160893103943, actual_exe_time: 103621, task_app_start_time:253160102210455, task_sched_time:253160892996452
app_id: 0, app_name: SAR_api-aarch64, task_id: 208, task_name: DASH_FFT, resource_name: fft2, ref_start_time: 253160893440273, ref_stop_time: 253160893511943, actual_exe_time: 71670, task_app_start_time:253160102210455, task_sched_time:253160893432383
app_id: 0, app_name: SAR_api-aarch64, task_id: 209, task_name: DASH_ZIP, resource_name: zip1, ref_start_time: 253160893910223, ref_stop_time: 253160894027913, actual_exe_time: 117690, task_app_start_time:253160102210455, task_sched_time:253160893899183
app_id: 0, app_name: SAR_api-aarch64, task_id: 210, task_name: DASH_FFT, resource_name: cpu1, ref_start_time: 253160894405943, ref_stop_time: 253160894498943, actual_exe_time: 93000, task_app_start_time:253160102210455, task_sched_time:253160894393763
app_id: 0, app_name: SAR_api-aarch64, task_id: 211, task_name: DASH_FFT, resource_name: cpu2, ref_start_time: 253160894874783, ref_stop_time: 253160894965533, actual_exe_time: 90750, task_app_start_time:253160102210455, task_sched_time:253160894868573
app_id: 0, app_name: SAR_api-aarch64, task_id: 212, task_name: DASH_ZIP, resource_name: cpu3, ref_start_time: 253160895414003, ref_stop_time: 253160895488553, actual_exe_time: 74550, task_app_start_time:253160102210455, task_sched_time:253160895358053
app_id: 0, app_name: SAR_api-aarch64, task_id: 213, task_name: DASH_FFT, resource_name: fft1, ref_start_time: 253160895815193, ref_stop_time: 253160895921783, actual_exe_time: 106590, task_app_start_time:253160102210455, task_sched_time:253160895811953
app_id: 0, app_name: SAR_api-aarch64, task_id: 214, task_name: DASH_FFT, resource_name: fft2, ref_start_time: 253160896250553, ref_stop_time: 253160896319763, actual_exe_time: 69210, task_app_start_time:253160102210455, task_sched_time:253160896244733
app_id: 0, app_name: SAR_api-aarch64, task_id: 215, task_name: DASH_ZIP, resource_name: zip1, ref_start_time: 253160896657383, ref_stop_time: 253160896774893, actual_exe_time: 117510, task_app_start_time:253160102210455, task_sched_time:253160896611393
app_id: 0, app_name: SAR_api-aarch64, task_id: 216, task_name: DASH_FFT, resource_name: cpu1, ref_start_time: 253160897245803, ref_stop_time: 253160897338683, actual_exe_time: 92880, task_app_start_time:253160102210455, task_sched_time:253160897239473
app_id: 0, app_name: SAR_api-aarch64, task_id: 217, task_name: DASH_FFT, resource_name: cpu2, ref_start_time: 253160897683983, ref_stop_time: 253160897776413, actual_exe_time: 92430, task_app_start_time:253160102210455, task_sched_time:253160897674803
app_id: 0, app_name: SAR_api-aarch64, task_id: 218, task_name: DASH_ZIP, resource_name: cpu3, ref_start_time: 253160898335163, ref_stop_time: 253160898409563, actual_exe_time: 74400, task_app_start_time:253160102210455, task_sched_time:253160898167643
app_id: 0, app_name: SAR_api-aarch64, task_id: 219, task_name: DASH_FFT, resource_name: fft1, ref_start_time: 253160898575403, ref_stop_time: 253160898691203, actual_exe_time: 115800, task_app_start_time:253160102210455, task_sched_time:253160898566403
app_id: 0, app_name: SAR_api-aarch64, task_id: 220, task_name: DASH_FFT, resource_name: fft2, ref_start_time: 253160899160043, ref_stop_time: 253160899231923, actual_exe_time: 71880, task_app_start_time:253160102210455, task_sched_time:253160899155243
app_id: 0, app_name: SAR_api-aarch64, task_id: 221, task_name: DASH_ZIP, resource_name: zip1, ref_start_time: 253160899720174, ref_stop_time: 253160899838134, actual_exe_time: 117960, task_app_start_time:253160102210455, task_sched_time:253160899630144
app_id: 0, app_name: SAR_api-aarch64, task_id: 222, task_name: DASH_FFT, resource_name: cpu1, ref_start_time: 253160900214154, ref_stop_time: 253160900308204, actual_exe_time: 94050, task_app_start_time:253160102210455, task_sched_time:253160900200774
app_id: 0, app_name: SAR_api-aarch64, task_id: 223, task_name: DASH_FFT, resource_name: cpu2, ref_start_time: 253160900627524, ref_stop_time: 253160900720284, actual_exe_time: 92760, task_app_start_time:253160102210455, task_sched_time:253160900621314
app_id: 0, app_name: SAR_api-aarch64, task_id: 224, task_name: DASH_ZIP, resource_name: cpu3, ref_start_time: 253160901184834, ref_stop_time: 253160901260104, actual_exe_time: 75270, task_app_start_time:253160102210455, task_sched_time:253160901110554
app_id: 0, app_name: SAR_api-aarch64, task_id: 225, task_name: DASH_FFT, resource_name: fft1, ref_start_time: 253160901589264, ref_stop_time: 253160901697084, actual_exe_time: 107820, task_app_start_time:253160102210455, task_sched_time:253160901584914
app_id: 0, app_name: SAR_api-aarch64, task_id: 226, task_name: DASH_FFT, resource_name: fft2, ref_start_time: 253160902036294, ref_stop_time: 253160902105804, actual_exe_time: 69510, task_app_start_time:253160102210455, task_sched_time:253160902031794
app_id: 0, app_name: SAR_api-aarch64, task_id: 227, task_name: DASH_ZIP, resource_name: zip1, ref_start_time: 253160902499704, ref_stop_time: 253160902617754, actual_exe_time: 118050, task_app_start_time:253160102210455, task_sched_time:253160902495984
app_id: 0, app_name: SAR_api-aarch64, task_id: 228, task_name: DASH_FFT, resource_name: cpu1, ref_start_time: 253160902992874, ref_stop_time: 253160903085754, actual_exe_time: 92880, task_app_start_time:253160102210455, task_sched_time:253160902989574
app_id: 0, app_name: SAR_api-aarch64, task_id: 229, task_name: DASH_FFT, resource_name: cpu2, ref_start_time: 253160903419174, ref_stop_time: 253160903511814, actual_exe_time: 92640, task_app_start_time:253160102210455, task_sched_time:253160903411254
app_id: 0, app_name: SAR_api-aarch64, task_id: 230, task_name: DASH_ZIP, resource_name: cpu3, ref_start_time: 253160904028804, ref_stop_time: 253160904103984, actual_exe_time: 75180, task_app_start_time:253160102210455, task_sched_time:253160903908834
app_id: 0, app_name: SAR_api-aarch64, task_id: 231, task_name: DASH_FFT, resource_name: fft1, ref_start_time: 253160904431944, ref_stop_time: 253160904537154, actual_exe_time: 105210, task_app_start_time:253160102210455, task_sched_time:253160904418984
app_id: 0, app_name: SAR_api-aarch64, task_id: 232, task_name: DASH_FFT, resource_name: fft2, ref_start_time: 253160904684334, ref_stop_time: 253160904754714, actual_exe_time: 70380, task_app_start_time:253160102210455, task_sched_time:253160904681034
app_id: 0, app_name: SAR_api-aarch64, task_id: 233, task_name: DASH_ZIP, resource_name: zip1, ref_start_time: 253160905296034, ref_stop_time: 253160905413514, actual_exe_time: 117480, task_app_start_time:253160102210455, task_sched_time:253160905287244
app_id: 0, app_name: SAR_api-aarch64, task_id: 234, task_name: DASH_FFT, resource_name: cpu1, ref_start_time: 253160905788695, ref_stop_time: 253160905880495, actual_exe_time: 91800, task_app_start_time:253160102210455, task_sched_time:253160905779605
app_id: 0, app_name: SAR_api-aarch64, task_id: 235, task_name: DASH_FFT, resource_name: cpu2, ref_start_time: 253160906192615, ref_stop_time: 253160906286065, actual_exe_time: 93450, task_app_start_time:253160102210455, task_sched_time:253160906189615
app_id: 0, app_name: SAR_api-aarch64, task_id: 236, task_name: DASH_ZIP, resource_name: cpu3, ref_start_time: 253160906691395, ref_stop_time: 253160906766035, actual_exe_time: 74640, task_app_start_time:253160102210455, task_sched_time:253160906683295
app_id: 0, app_name: SAR_api-aarch64, task_id: 237, task_name: DASH_FFT, resource_name: fft1, ref_start_time: 253160907109865, ref_stop_time: 253160907218285, actual_exe_time: 108420, task_app_start_time:253160102210455, task_sched_time:253160907096605
app_id: 0, app_name: SAR_api-aarch64, task_id: 238, task_name: DASH_FFT, resource_name: fft2, ref_start_time: 253160907622385, ref_stop_time: 253160907693005, actual_exe_time: 70620, task_app_start_time:253160102210455, task_sched_time:253160907616685
app_id: 0, app_name: SAR_api-aarch64, task_id: 239, task_name: DASH_ZIP, resource_name: zip1, ref_start_time: 253160908316255, ref_stop_time: 253160908435655, actual_exe_time: 119400, task_app_start_time:253160102210455, task_sched_time:253160908306175
app_id: 0, app_name: SAR_api-aarch64, task_id: 240, task_name: DASH_FFT, resource_name: cpu1, ref_start_time: 253160908867265, ref_stop_time: 253160908961015, actual_exe_time: 93750, task_app_start_time:253160102210455, task_sched_time:253160908858085
app_id: 0, app_name: SAR_api-aarch64, task_id: 241, task_name: DASH_FFT, resource_name: cpu2, ref_start_time: 253160909466785, ref_stop_time: 253160909568275, actual_exe_time: 101490, task_app_start_time:253160102210455, task_sched_time:253160909460515
app_id: 0, app_name: SAR_api-aarch64, task_id: 242, task_name: DASH_ZIP, resource_name: cpu3, ref_start_time: 253160910088925, ref_stop_time: 253160910162845, actual_exe_time: 73920, task_app_start_time:253160102210455, task_sched_time:253160910082835
app_id: 0, app_name: SAR_api-aarch64, task_id: 243, task_name: DASH_FFT, resource_name: fft1, ref_start_time: 253160910548255, ref_stop_time: 253160910675515, actual_exe_time: 127260, task_app_start_time:253160102210455, task_sched_time:253160910536435
app_id: 0, app_name: SAR_api-aarch64, task_id: 244, task_name: DASH_FFT, resource_name: fft2, ref_start_time: 253160911143755, ref_stop_time: 253160911213175, actual_exe_time: 69420, task_app_start_time:253160102210455, task_sched_time:253160911138505
app_id: 0, app_name: SAR_api-aarch64, task_id: 245, task_name: DASH_ZIP, resource_name: zip1, ref_start_time: 253160911441835, ref_stop_time: 253160911562495, actual_exe_time: 120660, task_app_start_time:253160102210455, task_sched_time:253160911392185
app_id: 0, app_name: SAR_api-aarch64, task_id: 246, task_name: DASH_FFT, resource_name: cpu1, ref_start_time: 253160912190936, ref_stop_time: 253160912285316, actual_exe_time: 94380, task_app_start_time:253160102210455, task_sched_time:253160912183046
app_id: 0, app_name: SAR_api-aarch64, task_id: 247, task_name: DASH_FFT, resource_name: cpu2, ref_start_time: 253160912614296, ref_stop_time: 253160912706846, actual_exe_time: 92550, task_app_start_time:253160102210455, task_sched_time:253160912608746
app_id: 0, app_name: SAR_api-aarch64, task_id: 248, task_name: DASH_ZIP, resource_name: cpu3, ref_start_time: 253160913209136, ref_stop_time: 253160913284856, actual_exe_time: 75720, task_app_start_time:253160102210455, task_sched_time:253160913200466
app_id: 0, app_name: SAR_api-aarch64, task_id: 249, task_name: DASH_FFT, resource_name: fft1, ref_start_time: 253160913676866, ref_stop_time: 253160913785256, actual_exe_time: 108390, task_app_start_time:253160102210455, task_sched_time:253160913664866
app_id: 0, app_name: SAR_api-aarch64, task_id: 250, task_name: DASH_FFT, resource_name: fft2, ref_start_time: 253160914212036, ref_stop_time: 253160914283346, actual_exe_time: 71310, task_app_start_time:253160102210455, task_sched_time:253160914208796
app_id: 0, app_name: SAR_api-aarch64, task_id: 251, task_name: DASH_ZIP, resource_name: zip1, ref_start_time: 253160914480926, ref_stop_time: 253160914622406, actual_exe_time: 141480, task_app_start_time:253160102210455, task_sched_time:253160914445136
app_id: 0, app_name: SAR_api-aarch64, task_id: 252, task_name: DASH_FFT, resource_name: cpu1, ref_start_time: 253160915414796, ref_stop_time: 253160915509446, actual_exe_time: 94650, task_app_start_time:253160102210455, task_sched_time:253160915401476
app_id: 0, app_name: SAR_api-aarch64, task_id: 253, task_name: DASH_FFT, resource_name: cpu2, ref_start_time: 253160915884506, ref_stop_time: 253160915978346, actual_exe_time: 93840, task_app_start_time:253160102210455, task_sched_time:253160915878026
app_id: 0, app_name: SAR_api-aarch64, task_id: 254, task_name: DASH_ZIP, resource_name: cpu3, ref_start_time: 253160916257556, ref_stop_time: 253160916332736, actual_exe_time: 75180, task_app_start_time:253160102210455, task_sched_time:253160916213336
app_id: 0, app_name: SAR_api-aarch64, task_id: 255, task_name: DASH_FFT, resource_name: fft1, ref_start_time: 253160916906306, ref_stop_time: 253160917016916, actual_exe_time: 110610, task_app_start_time:253160102210455, task_sched_time:253160916895656
app_id: 0, app_name: SAR_api-aarch64, task_id: 256, task_name: DASH_FFT, resource_name: fft2, ref_start_time: 253160917565826, ref_stop_time: 253160917637826, actual_exe_time: 72000, task_app_start_time:253160102210455, task_sched_time:253160917556646
app_id: 0, app_name: SAR_api-aarch64, task_id: 257, task_name: DASH_ZIP, resource_name: zip1, ref_start_time: 253160918080867, ref_stop_time: 253160918198227, actual_exe_time: 117360, task_app_start_time:253160102210455, task_sched_time:253160918075647
app_id: 0, app_name: SAR_api-aarch64, task_id: 258, task_name: DASH_FFT, resource_name: cpu1, ref_start_time: 253160918838697, ref_stop_time: 253160918932717, actual_exe_time: 94020, task_app_start_time:253160102210455, task_sched_time:253160918825197
app_id: 0, app_name: SAR_api-aarch64, task_id: 259, task_name: DASH_FFT, resource_name: cpu2, ref_start_time: 253160919408847, ref_stop_time: 253160919501757, actual_exe_time: 92910, task_app_start_time:253160102210455, task_sched_time:253160919399757
app_id: 0, app_name: SAR_api-aarch64, task_id: 260, task_name: DASH_ZIP, resource_name: cpu3, ref_start_time: 253160919910327, ref_stop_time: 253160919984637, actual_exe_time: 74310, task_app_start_time:253160102210455, task_sched_time:253160919905077
app_id: 0, app_name: SAR_api-aarch64, task_id: 261, task_name: DASH_FFT, resource_name: fft1, ref_start_time: 253160920483447, ref_stop_time: 253160920590217, actual_exe_time: 106770, task_app_start_time:253160102210455, task_sched_time:253160920479247
app_id: 0, app_name: SAR_api-aarch64, task_id: 262, task_name: DASH_FFT, resource_name: fft2, ref_start_time: 253160920893037, ref_stop_time: 253160920965967, actual_exe_time: 72930, task_app_start_time:253160102210455, task_sched_time:253160920889197
app_id: 0, app_name: SAR_api-aarch64, task_id: 263, task_name: DASH_ZIP, resource_name: zip1, ref_start_time: 253160921606257, ref_stop_time: 253160921723797, actual_exe_time: 117540, task_app_start_time:253160102210455, task_sched_time:253160921602957
app_id: 0, app_name: SAR_api-aarch64, task_id: 264, task_name: DASH_FFT, resource_name: cpu1, ref_start_time: 253160922164437, ref_stop_time: 253160922265837, actual_exe_time: 101400, task_app_start_time:253160102210455, task_sched_time:253160922153217
app_id: 0, app_name: SAR_api-aarch64, task_id: 265, task_name: DASH_FFT, resource_name: cpu2, ref_start_time: 253160922804457, ref_stop_time: 253160922901267, actual_exe_time: 96810, task_app_start_time:253160102210455, task_sched_time:253160922799147
app_id: 0, app_name: SAR_api-aarch64, task_id: 266, task_name: DASH_ZIP, resource_name: cpu3, ref_start_time: 253160923361857, ref_stop_time: 253160923436347, actual_exe_time: 74490, task_app_start_time:253160102210455, task_sched_time:253160923352377
app_id: 0, app_name: SAR_api-aarch64, task_id: 267, task_name: DASH_FFT, resource_name: fft1, ref_start_time: 253160923792087, ref_stop_time: 253160923899217, actual_exe_time: 107130, task_app_start_time:253160102210455, task_sched_time:253160923779397
app_id: 0, app_name: SAR_api-aarch64, task_id: 268, task_name: DASH_FFT, resource_name: fft2, ref_start_time: 253160924236898, ref_stop_time: 253160924311178, actual_exe_time: 74280, task_app_start_time:253160102210455, task_sched_time:253160924228168
app_id: 0, app_name: SAR_api-aarch64, task_id: 269, task_name: DASH_ZIP, resource_name: zip1, ref_start_time: 253160924998598, ref_stop_time: 253160925118358, actual_exe_time: 119760, task_app_start_time:253160102210455, task_sched_time:253160924994698
app_id: 0, app_name: SAR_api-aarch64, task_id: 270, task_name: DASH_FFT, resource_name: cpu1, ref_start_time: 253160925613868, ref_stop_time: 253160925710168, actual_exe_time: 96300, task_app_start_time:253160102210455, task_sched_time:253160925604928
app_id: 0, app_name: SAR_api-aarch64, task_id: 271, task_name: DASH_FFT, resource_name: cpu2, ref_start_time: 253160926046408, ref_stop_time: 253160926140638, actual_exe_time: 94230, task_app_start_time:253160102210455, task_sched_time:253160926039388
app_id: 0, app_name: SAR_api-aarch64, task_id: 272, task_name: DASH_ZIP, resource_name: cpu3, ref_start_time: 253160926734728, ref_stop_time: 253160926810958, actual_exe_time: 76230, task_app_start_time:253160102210455, task_sched_time:253160926727438
app_id: 0, app_name: SAR_api-aarch64, task_id: 273, task_name: DASH_FFT, resource_name: fft1, ref_start_time: 253160927157938, ref_stop_time: 253160927265578, actual_exe_time: 107640, task_app_start_time:253160102210455, task_sched_time:253160927152568
app_id: 0, app_name: SAR_api-aarch64, task_id: 274, task_name: DASH_FFT, resource_name: fft2, ref_start_time: 253160927788928, ref_stop_time: 253160927860778, actual_exe_time: 71850, task_app_start_time:253160102210455, task_sched_time:253160927785898
app_id: 0, app_name: SAR_api-aarch64, task_id: 275, task_name: DASH_ZIP, resource_name: zip1, ref_start_time: 253160928355058, ref_stop_time: 253160928473858, actual_exe_time: 118800, task_app_start_time:253160102210455, task_sched_time:253160928350648
app_id: 0, app_name: SAR_api-aarch64, task_id: 276, task_name: DASH_FFT, resource_name: cpu1, ref_start_time: 253160929009628, ref_stop_time: 253160929103648, actual_exe_time: 94020, task_app_start_time:253160102210455, task_sched_time:253160928999158
app_id: 0, app_name: SAR_api-aarch64, task_id: 277, task_name: DASH_FFT, resource_name: cpu2, ref_start_time: 253160929536758, ref_stop_time: 253160929629938, actual_exe_time: 93180, task_app_start_time:253160102210455, task_sched_time:253160929527008
app_id: 0, app_name: SAR_api-aarch64, task_id: 278, task_name: DASH_ZIP, resource_name: cpu3, ref_start_time: 253160930033228, ref_stop_time: 253160930108018, actual_exe_time: 74790, task_app_start_time:253160102210455, task_sched_time:253160930028128
app_id: 0, app_name: SAR_api-aarch64, task_id: 279, task_name: DASH_FFT, resource_name: fft1, ref_start_time: 253160930829579, ref_stop_time: 253160930936769, actual_exe_time: 107190, task_app_start_time:253160102210455, task_sched_time:253160930826339
app_id: 0, app_name: SAR_api-aarch64, task_id: 280, task_name: DASH_FFT, resource_name: fft2, ref_start_time: 253160931351339, ref_stop_time: 253160931423849, actual_exe_time: 72510, task_app_start_time:253160102210455, task_sched_time:253160931344199
app_id: 0, app_name: SAR_api-aarch64, task_id: 281, task_name: DASH_ZIP, resource_name: zip1, ref_start_time: 253160932255839, ref_stop_time: 253160932378329, actual_exe_time: 122490, task_app_start_time:253160102210455, task_sched_time:253160932244919
app_id: 0, app_name: SAR_api-aarch64, task_id: 282, task_name: DASH_FFT, resource_name: cpu1, ref_start_time: 253160932932429, ref_stop_time: 253160933031189, actual_exe_time: 98760, task_app_start_time:253160102210455, task_sched_time:253160932923429
app_id: 0, app_name: SAR_api-aarch64, task_id: 283, task_name: DASH_FFT, resource_name: cpu2, ref_start_time: 253160933579259, ref_stop_time: 253160933674779, actual_exe_time: 95520, task_app_start_time:253160102210455, task_sched_time:253160933572719
app_id: 0, app_name: SAR_api-aarch64, task_id: 284, task_name: DASH_ZIP, resource_name: cpu3, ref_start_time: 253160934169779, ref_stop_time: 253160934244719, actual_exe_time: 74940, task_app_start_time:253160102210455, task_sched_time:253160934161229
app_id: 0, app_name: SAR_api-aarch64, task_id: 285, task_name: DASH_FFT, resource_name: fft1, ref_start_time: 253160934490989, ref_stop_time: 253160934636639, actual_exe_time: 145650, task_app_start_time:253160102210455, task_sched_time:253160934479559
app_id: 0, app_name: SAR_api-aarch64, task_id: 286, task_name: DASH_FFT, resource_name: fft2, ref_start_time: 253160935309839, ref_stop_time: 253160935381629, actual_exe_time: 71790, task_app_start_time:253160102210455, task_sched_time:253160935303599
app_id: 0, app_name: SAR_api-aarch64, task_id: 287, task_name: DASH_ZIP, resource_name: zip1, ref_start_time: 253160935791219, ref_stop_time: 253160935909779, actual_exe_time: 118560, task_app_start_time:253160102210455, task_sched_time:253160935777419
app_id: 0, app_name: SAR_api-aarch64, task_id: 288, task_name: DASH_FFT, resource_name: cpu1, ref_start_time: 253160936567170, ref_stop_time: 253160936661010, actual_exe_time: 93840, task_app_start_time:253160102210455, task_sched_time:253160936561530
app_id: 0, app_name: SAR_api-aarch64, task_id: 289, task_name: DASH_FFT, resource_name: cpu2, ref_start_time: 253160937157330, ref_stop_time: 253160937251170, actual_exe_time: 93840, task_app_start_time:253160102210455, task_sched_time:253160937149380
app_id: 0, app_name: SAR_api-aarch64, task_id: 290, task_name: DASH_ZIP, resource_name: cpu3, ref_start_time: 253160937687610, ref_stop_time: 253160937762700, actual_exe_time: 75090, task_app_start_time:253160102210455, task_sched_time:253160937684550
app_id: 0, app_name: SAR_api-aarch64, task_id: 291, task_name: DASH_FFT, resource_name: fft1, ref_start_time: 253160938210510, ref_stop_time: 253160938316530, actual_exe_time: 106020, task_app_start_time:253160102210455, task_sched_time:253160938199470
app_id: 0, app_name: SAR_api-aarch64, task_id: 292, task_name: DASH_FFT, resource_name: fft2, ref_start_time: 253160938849720, ref_stop_time: 253160938921090, actual_exe_time: 71370, task_app_start_time:253160102210455, task_sched_time:253160938840780
app_id: 0, app_name: SAR_api-aarch64, task_id: 293, task_name: DASH_ZIP, resource_name: zip1, ref_start_time: 253160939397340, ref_stop_time: 253160939515240, actual_exe_time: 117900, task_app_start_time:253160102210455, task_sched_time:253160939394460
app_id: 0, app_name: SAR_api-aarch64, task_id: 294, task_name: DASH_FFT, resource_name: cpu1, ref_start_time: 253160939929690, ref_stop_time: 253160940022540, actual_exe_time: 92850, task_app_start_time:253160102210455, task_sched_time:253160939921770
app_id: 0, app_name: SAR_api-aarch64, task_id: 295, task_name: DASH_FFT, resource_name: cpu2, ref_start_time: 253160940246190, ref_stop_time: 253160940340420, actual_exe_time: 94230, task_app_start_time:253160102210455, task_sched_time:253160940242560
app_id: 0, app_name: SAR_api-aarch64, task_id: 296, task_name: DASH_ZIP, resource_name: cpu3, ref_start_time: 253160940850750, ref_stop_time: 253160940925270, actual_exe_time: 74520, task_app_start_time:253160102210455, task_sched_time:253160940846640
app_id: 0, app_name: SAR_api-aarch64, task_id: 297, task_name: DASH_FFT, resource_name: fft1, ref_start_time: 253160941313620, ref_stop_time: 253160941419760, actual_exe_time: 106140, task_app_start_time:253160102210455, task_sched_time:253160941299490
app_id: 0, app_name: SAR_api-aarch64, task_id: 298, task_name: DASH_FFT, resource_name: fft2, ref_start_time: 253160942484670, ref_stop_time: 253160942580100, actual_exe_time: 95430, task_app_start_time:253160102210455, task_sched_time:253160942474950
app_id: 0, app_name: SAR_api-aarch64, task_id: 299, task_name: DASH_ZIP, resource_name: zip1, ref_start_time: 253160943096761, ref_stop_time: 253160943219041, actual_exe_time: 122280, task_app_start_time:253160102210455, task_sched_time:253160943056141
app_id: 0, app_name: SAR_api-aarch64, task_id: 300, task_name: DASH_FFT, resource_name: cpu1, ref_start_time: 253160943875741, ref_stop_time: 253160943972161, actual_exe_time: 96420, task_app_start_time:253160102210455, task_sched_time:253160943863351
app_id: 0, app_name: SAR_api-aarch64, task_id: 301, task_name: DASH_FFT, resource_name: cpu2, ref_start_time: 253160944392671, ref_stop_time: 253160944486931, actual_exe_time: 94260, task_app_start_time:253160102210455, task_sched_time:253160944389611
app_id: 0, app_name: SAR_api-aarch64, task_id: 302, task_name: DASH_ZIP, resource_name: cpu3, ref_start_time: 253160944654211, ref_stop_time: 253160944730711, actual_exe_time: 76500, task_app_start_time:253160102210455, task_sched_time:253160944648211
app_id: 0, app_name: SAR_api-aarch64, task_id: 303, task_name: DASH_FFT, resource_name: fft1, ref_start_time: 253160945408621, ref_stop_time: 253160945516231, actual_exe_time: 107610, task_app_start_time:253160102210455, task_sched_time:253160945402261
app_id: 0, app_name: SAR_api-aarch64, task_id: 304, task_name: DASH_FFT, resource_name: fft2, ref_start_time: 253160945900951, ref_stop_time: 253160945973521, actual_exe_time: 72570, task_app_start_time:253160102210455, task_sched_time:253160945894801
app_id: 0, app_name: SAR_api-aarch64, task_id: 305, task_name: DASH_ZIP, resource_name: zip1, ref_start_time: 253160946616481, ref_stop_time: 253160946734591, actual_exe_time: 118110, task_app_start_time:253160102210455, task_sched_time:253160946606641
app_id: 0, app_name: SAR_api-aarch64, task_id: 306, task_name: DASH_FFT, resource_name: cpu1, ref_start_time: 253160946947081, ref_stop_time: 253160947042031, actual_exe_time: 94950, task_app_start_time:253160102210455, task_sched_time:253160946935711
app_id: 0, app_name: SAR_api-aarch64, task_id: 307, task_name: DASH_FFT, resource_name: cpu2, ref_start_time: 253160947528961, ref_stop_time: 253160947623491, actual_exe_time: 94530, task_app_start_time:253160102210455, task_sched_time:253160947519121
app_id: 0, app_name: SAR_api-aarch64, task_id: 308, task_name: DASH_ZIP, resource_name: cpu3, ref_start_time: 253160948976522, ref_stop_time: 253160949066522, actual_exe_time: 90000, task_app_start_time:253160102210455, task_sched_time:253160948968182
app_id: 0, app_name: SAR_api-aarch64, task_id: 309, task_name: DASH_FFT, resource_name: fft1, ref_start_time: 253160949450042, ref_stop_time: 253160949607152, actual_exe_time: 157110, task_app_start_time:253160102210455, task_sched_time:253160949442422
app_id: 0, app_name: SAR_api-aarch64, task_id: 310, task_name: DASH_FFT, resource_name: fft2, ref_start_time: 253160949949212, ref_stop_time: 253160950021302, actual_exe_time: 72090, task_app_start_time:253160102210455, task_sched_time:253160949945072
app_id: 0, app_name: SAR_api-aarch64, task_id: 311, task_name: DASH_ZIP, resource_name: zip1, ref_start_time: 253160950441842, ref_stop_time: 253160950578342, actual_exe_time: 136500, task_app_start_time:253160102210455, task_sched_time:253160950429782
app_id: 0, app_name: SAR_api-aarch64, task_id: 312, task_name: DASH_FFT, resource_name: cpu1, ref_start_time: 253160951004552, ref_stop_time: 253160951100222, actual_exe_time: 95670, task_app_start_time:253160102210455, task_sched_time:253160950997112
app_id: 0, app_name: SAR_api-aarch64, task_id: 313, task_name: DASH_FFT, resource_name: cpu2, ref_start_time: 253160951334042, ref_stop_time: 253160951426832, actual_exe_time: 92790, task_app_start_time:253160102210455, task_sched_time:253160951313642
app_id: 0, app_name: SAR_api-aarch64, task_id: 314, task_name: DASH_ZIP, resource_name: cpu3, ref_start_time: 253160951821962, ref_stop_time: 253160951895792, actual_exe_time: 73830, task_app_start_time:253160102210455, task_sched_time:253160951818722
app_id: 0, app_name: SAR_api-aarch64, task_id: 315, task_name: DASH_FFT, resource_name: fft1, ref_start_time: 253160952310902, ref_stop_time: 253160952415092, actual_exe_time: 104190, task_app_start_time:253160102210455, task_sched_time:253160952303882
app_id: 0, app_name: SAR_api-aarch64, task_id: 316, task_name: DASH_FFT, resource_name: fft2, ref_start_time: 253160952751992, ref_stop_time: 253160952821022, actual_exe_time: 69030, task_app_start_time:253160102210455, task_sched_time:253160952743592
app_id: 0, app_name: SAR_api-aarch64, task_id: 317, task_name: DASH_ZIP, resource_name: zip1, ref_start_time: 253160953041162, ref_stop_time: 253160953157922, actual_exe_time: 116760, task_app_start_time:253160102210455, task_sched_time:253160952983772
app_id: 0, app_name: SAR_api-aarch64, task_id: 318, task_name: DASH_FFT, resource_name: cpu1, ref_start_time: 253160953759542, ref_stop_time: 253160953848972, actual_exe_time: 89430, task_app_start_time:253160102210455, task_sched_time:253160953755972
app_id: 0, app_name: SAR_api-aarch64, task_id: 319, task_name: DASH_FFT, resource_name: cpu2, ref_start_time: 253160954182962, ref_stop_time: 253160954274252, actual_exe_time: 91290, task_app_start_time:253160102210455, task_sched_time:253160954178192
app_id: 0, app_name: SAR_api-aarch64, task_id: 320, task_name: DASH_ZIP, resource_name: cpu3, ref_start_time: 253160954715462, ref_stop_time: 253160954789172, actual_exe_time: 73710, task_app_start_time:253160102210455, task_sched_time:253160954711262
app_id: 0, app_name: SAR_api-aarch64, task_id: 321, task_name: DASH_FFT, resource_name: fft1, ref_start_time: 253160955133002, ref_stop_time: 253160955237763, actual_exe_time: 104761, task_app_start_time:253160102210455, task_sched_time:253160955126972
app_id: 0, app_name: SAR_api-aarch64, task_id: 322, task_name: DASH_FFT, resource_name: fft2, ref_start_time: 253160955563863, ref_stop_time: 253160955632563, actual_exe_time: 68700, task_app_start_time:253160102210455, task_sched_time:253160955560293
app_id: 0, app_name: SAR_api-aarch64, task_id: 323, task_name: DASH_ZIP, resource_name: zip1, ref_start_time: 253160956062553, ref_stop_time: 253160956180903, actual_exe_time: 118350, task_app_start_time:253160102210455, task_sched_time:253160956017013
app_id: 0, app_name: SAR_api-aarch64, task_id: 324, task_name: DASH_FFT, resource_name: cpu1, ref_start_time: 253160956581073, ref_stop_time: 253160956671013, actual_exe_time: 89940, task_app_start_time:253160102210455, task_sched_time:253160956578463
app_id: 0, app_name: SAR_api-aarch64, task_id: 325, task_name: DASH_FFT, resource_name: cpu2, ref_start_time: 253160956850113, ref_stop_time: 253160956940233, actual_exe_time: 90120, task_app_start_time:253160102210455, task_sched_time:253160956840603
app_id: 0, app_name: SAR_api-aarch64, task_id: 326, task_name: DASH_ZIP, resource_name: cpu3, ref_start_time: 253160957517913, ref_stop_time: 253160957592043, actual_exe_time: 74130, task_app_start_time:253160102210455, task_sched_time:253160957465233
app_id: 0, app_name: SAR_api-aarch64, task_id: 327, task_name: DASH_FFT, resource_name: fft1, ref_start_time: 253160957924563, ref_stop_time: 253160958030823, actual_exe_time: 106260, task_app_start_time:253160102210455, task_sched_time:253160957911423
app_id: 0, app_name: SAR_api-aarch64, task_id: 328, task_name: DASH_FFT, resource_name: fft2, ref_start_time: 253160958349993, ref_stop_time: 253160958427753, actual_exe_time: 77760, task_app_start_time:253160102210455, task_sched_time:253160958344023
app_id: 0, app_name: SAR_api-aarch64, task_id: 329, task_name: DASH_ZIP, resource_name: zip1, ref_start_time: 253160958876103, ref_stop_time: 253160958992473, actual_exe_time: 116370, task_app_start_time:253160102210455, task_sched_time:253160958872353
app_id: 0, app_name: SAR_api-aarch64, task_id: 330, task_name: DASH_FFT, resource_name: cpu1, ref_start_time: 253160959383553, ref_stop_time: 253160959473163, actual_exe_time: 89610, task_app_start_time:253160102210455, task_sched_time:253160959373983
app_id: 0, app_name: SAR_api-aarch64, task_id: 331, task_name: DASH_FFT, resource_name: cpu2, ref_start_time: 253160959799803, ref_stop_time: 253160959889773, actual_exe_time: 89970, task_app_start_time:253160102210455, task_sched_time:253160959796113
app_id: 0, app_name: SAR_api-aarch64, task_id: 332, task_name: DASH_ZIP, resource_name: cpu3, ref_start_time: 253160960350213, ref_stop_time: 253160960424013, actual_exe_time: 73800, task_app_start_time:253160102210455, task_sched_time:253160960298403
app_id: 0, app_name: SAR_api-aarch64, task_id: 333, task_name: DASH_FFT, resource_name: fft1, ref_start_time: 253160960656393, ref_stop_time: 253160960762053, actual_exe_time: 105660, task_app_start_time:253160102210455, task_sched_time:253160960648623
app_id: 0, app_name: SAR_api-aarch64, task_id: 334, task_name: DASH_FFT, resource_name: fft2, ref_start_time: 253160961164773, ref_stop_time: 253160961233173, actual_exe_time: 68400, task_app_start_time:253160102210455, task_sched_time:253160961157903
app_id: 0, app_name: SAR_api-aarch64, task_id: 335, task_name: DASH_ZIP, resource_name: zip1, ref_start_time: 253160961418904, ref_stop_time: 253160961535184, actual_exe_time: 116280, task_app_start_time:253160102210455, task_sched_time:253160961416144
app_id: 0, app_name: SAR_api-aarch64, task_id: 336, task_name: DASH_FFT, resource_name: cpu1, ref_start_time: 253160962111394, ref_stop_time: 253160962201814, actual_exe_time: 90420, task_app_start_time:253160102210455, task_sched_time:253160962106174
app_id: 0, app_name: SAR_api-aarch64, task_id: 337, task_name: DASH_FFT, resource_name: cpu2, ref_start_time: 253160962524014, ref_stop_time: 253160962623524, actual_exe_time: 99510, task_app_start_time:253160102210455, task_sched_time:253160962516544
app_id: 0, app_name: SAR_api-aarch64, task_id: 338, task_name: DASH_ZIP, resource_name: cpu3, ref_start_time: 253160963066384, ref_stop_time: 253160963140214, actual_exe_time: 73830, task_app_start_time:253160102210455, task_sched_time:253160963016014
app_id: 0, app_name: SAR_api-aarch64, task_id: 339, task_name: DASH_FFT, resource_name: fft1, ref_start_time: 253160963460824, ref_stop_time: 253160963569124, actual_exe_time: 108300, task_app_start_time:253160102210455, task_sched_time:253160963455544
app_id: 0, app_name: SAR_api-aarch64, task_id: 340, task_name: DASH_FFT, resource_name: fft2, ref_start_time: 253160963929724, ref_stop_time: 253160963998214, actual_exe_time: 68490, task_app_start_time:253160102210455, task_sched_time:253160963921534
app_id: 0, app_name: SAR_api-aarch64, task_id: 341, task_name: DASH_ZIP, resource_name: zip1, ref_start_time: 253160964420464, ref_stop_time: 253160964537074, actual_exe_time: 116610, task_app_start_time:253160102210455, task_sched_time:253160964398804
app_id: 0, app_name: SAR_api-aarch64, task_id: 342, task_name: DASH_FFT, resource_name: cpu1, ref_start_time: 253160964936854, ref_stop_time: 253160965026194, actual_exe_time: 89340, task_app_start_time:253160102210455, task_sched_time:253160964924824
app_id: 0, app_name: SAR_api-aarch64, task_id: 343, task_name: DASH_FFT, resource_name: cpu2, ref_start_time: 253160965246364, ref_stop_time: 253160965338344, actual_exe_time: 91980, task_app_start_time:253160102210455, task_sched_time:253160965233644
app_id: 0, app_name: SAR_api-aarch64, task_id: 344, task_name: DASH_ZIP, resource_name: cpu3, ref_start_time: 253160965743194, ref_stop_time: 253160965817084, actual_exe_time: 73890, task_app_start_time:253160102210455, task_sched_time:253160965713014
app_id: 0, app_name: SAR_api-aarch64, task_id: 345, task_name: DASH_FFT, resource_name: fft1, ref_start_time: 253160966233814, ref_stop_time: 253160966339684, actual_exe_time: 105870, task_app_start_time:253160102210455, task_sched_time:253160966222024
app_id: 0, app_name: SAR_api-aarch64, task_id: 346, task_name: DASH_FFT, resource_name: fft2, ref_start_time: 253160966484014, ref_stop_time: 253160966564294, actual_exe_time: 80280, task_app_start_time:253160102210455, task_sched_time:253160966477624
app_id: 0, app_name: SAR_api-aarch64, task_id: 347, task_name: DASH_ZIP, resource_name: zip1, ref_start_time: 253160967136274, ref_stop_time: 253160967258824, actual_exe_time: 122550, task_app_start_time:253160102210455, task_sched_time:253160967095684
app_id: 0, app_name: SAR_api-aarch64, task_id: 348, task_name: DASH_FFT, resource_name: cpu1, ref_start_time: 253160967604814, ref_stop_time: 253160967694155, actual_exe_time: 89341, task_app_start_time:253160102210455, task_sched_time:253160967596444
app_id: 0, app_name: SAR_api-aarch64, task_id: 349, task_name: DASH_FFT, resource_name: cpu2, ref_start_time: 253160968017945, ref_stop_time: 253160968108005, actual_exe_time: 90060, task_app_start_time:253160102210455, task_sched_time:253160968009725
app_id: 0, app_name: SAR_api-aarch64, task_id: 350, task_name: DASH_ZIP, resource_name: cpu3, ref_start_time: 253160968497855, ref_stop_time: 253160968571355, actual_exe_time: 73500, task_app_start_time:253160102210455, task_sched_time:253160968494945
app_id: 0, app_name: SAR_api-aarch64, task_id: 351, task_name: DASH_FFT, resource_name: fft1, ref_start_time: 253160968898145, ref_stop_time: 253160969005575, actual_exe_time: 107430, task_app_start_time:253160102210455, task_sched_time:253160968893165
app_id: 0, app_name: SAR_api-aarch64, task_id: 352, task_name: DASH_FFT, resource_name: fft2, ref_start_time: 253160969361945, ref_stop_time: 253160969432385, actual_exe_time: 70440, task_app_start_time:253160102210455, task_sched_time:253160969357835
app_id: 0, app_name: SAR_api-aarch64, task_id: 353, task_name: DASH_ZIP, resource_name: zip1, ref_start_time: 253160969866005, ref_stop_time: 253160969987475, actual_exe_time: 121470, task_app_start_time:253160102210455, task_sched_time:253160969824425
app_id: 0, app_name: SAR_api-aarch64, task_id: 354, task_name: DASH_FFT, resource_name: cpu1, ref_start_time: 253160970254775, ref_stop_time: 253160970352995, actual_exe_time: 98220, task_app_start_time:253160102210455, task_sched_time:253160970245445
app_id: 0, app_name: SAR_api-aarch64, task_id: 355, task_name: DASH_FFT, resource_name: cpu2, ref_start_time: 253160970861735, ref_stop_time: 253160970952035, actual_exe_time: 90300, task_app_start_time:253160102210455, task_sched_time:253160970855315
app_id: 0, app_name: SAR_api-aarch64, task_id: 356, task_name: DASH_ZIP, resource_name: cpu3, ref_start_time: 253160971378275, ref_stop_time: 253160971452015, actual_exe_time: 73740, task_app_start_time:253160102210455, task_sched_time:253160971347075
app_id: 0, app_name: SAR_api-aarch64, task_id: 357, task_name: DASH_FFT, resource_name: fft1, ref_start_time: 253160971788975, ref_stop_time: 253160971893465, actual_exe_time: 104490, task_app_start_time:253160102210455, task_sched_time:253160971779405
app_id: 0, app_name: SAR_api-aarch64, task_id: 358, task_name: DASH_FFT, resource_name: fft2, ref_start_time: 253160972039355, ref_stop_time: 253160972108805, actual_exe_time: 69450, task_app_start_time:253160102210455, task_sched_time:253160972031075
app_id: 0, app_name: SAR_api-aarch64, task_id: 359, task_name: DASH_ZIP, resource_name: zip1, ref_start_time: 253160972671245, ref_stop_time: 253160972793525, actual_exe_time: 122280, task_app_start_time:253160102210455, task_sched_time:253160972628705
app_id: 0, app_name: SAR_api-aarch64, task_id: 360, task_name: DASH_FFT, resource_name: cpu1, ref_start_time: 253160973187035, ref_stop_time: 253160973276105, actual_exe_time: 89070, task_app_start_time:253160102210455, task_sched_time:253160973177135
app_id: 0, app_name: SAR_api-aarch64, task_id: 361, task_name: DASH_FFT, resource_name: cpu2, ref_start_time: 253160973609675, ref_stop_time: 253160973702105, actual_exe_time: 92430, task_app_start_time:253160102210455, task_sched_time:253160973602175
app_id: 0, app_name: SAR_api-aarch64, task_id: 362, task_name: DASH_ZIP, resource_name: cpu3, ref_start_time: 253160974142686, ref_stop_time: 253160974216576, actual_exe_time: 73890, task_app_start_time:253160102210455, task_sched_time:253160974095316
app_id: 0, app_name: SAR_api-aarch64, task_id: 363, task_name: DASH_FFT, resource_name: fft1, ref_start_time: 253160974631296, ref_stop_time: 253160974735666, actual_exe_time: 104370, task_app_start_time:253160102210455, task_sched_time:253160974626646
app_id: 0, app_name: SAR_api-aarch64, task_id: 364, task_name: DASH_FFT, resource_name: fft2, ref_start_time: 253160974906516, ref_stop_time: 253160974976686, actual_exe_time: 70170, task_app_start_time:253160102210455, task_sched_time:253160974903456
app_id: 0, app_name: SAR_api-aarch64, task_id: 365, task_name: DASH_ZIP, resource_name: zip1, ref_start_time: 253160975526106, ref_stop_time: 253160975642626, actual_exe_time: 116520, task_app_start_time:253160102210455, task_sched_time:253160975515246
app_id: 0, app_name: SAR_api-aarch64, task_id: 366, task_name: DASH_FFT, resource_name: cpu1, ref_start_time: 253160976073336, ref_stop_time: 253160976162166, actual_exe_time: 88830, task_app_start_time:253160102210455, task_sched_time:253160976068116
app_id: 0, app_name: SAR_api-aarch64, task_id: 367, task_name: DASH_FFT, resource_name: cpu2, ref_start_time: 253160976520816, ref_stop_time: 253160976610636, actual_exe_time: 89820, task_app_start_time:253160102210455, task_sched_time:253160976513166
app_id: 0, app_name: SAR_api-aarch64, task_id: 368, task_name: DASH_ZIP, resource_name: cpu3, ref_start_time: 253160977018036, ref_stop_time: 253160977091626, actual_exe_time: 73590, task_app_start_time:253160102210455, task_sched_time:253160977015246
app_id: 0, app_name: SAR_api-aarch64, task_id: 369, task_name: DASH_FFT, resource_name: fft1, ref_start_time: 253160977432996, ref_stop_time: 253160977537126, actual_exe_time: 104130, task_app_start_time:253160102210455, task_sched_time:253160977422646
app_id: 0, app_name: SAR_api-aarch64, task_id: 370, task_name: DASH_FFT, resource_name: fft2, ref_start_time: 253160977860016, ref_stop_time: 253160977934836, actual_exe_time: 74820, task_app_start_time:253160102210455, task_sched_time:253160977852546
app_id: 0, app_name: SAR_api-aarch64, task_id: 371, task_name: DASH_ZIP, resource_name: zip1, ref_start_time: 253160978363236, ref_stop_time: 253160978485276, actual_exe_time: 122040, task_app_start_time:253160102210455, task_sched_time:253160978325946
app_id: 0, app_name: SAR_api-aarch64, task_id: 372, task_name: DASH_FFT, resource_name: cpu1, ref_start_time: 253160978720386, ref_stop_time: 253160978809516, actual_exe_time: 89130, task_app_start_time:253160102210455, task_sched_time:253160978717296
app_id: 0, app_name: SAR_api-aarch64, task_id: 373, task_name: DASH_FFT, resource_name: cpu2, ref_start_time: 253160979320086, ref_stop_time: 253160979409426, actual_exe_time: 89340, task_app_start_time:253160102210455, task_sched_time:253160979313936
app_id: 0, app_name: SAR_api-aarch64, task_id: 374, task_name: DASH_ZIP, resource_name: cpu3, ref_start_time: 253160979833266, ref_stop_time: 253160979907036, actual_exe_time: 73770, task_app_start_time:253160102210455, task_sched_time:253160979825496
app_id: 0, app_name: SAR_api-aarch64, task_id: 375, task_name: DASH_FFT, resource_name: fft1, ref_start_time: 253160980231577, ref_stop_time: 253160980337447, actual_exe_time: 105870, task_app_start_time:253160102210455, task_sched_time:253160980228367
app_id: 0, app_name: SAR_api-aarch64, task_id: 376, task_name: DASH_FFT, resource_name: fft2, ref_start_time: 253160980664057, ref_stop_time: 253160980736417, actual_exe_time: 72360, task_app_start_time:253160102210455, task_sched_time:253160980655957
app_id: 0, app_name: SAR_api-aarch64, task_id: 377, task_name: DASH_ZIP, resource_name: zip1, ref_start_time: 253160981145077, ref_stop_time: 253160981261417, actual_exe_time: 116340, task_app_start_time:253160102210455, task_sched_time:253160981141927
app_id: 0, app_name: SAR_api-aarch64, task_id: 378, task_name: DASH_FFT, resource_name: cpu1, ref_start_time: 253160981627147, ref_stop_time: 253160981718107, actual_exe_time: 90960, task_app_start_time:253160102210455, task_sched_time:253160981620457
app_id: 0, app_name: SAR_api-aarch64, task_id: 379, task_name: DASH_FFT, resource_name: cpu2, ref_start_time: 253160982042947, ref_stop_time: 253160982133427, actual_exe_time: 90480, task_app_start_time:253160102210455, task_sched_time:253160982037217
app_id: 0, app_name: SAR_api-aarch64, task_id: 380, task_name: DASH_ZIP, resource_name: cpu3, ref_start_time: 253160982692537, ref_stop_time: 253160982766037, actual_exe_time: 73500, task_app_start_time:253160102210455, task_sched_time:253160982523817
app_id: 0, app_name: SAR_api-aarch64, task_id: 381, task_name: DASH_FFT, resource_name: fft1, ref_start_time: 253160982959687, ref_stop_time: 253160983064267, actual_exe_time: 104580, task_app_start_time:253160102210455, task_sched_time:253160982904457
app_id: 0, app_name: SAR_api-aarch64, task_id: 382, task_name: DASH_FFT, resource_name: fft2, ref_start_time: 253160983604717, ref_stop_time: 253160983674737, actual_exe_time: 70020, task_app_start_time:253160102210455, task_sched_time:253160983525637
app_id: 0, app_name: SAR_api-aarch64, task_id: 383, task_name: DASH_ZIP, resource_name: zip1, ref_start_time: 253160984154017, ref_stop_time: 253160984271527, actual_exe_time: 117510, task_app_start_time:253160102210455, task_sched_time:253160984067647
app_id: 0, app_name: SAR_api-aarch64, task_id: 384, task_name: DASH_FFT, resource_name: cpu1, ref_start_time: 253160984648537, ref_stop_time: 253160984738447, actual_exe_time: 89910, task_app_start_time:253160102210455, task_sched_time:253160984639297
app_id: 0, app_name: SAR_api-aarch64, task_id: 385, task_name: DASH_FFT, resource_name: cpu2, ref_start_time: 253160985072077, ref_stop_time: 253160985162557, actual_exe_time: 90480, task_app_start_time:253160102210455, task_sched_time:253160985063497
app_id: 0, app_name: SAR_api-aarch64, task_id: 386, task_name: DASH_ZIP, resource_name: cpu3, ref_start_time: 253160985585587, ref_stop_time: 253160985659717, actual_exe_time: 74130, task_app_start_time:253160102210455, task_sched_time:253160985553457
app_id: 0, app_name: SAR_api-aarch64, task_id: 387, task_name: DASH_FFT, resource_name: fft1, ref_start_time: 253160985985697, ref_stop_time: 253160986089527, actual_exe_time: 103830, task_app_start_time:253160102210455, task_sched_time:253160985974327
app_id: 0, app_name: SAR_api-aarch64, task_id: 388, task_name: DASH_FFT, resource_name: fft2, ref_start_time: 253160986452708, ref_stop_time: 253160986521408, actual_exe_time: 68700, task_app_start_time:253160102210455, task_sched_time:253160986443138
app_id: 0, app_name: SAR_api-aarch64, task_id: 389, task_name: DASH_ZIP, resource_name: zip1, ref_start_time: 253160986769658, ref_stop_time: 253160986885968, actual_exe_time: 116310, task_app_start_time:253160102210455, task_sched_time:253160986758888
app_id: 0, app_name: SAR_api-aarch64, task_id: 390, task_name: DASH_FFT, resource_name: cpu1, ref_start_time: 253160987441988, ref_stop_time: 253160987531298, actual_exe_time: 89310, task_app_start_time:253160102210455, task_sched_time:253160987439078
app_id: 0, app_name: SAR_api-aarch64, task_id: 391, task_name: DASH_FFT, resource_name: cpu2, ref_start_time: 253160987873988, ref_stop_time: 253160987965428, actual_exe_time: 91440, task_app_start_time:253160102210455, task_sched_time:253160987870178
app_id: 0, app_name: SAR_api-aarch64, task_id: 392, task_name: DASH_ZIP, resource_name: cpu3, ref_start_time: 253160988382188, ref_stop_time: 253160988455808, actual_exe_time: 73620, task_app_start_time:253160102210455, task_sched_time:253160988368088
app_id: 0, app_name: SAR_api-aarch64, task_id: 393, task_name: DASH_FFT, resource_name: fft1, ref_start_time: 253160988779028, ref_stop_time: 253160988884448, actual_exe_time: 105420, task_app_start_time:253160102210455, task_sched_time:253160988767178
app_id: 0, app_name: SAR_api-aarch64, task_id: 394, task_name: DASH_FFT, resource_name: fft2, ref_start_time: 253160989238388, ref_stop_time: 253160989309158, actual_exe_time: 70770, task_app_start_time:253160102210455, task_sched_time:253160989233768
app_id: 0, app_name: SAR_api-aarch64, task_id: 395, task_name: DASH_ZIP, resource_name: zip1, ref_start_time: 253160989710138, ref_stop_time: 253160989826478, actual_exe_time: 116340, task_app_start_time:253160102210455, task_sched_time:253160989701888
app_id: 0, app_name: SAR_api-aarch64, task_id: 396, task_name: DASH_FFT, resource_name: cpu1, ref_start_time: 253160990246778, ref_stop_time: 253160990346168, actual_exe_time: 99390, task_app_start_time:253160102210455, task_sched_time:253160990234958
app_id: 0, app_name: SAR_api-aarch64, task_id: 397, task_name: DASH_FFT, resource_name: cpu2, ref_start_time: 253160990676618, ref_stop_time: 253160990765868, actual_exe_time: 89250, task_app_start_time:253160102210455, task_sched_time:253160990668908
app_id: 0, app_name: SAR_api-aarch64, task_id: 398, task_name: DASH_ZIP, resource_name: cpu3, ref_start_time: 253160990957748, ref_stop_time: 253160991031458, actual_exe_time: 73710, task_app_start_time:253160102210455, task_sched_time:253160990949168
app_id: 0, app_name: SAR_api-aarch64, task_id: 399, task_name: DASH_FFT, resource_name: fft1, ref_start_time: 253160991562068, ref_stop_time: 253160991667308, actual_exe_time: 105240, task_app_start_time:253160102210455, task_sched_time:253160991558528
app_id: 0, app_name: SAR_api-aarch64, task_id: 400, task_name: DASH_FFT, resource_name: fft2, ref_start_time: 253160991990408, ref_stop_time: 253160992060788, actual_exe_time: 70380, task_app_start_time:253160102210455, task_sched_time:253160991986808
app_id: 0, app_name: SAR_api-aarch64, task_id: 401, task_name: DASH_ZIP, resource_name: zip1, ref_start_time: 253160992499389, ref_stop_time: 253160992616089, actual_exe_time: 116700, task_app_start_time:253160102210455, task_sched_time:253160992448058
app_id: 0, app_name: SAR_api-aarch64, task_id: 402, task_name: DASH_FFT, resource_name: cpu1, ref_start_time: 253160992999819, ref_stop_time: 253160993088349, actual_exe_time: 88530, task_app_start_time:253160102210455, task_sched_time:253160992991299
app_id: 0, app_name: SAR_api-aarch64, task_id: 403, task_name: DASH_FFT, resource_name: cpu2, ref_start_time: 253160993413069, ref_stop_time: 253160993502319, actual_exe_time: 89250, task_app_start_time:253160102210455, task_sched_time:253160993407249
app_id: 0, app_name: SAR_api-aarch64, task_id: 404, task_name: DASH_ZIP, resource_name: cpu3, ref_start_time: 253160993967079, ref_stop_time: 253160994041089, actual_exe_time: 74010, task_app_start_time:253160102210455, task_sched_time:253160993899459
app_id: 0, app_name: SAR_api-aarch64, task_id: 405, task_name: DASH_FFT, resource_name: fft1, ref_start_time: 253160994359299, ref_stop_time: 253160994462649, actual_exe_time: 103350, task_app_start_time:253160102210455, task_sched_time:253160994353689
app_id: 0, app_name: SAR_api-aarch64, task_id: 406, task_name: DASH_FFT, resource_name: fft2, ref_start_time: 253160994698599, ref_stop_time: 253160994769189, actual_exe_time: 70590, task_app_start_time:253160102210455, task_sched_time:253160994692239
app_id: 0, app_name: SAR_api-aarch64, task_id: 407, task_name: DASH_ZIP, resource_name: zip1, ref_start_time: 253160995245139, ref_stop_time: 253160995361689, actual_exe_time: 116550, task_app_start_time:253160102210455, task_sched_time:253160995240309
app_id: 0, app_name: SAR_api-aarch64, task_id: 408, task_name: DASH_FFT, resource_name: cpu1, ref_start_time: 253160995707259, ref_stop_time: 253160995796629, actual_exe_time: 89370, task_app_start_time:253160102210455, task_sched_time:253160995699069
app_id: 0, app_name: SAR_api-aarch64, task_id: 409, task_name: DASH_FFT, resource_name: cpu2, ref_start_time: 253160996201179, ref_stop_time: 253160996292469, actual_exe_time: 91290, task_app_start_time:253160102210455, task_sched_time:253160996197969
app_id: 0, app_name: SAR_api-aarch64, task_id: 410, task_name: DASH_ZIP, resource_name: cpu3, ref_start_time: 253160996500759, ref_stop_time: 253160996574409, actual_exe_time: 73650, task_app_start_time:253160102210455, task_sched_time:253160996456869
app_id: 0, app_name: SAR_api-aarch64, task_id: 411, task_name: DASH_FFT, resource_name: fft1, ref_start_time: 253160997092569, ref_stop_time: 253160997197809, actual_exe_time: 105240, task_app_start_time:253160102210455, task_sched_time:253160997087439
app_id: 0, app_name: SAR_api-aarch64, task_id: 412, task_name: DASH_FFT, resource_name: fft2, ref_start_time: 253160997523159, ref_stop_time: 253160997593719, actual_exe_time: 70560, task_app_start_time:253160102210455, task_sched_time:253160997518779
app_id: 0, app_name: SAR_api-aarch64, task_id: 413, task_name: DASH_ZIP, resource_name: zip1, ref_start_time: 253160997990379, ref_stop_time: 253160998106809, actual_exe_time: 116430, task_app_start_time:253160102210455, task_sched_time:253160997984679
app_id: 0, app_name: SAR_api-aarch64, task_id: 414, task_name: DASH_FFT, resource_name: cpu1, ref_start_time: 253160998507789, ref_stop_time: 253160998606609, actual_exe_time: 98820, task_app_start_time:253160102210455, task_sched_time:253160998494079
app_id: 0, app_name: SAR_api-aarch64, task_id: 415, task_name: DASH_FFT, resource_name: cpu2, ref_start_time: 253160998933640, ref_stop_time: 253160999022950, actual_exe_time: 89310, task_app_start_time:253160102210455, task_sched_time:253160998926290
app_id: 0, app_name: SAR_api-aarch64, task_id: 416, task_name: DASH_ZIP, resource_name: cpu3, ref_start_time: 253160999258600, ref_stop_time: 253160999332220, actual_exe_time: 73620, task_app_start_time:253160102210455, task_sched_time:253160999254640
app_id: 0, app_name: SAR_api-aarch64, task_id: 417, task_name: DASH_FFT, resource_name: fft1, ref_start_time: 253160999848010, ref_stop_time: 253160999954390, actual_exe_time: 106380, task_app_start_time:253160102210455, task_sched_time:253160999835200
app_id: 0, app_name: SAR_api-aarch64, task_id: 418, task_name: DASH_FFT, resource_name: fft2, ref_start_time: 253161000183470, ref_stop_time: 253161000252320, actual_exe_time: 68850, task_app_start_time:253160102210455, task_sched_time:253161000180110
app_id: 0, app_name: SAR_api-aarch64, task_id: 419, task_name: DASH_ZIP, resource_name: zip1, ref_start_time: 253161000774710, ref_stop_time: 253161000891200, actual_exe_time: 116490, task_app_start_time:253160102210455, task_sched_time:253161000762710
app_id: 0, app_name: SAR_api-aarch64, task_id: 420, task_name: DASH_FFT, resource_name: cpu1, ref_start_time: 253161001111880, ref_stop_time: 253161001200980, actual_exe_time: 89100, task_app_start_time:253160102210455, task_sched_time:253161001104740
app_id: 0, app_name: SAR_api-aarch64, task_id: 421, task_name: DASH_FFT, resource_name: cpu2, ref_start_time: 253161001706750, ref_stop_time: 253161001796330, actual_exe_time: 89580, task_app_start_time:253160102210455, task_sched_time:253161001700030
app_id: 0, app_name: SAR_api-aarch64, task_id: 422, task_name: DASH_ZIP, resource_name: cpu3, ref_start_time: 253161002200490, ref_stop_time: 253161002273960, actual_exe_time: 73470, task_app_start_time:253160102210455, task_sched_time:253161002195540
app_id: 0, app_name: SAR_api-aarch64, task_id: 423, task_name: DASH_FFT, resource_name: fft1, ref_start_time: 253161002613380, ref_stop_time: 253161002717120, actual_exe_time: 103740, task_app_start_time:253160102210455, task_sched_time:253161002603330
app_id: 0, app_name: SAR_api-aarch64, task_id: 424, task_name: DASH_FFT, resource_name: fft2, ref_start_time: 253161003084770, ref_stop_time: 253161003154910, actual_exe_time: 70140, task_app_start_time:253160102210455, task_sched_time:253161003077570
app_id: 0, app_name: SAR_api-aarch64, task_id: 425, task_name: DASH_ZIP, resource_name: zip1, ref_start_time: 253161003567050, ref_stop_time: 253161003684110, actual_exe_time: 117060, task_app_start_time:253160102210455, task_sched_time:253161003557630
app_id: 0, app_name: SAR_api-aarch64, task_id: 426, task_name: DASH_FFT, resource_name: cpu1, ref_start_time: 253161004095290, ref_stop_time: 253161004184270, actual_exe_time: 88980, task_app_start_time:253160102210455, task_sched_time:253161004091180
app_id: 0, app_name: SAR_api-aarch64, task_id: 427, task_name: DASH_FFT, resource_name: cpu2, ref_start_time: 253161004534550, ref_stop_time: 253161004624760, actual_exe_time: 90210, task_app_start_time:253160102210455, task_sched_time:253161004525970
app_id: 0, app_name: SAR_api-aarch64, task_id: 428, task_name: DASH_ZIP, resource_name: cpu3, ref_start_time: 253161004973871, ref_stop_time: 253161005052621, actual_exe_time: 78750, task_app_start_time:253160102210455, task_sched_time:253161004936371
app_id: 0, app_name: SAR_api-aarch64, task_id: 429, task_name: DASH_FFT, resource_name: fft1, ref_start_time: 253161005465331, ref_stop_time: 253161005569011, actual_exe_time: 103680, task_app_start_time:253160102210455, task_sched_time:253161005456601
app_id: 0, app_name: SAR_api-aarch64, task_id: 430, task_name: DASH_FFT, resource_name: fft2, ref_start_time: 253161006811311, ref_stop_time: 253161006884421, actual_exe_time: 73110, task_app_start_time:253160102210455, task_sched_time:253161006806361
app_id: 0, app_name: SAR_api-aarch64, task_id: 431, task_name: DASH_ZIP, resource_name: zip1, ref_start_time: 253161007446831, ref_stop_time: 253161007563651, actual_exe_time: 116820, task_app_start_time:253160102210455, task_sched_time:253161007388271
app_id: 0, app_name: SAR_api-aarch64, task_id: 432, task_name: DASH_FFT, resource_name: cpu1, ref_start_time: 253161007857201, ref_stop_time: 253161007948161, actual_exe_time: 90960, task_app_start_time:253160102210455, task_sched_time:253161007845051
app_id: 0, app_name: SAR_api-aarch64, task_id: 433, task_name: DASH_FFT, resource_name: cpu2, ref_start_time: 253161008351361, ref_stop_time: 253161008441781, actual_exe_time: 90420, task_app_start_time:253160102210455, task_sched_time:253161008344071
app_id: 0, app_name: SAR_api-aarch64, task_id: 434, task_name: DASH_ZIP, resource_name: cpu3, ref_start_time: 253161008656311, ref_stop_time: 253161008730111, actual_exe_time: 73800, task_app_start_time:253160102210455, task_sched_time:253161008627241
app_id: 0, app_name: SAR_api-aarch64, task_id: 435, task_name: DASH_FFT, resource_name: fft1, ref_start_time: 253161009251511, ref_stop_time: 253161009356901, actual_exe_time: 105390, task_app_start_time:253160102210455, task_sched_time:253161009245091
app_id: 0, app_name: SAR_api-aarch64, task_id: 436, task_name: DASH_FFT, resource_name: fft2, ref_start_time: 253161009675561, ref_stop_time: 253161009745401, actual_exe_time: 69840, task_app_start_time:253160102210455, task_sched_time:253161009672621
app_id: 0, app_name: SAR_api-aarch64, task_id: 437, task_name: DASH_ZIP, resource_name: zip1, ref_start_time: 253161010149321, ref_stop_time: 253161010266051, actual_exe_time: 116730, task_app_start_time:253160102210455, task_sched_time:253161010136391
app_id: 0, app_name: SAR_api-aarch64, task_id: 438, task_name: DASH_FFT, resource_name: cpu1, ref_start_time: 253161010672881, ref_stop_time: 253161010762761, actual_exe_time: 89880, task_app_start_time:253160102210455, task_sched_time:253161010661421
app_id: 0, app_name: SAR_api-aarch64, task_id: 439, task_name: DASH_FFT, resource_name: cpu2, ref_start_time: 253161011103681, ref_stop_time: 253161011193592, actual_exe_time: 89911, task_app_start_time:253160102210455, task_sched_time:253161011098851
app_id: 0, app_name: SAR_api-aarch64, task_id: 440, task_name: DASH_ZIP, resource_name: cpu3, ref_start_time: 253161011675062, ref_stop_time: 253161011753272, actual_exe_time: 78210, task_app_start_time:253160102210455, task_sched_time:253161011622322
app_id: 0, app_name: SAR_api-aarch64, task_id: 441, task_name: DASH_FFT, resource_name: fft1, ref_start_time: 253161012111862, ref_stop_time: 253161012227272, actual_exe_time: 115410, task_app_start_time:253160102210455, task_sched_time:253161012100432
app_id: 0, app_name: SAR_api-aarch64, task_id: 442, task_name: DASH_FFT, resource_name: fft2, ref_start_time: 253161012432022, ref_stop_time: 253161012501502, actual_exe_time: 69480, task_app_start_time:253160102210455, task_sched_time:253161012424882
app_id: 0, app_name: SAR_api-aarch64, task_id: 443, task_name: DASH_ZIP, resource_name: zip1, ref_start_time: 253161013064572, ref_stop_time: 253161013181182, actual_exe_time: 116610, task_app_start_time:253160102210455, task_sched_time:253161013001152
app_id: 0, app_name: SAR_api-aarch64, task_id: 444, task_name: DASH_FFT, resource_name: cpu1, ref_start_time: 253161013416112, ref_stop_time: 253161013506532, actual_exe_time: 90420, task_app_start_time:253160102210455, task_sched_time:253161013406092
app_id: 0, app_name: SAR_api-aarch64, task_id: 445, task_name: DASH_FFT, resource_name: cpu2, ref_start_time: 253161013999492, ref_stop_time: 253161014090902, actual_exe_time: 91410, task_app_start_time:253160102210455, task_sched_time:253161013995622
app_id: 0, app_name: SAR_api-aarch64, task_id: 446, task_name: DASH_ZIP, resource_name: cpu3, ref_start_time: 253161014485042, ref_stop_time: 253161014570032, actual_exe_time: 84990, task_app_start_time:253160102210455, task_sched_time:253161014482282
app_id: 0, app_name: SAR_api-aarch64, task_id: 447, task_name: DASH_FFT, resource_name: fft1, ref_start_time: 253161014904472, ref_stop_time: 253161015010072, actual_exe_time: 105600, task_app_start_time:253160102210455, task_sched_time:253161014900272
app_id: 0, app_name: SAR_api-aarch64, task_id: 448, task_name: DASH_FFT, resource_name: fft2, ref_start_time: 253161015369382, ref_stop_time: 253161015437662, actual_exe_time: 68280, task_app_start_time:253160102210455, task_sched_time:253161015363232
app_id: 0, app_name: SAR_api-aarch64, task_id: 449, task_name: DASH_ZIP, resource_name: zip1, ref_start_time: 253161015916762, ref_stop_time: 253161016033672, actual_exe_time: 116910, task_app_start_time:253160102210455, task_sched_time:253161015860572
app_id: 0, app_name: SAR_api-aarch64, task_id: 450, task_name: DASH_FFT, resource_name: cpu1, ref_start_time: 253161016451962, ref_stop_time: 253161016541272, actual_exe_time: 89310, task_app_start_time:253160102210455, task_sched_time:253161016449322
app_id: 0, app_name: SAR_api-aarch64, task_id: 451, task_name: DASH_FFT, resource_name: cpu2, ref_start_time: 253161016784002, ref_stop_time: 253161016874752, actual_exe_time: 90750, task_app_start_time:253160102210455, task_sched_time:253161016777012
app_id: 0, app_name: SAR_api-aarch64, task_id: 452, task_name: DASH_ZIP, resource_name: cpu3, ref_start_time: 253161017346923, ref_stop_time: 253161017420603, actual_exe_time: 73680, task_app_start_time:253160102210455, task_sched_time:253161017342723
app_id: 0, app_name: SAR_api-aarch64, task_id: 453, task_name: DASH_FFT, resource_name: fft1, ref_start_time: 253161017600903, ref_stop_time: 253161017705663, actual_exe_time: 104760, task_app_start_time:253160102210455, task_sched_time:253161017588663
app_id: 0, app_name: SAR_api-aarch64, task_id: 454, task_name: DASH_FFT, resource_name: fft2, ref_start_time: 253161018168833, ref_stop_time: 253161018238553, actual_exe_time: 69720, task_app_start_time:253160102210455, task_sched_time:253161018165863
app_id: 0, app_name: SAR_api-aarch64, task_id: 455, task_name: DASH_ZIP, resource_name: zip1, ref_start_time: 253161018660773, ref_stop_time: 253161018777263, actual_exe_time: 116490, task_app_start_time:253160102210455, task_sched_time:253161018651593
app_id: 0, app_name: SAR_api-aarch64, task_id: 456, task_name: DASH_FFT, resource_name: cpu1, ref_start_time: 253161019170563, ref_stop_time: 253161019260323, actual_exe_time: 89760, task_app_start_time:253160102210455, task_sched_time:253161019160303
app_id: 0, app_name: SAR_api-aarch64, task_id: 457, task_name: DASH_FFT, resource_name: cpu2, ref_start_time: 253161019589063, ref_stop_time: 253161019680233, actual_exe_time: 91170, task_app_start_time:253160102210455, task_sched_time:253161019584173
app_id: 0, app_name: SAR_api-aarch64, task_id: 458, task_name: DASH_ZIP, resource_name: cpu3, ref_start_time: 253161020091323, ref_stop_time: 253161020164793, actual_exe_time: 73470, task_app_start_time:253160102210455, task_sched_time:253161020086283
app_id: 0, app_name: SAR_api-aarch64, task_id: 459, task_name: DASH_FFT, resource_name: fft1, ref_start_time: 253161020503133, ref_stop_time: 253161020607443, actual_exe_time: 104310, task_app_start_time:253160102210455, task_sched_time:253161020495933
app_id: 0, app_name: SAR_api-aarch64, task_id: 460, task_name: DASH_FFT, resource_name: fft2, ref_start_time: 253161020939903, ref_stop_time: 253161021008603, actual_exe_time: 68700, task_app_start_time:253160102210455, task_sched_time:253161020931233
app_id: 0, app_name: SAR_api-aarch64, task_id: 461, task_name: DASH_ZIP, resource_name: zip1, ref_start_time: 253161021195143, ref_stop_time: 253161021311483, actual_exe_time: 116340, task_app_start_time:253160102210455, task_sched_time:253161021192443
app_id: 0, app_name: SAR_api-aarch64, task_id: 462, task_name: DASH_FFT, resource_name: cpu1, ref_start_time: 253161021914933, ref_stop_time: 253161022004333, actual_exe_time: 89400, task_app_start_time:253160102210455, task_sched_time:253161021909473
app_id: 0, app_name: SAR_api-aarch64, task_id: 463, task_name: DASH_FFT, resource_name: cpu2, ref_start_time: 253161022681523, ref_stop_time: 253161022780223, actual_exe_time: 98700, task_app_start_time:253160102210455, task_sched_time:253161022674173
app_id: 0, app_name: SAR_api-aarch64, task_id: 464, task_name: DASH_ZIP, resource_name: cpu3, ref_start_time: 253161023205833, ref_stop_time: 253161023279243, actual_exe_time: 73410, task_app_start_time:253160102210455, task_sched_time:253161023201903
app_id: 0, app_name: SAR_api-aarch64, task_id: 465, task_name: DASH_FFT, resource_name: fft1, ref_start_time: 253161023634624, ref_stop_time: 253161023787024, actual_exe_time: 152400, task_app_start_time:253160102210455, task_sched_time:253161023623944
app_id: 0, app_name: SAR_api-aarch64, task_id: 466, task_name: DASH_FFT, resource_name: fft2, ref_start_time: 253161024112164, ref_stop_time: 253161024181134, actual_exe_time: 68970, task_app_start_time:253160102210455, task_sched_time:253161024107064
app_id: 0, app_name: SAR_api-aarch64, task_id: 467, task_name: DASH_ZIP, resource_name: zip1, ref_start_time: 253161024588834, ref_stop_time: 253161024705204, actual_exe_time: 116370, task_app_start_time:253160102210455, task_sched_time:253161024580134
app_id: 0, app_name: SAR_api-aarch64, task_id: 468, task_name: DASH_FFT, resource_name: cpu1, ref_start_time: 253161025114974, ref_stop_time: 253161025205154, actual_exe_time: 90180, task_app_start_time:253160102210455, task_sched_time:253161025105974
app_id: 0, app_name: SAR_api-aarch64, task_id: 469, task_name: DASH_FFT, resource_name: cpu2, ref_start_time: 253161025379844, ref_stop_time: 253161025469844, actual_exe_time: 90000, task_app_start_time:253160102210455, task_sched_time:253161025371834
app_id: 0, app_name: SAR_api-aarch64, task_id: 470, task_name: DASH_ZIP, resource_name: cpu3, ref_start_time: 253161026031354, ref_stop_time: 253161026105244, actual_exe_time: 73890, task_app_start_time:253160102210455, task_sched_time:253161026016624
app_id: 0, app_name: SAR_api-aarch64, task_id: 471, task_name: DASH_FFT, resource_name: fft1, ref_start_time: 253161026323044, ref_stop_time: 253161026427054, actual_exe_time: 104010, task_app_start_time:253160102210455, task_sched_time:253161026314134
app_id: 0, app_name: SAR_api-aarch64, task_id: 472, task_name: DASH_FFT, resource_name: fft2, ref_start_time: 253161026755974, ref_stop_time: 253161026825904, actual_exe_time: 69930, task_app_start_time:253160102210455, task_sched_time:253161026751924
app_id: 0, app_name: SAR_api-aarch64, task_id: 473, task_name: DASH_ZIP, resource_name: zip1, ref_start_time: 253161027229284, ref_stop_time: 253161027345804, actual_exe_time: 116520, task_app_start_time:253160102210455, task_sched_time:253161027220914
app_id: 0, app_name: SAR_api-aarch64, task_id: 474, task_name: DASH_FFT, resource_name: cpu1, ref_start_time: 253161027751764, ref_stop_time: 253161027841314, actual_exe_time: 89550, task_app_start_time:253160102210455, task_sched_time:253161027745374
app_id: 0, app_name: SAR_api-aarch64, task_id: 475, task_name: DASH_FFT, resource_name: cpu2, ref_start_time: 253161028201524, ref_stop_time: 253161028292424, actual_exe_time: 90900, task_app_start_time:253160102210455, task_sched_time:253161028195734
app_id: 0, app_name: SAR_api-aarch64, task_id: 476, task_name: DASH_ZIP, resource_name: cpu3, ref_start_time: 253161028666164, ref_stop_time: 253161028740024, actual_exe_time: 73860, task_app_start_time:253160102210455, task_sched_time:253161028606134
app_id: 0, app_name: SAR_api-aarch64, task_id: 477, task_name: DASH_FFT, resource_name: fft1, ref_start_time: 253161029148924, ref_stop_time: 253161029256054, actual_exe_time: 107130, task_app_start_time:253160102210455, task_sched_time:253161029145294
app_id: 0, app_name: SAR_api-aarch64, task_id: 478, task_name: DASH_FFT, resource_name: fft2, ref_start_time: 253161029514054, ref_stop_time: 253161029583324, actual_exe_time: 69270, task_app_start_time:253160102210455, task_sched_time:253161029504844
app_id: 0, app_name: SAR_api-aarch64, task_id: 479, task_name: DASH_ZIP, resource_name: zip1, ref_start_time: 253161030055735, ref_stop_time: 253161030172165, actual_exe_time: 116430, task_app_start_time:253160102210455, task_sched_time:253161030052585
app_id: 0, app_name: SAR_api-aarch64, task_id: 480, task_name: DASH_FFT, resource_name: cpu1, ref_start_time: 253161030513625, ref_stop_time: 253161030612685, actual_exe_time: 99060, task_app_start_time:253160102210455, task_sched_time:253161030507595
app_id: 0, app_name: SAR_api-aarch64, task_id: 481, task_name: DASH_FFT, resource_name: cpu2, ref_start_time: 253161030838345, ref_stop_time: 253161030928765, actual_exe_time: 90420, task_app_start_time:253160102210455, task_sched_time:253161030835315
app_id: 0, app_name: SAR_api-aarch64, task_id: 482, task_name: DASH_ZIP, resource_name: cpu3, ref_start_time: 253161031495195, ref_stop_time: 253161031568845, actual_exe_time: 73650, task_app_start_time:253160102210455, task_sched_time:253161031490035
app_id: 0, app_name: SAR_api-aarch64, task_id: 483, task_name: DASH_FFT, resource_name: fft1, ref_start_time: 253161031716805, ref_stop_time: 253161031823125, actual_exe_time: 106320, task_app_start_time:253160102210455, task_sched_time:253161031705555
app_id: 0, app_name: SAR_api-aarch64, task_id: 484, task_name: DASH_FFT, resource_name: fft2, ref_start_time: 253161032325055, ref_stop_time: 253161032394175, actual_exe_time: 69120, task_app_start_time:253160102210455, task_sched_time:253161032315995
app_id: 0, app_name: SAR_api-aarch64, task_id: 485, task_name: DASH_ZIP, resource_name: zip1, ref_start_time: 253161032786545, ref_stop_time: 253161032902975, actual_exe_time: 116430, task_app_start_time:253160102210455, task_sched_time:253161032782705
app_id: 0, app_name: SAR_api-aarch64, task_id: 486, task_name: DASH_FFT, resource_name: cpu1, ref_start_time: 253161033279355, ref_stop_time: 253161033377095, actual_exe_time: 97740, task_app_start_time:253160102210455, task_sched_time:253161033271195
app_id: 0, app_name: SAR_api-aarch64, task_id: 487, task_name: DASH_FFT, resource_name: cpu2, ref_start_time: 253161033698125, ref_stop_time: 253161033788035, actual_exe_time: 89910, task_app_start_time:253160102210455, task_sched_time:253161033693835
app_id: 0, app_name: SAR_api-aarch64, task_id: 488, task_name: DASH_ZIP, resource_name: cpu3, ref_start_time: 253161034220545, ref_stop_time: 253161034299385, actual_exe_time: 78840, task_app_start_time:253160102210455, task_sched_time:253161034178455
app_id: 0, app_name: SAR_api-aarch64, task_id: 489, task_name: DASH_FFT, resource_name: fft1, ref_start_time: 253161034663675, ref_stop_time: 253161034767715, actual_exe_time: 104040, task_app_start_time:253160102210455, task_sched_time:253161034651525
app_id: 0, app_name: SAR_api-aarch64, task_id: 490, task_name: DASH_FFT, resource_name: fft2, ref_start_time: 253161035025565, ref_stop_time: 253161035096245, actual_exe_time: 70680, task_app_start_time:253160102210455, task_sched_time:253161035022145
app_id: 0, app_name: SAR_api-aarch64, task_id: 491, task_name: DASH_ZIP, resource_name: zip1, ref_start_time: 253161037270466, ref_stop_time: 253161037390016, actual_exe_time: 119550, task_app_start_time:253160102210455, task_sched_time:253161037201196
app_id: 0, app_name: SAR_api-aarch64, task_id: 492, task_name: DASH_FFT, resource_name: cpu1, ref_start_time: 253161037682666, ref_stop_time: 253161037774556, actual_exe_time: 91890, task_app_start_time:253160102210455, task_sched_time:253161037679366
app_id: 0, app_name: SAR_api-aarch64, task_id: 493, task_name: DASH_FFT, resource_name: cpu2, ref_start_time: 253161038187026, ref_stop_time: 253161038279126, actual_exe_time: 92100, task_app_start_time:253160102210455, task_sched_time:253161038181596
app_id: 0, app_name: SAR_api-aarch64, task_id: 494, task_name: DASH_ZIP, resource_name: cpu3, ref_start_time: 253161038657756, ref_stop_time: 253161038731616, actual_exe_time: 73860, task_app_start_time:253160102210455, task_sched_time:253161038651186
app_id: 0, app_name: SAR_api-aarch64, task_id: 495, task_name: DASH_FFT, resource_name: fft1, ref_start_time: 253161039139016, ref_stop_time: 253161039246116, actual_exe_time: 107100, task_app_start_time:253160102210455, task_sched_time:253161039134546
app_id: 0, app_name: SAR_api-aarch64, task_id: 496, task_name: DASH_FFT, resource_name: fft2, ref_start_time: 253161039420506, ref_stop_time: 253161039490436, actual_exe_time: 69930, task_app_start_time:253160102210455, task_sched_time:253161039415586
app_id: 0, app_name: SAR_api-aarch64, task_id: 497, task_name: DASH_ZIP, resource_name: zip1, ref_start_time: 253161040031846, ref_stop_time: 253161040148816, actual_exe_time: 116970, task_app_start_time:253160102210455, task_sched_time:253161040028786
app_id: 0, app_name: SAR_api-aarch64, task_id: 498, task_name: DASH_FFT, resource_name: cpu1, ref_start_time: 253161040534826, ref_stop_time: 253161040624016, actual_exe_time: 89190, task_app_start_time:253160102210455, task_sched_time:253161040528286
app_id: 0, app_name: SAR_api-aarch64, task_id: 499, task_name: DASH_FFT, resource_name: cpu2, ref_start_time: 253161040952126, ref_stop_time: 253161041041736, actual_exe_time: 89610, task_app_start_time:253160102210455, task_sched_time:253161040945526
app_id: 0, app_name: SAR_api-aarch64, task_id: 500, task_name: DASH_ZIP, resource_name: cpu3, ref_start_time: 253161041458226, ref_stop_time: 253161041531996, actual_exe_time: 73770, task_app_start_time:253160102210455, task_sched_time:253161041445296
app_id: 0, app_name: SAR_api-aarch64, task_id: 501, task_name: DASH_FFT, resource_name: fft1, ref_start_time: 253161041853776, ref_stop_time: 253161041957456, actual_exe_time: 103680, task_app_start_time:253160102210455, task_sched_time:253161041849396
app_id: 0, app_name: SAR_api-aarch64, task_id: 502, task_name: DASH_FFT, resource_name: fft2, ref_start_time: 253161042289197, ref_stop_time: 253161042363027, actual_exe_time: 73830, task_app_start_time:253160102210455, task_sched_time:253161042279777
app_id: 0, app_name: SAR_api-aarch64, task_id: 503, task_name: DASH_ZIP, resource_name: zip1, ref_start_time: 253161042786477, ref_stop_time: 253161042903057, actual_exe_time: 116580, task_app_start_time:253160102210455, task_sched_time:253161042758487
app_id: 0, app_name: SAR_api-aarch64, task_id: 504, task_name: DASH_FFT, resource_name: cpu1, ref_start_time: 253161043170987, ref_stop_time: 253161043259937, actual_exe_time: 88950, task_app_start_time:253160102210455, task_sched_time:253161043157487
app_id: 0, app_name: SAR_api-aarch64, task_id: 505, task_name: DASH_FFT, resource_name: cpu2, ref_start_time: 253161043737657, ref_stop_time: 253161043837167, actual_exe_time: 99510, task_app_start_time:253160102210455, task_sched_time:253161043732827
app_id: 0, app_name: SAR_api-aarch64, task_id: 506, task_name: DASH_ZIP, resource_name: cpu3, ref_start_time: 253161044271867, ref_stop_time: 253161044345997, actual_exe_time: 74130, task_app_start_time:253160102210455, task_sched_time:253161044227077
app_id: 0, app_name: SAR_api-aarch64, task_id: 507, task_name: DASH_FFT, resource_name: fft1, ref_start_time: 253161044688267, ref_stop_time: 253161044792187, actual_exe_time: 103920, task_app_start_time:253160102210455, task_sched_time:253161044680167
app_id: 0, app_name: SAR_api-aarch64, task_id: 508, task_name: DASH_FFT, resource_name: fft2, ref_start_time: 253161045121497, ref_stop_time: 253161045189567, actual_exe_time: 68070, task_app_start_time:253160102210455, task_sched_time:253161045113067
app_id: 0, app_name: SAR_api-aarch64, task_id: 509, task_name: DASH_ZIP, resource_name: zip1, ref_start_time: 253161045610557, ref_stop_time: 253161045726987, actual_exe_time: 116430, task_app_start_time:253160102210455, task_sched_time:253161045603837
app_id: 0, app_name: SAR_api-aarch64, task_id: 510, task_name: DASH_FFT, resource_name: cpu1, ref_start_time: 253161046141467, ref_stop_time: 253161046229847, actual_exe_time: 88380, task_app_start_time:253160102210455, task_sched_time:253161046137687
app_id: 0, app_name: SAR_api-aarch64, task_id: 511, task_name: DASH_FFT, resource_name: cpu2, ref_start_time: 253161046441617, ref_stop_time: 253161046531827, actual_exe_time: 90210, task_app_start_time:253160102210455, task_sched_time:253161046430097
app_id: 0, app_name: SAR_api-aarch64, task_id: 512, task_name: DASH_ZIP, resource_name: cpu3, ref_start_time: 253161047049387, ref_stop_time: 253161047123097, actual_exe_time: 73710, task_app_start_time:253160102210455, task_sched_time:253161047004597
app_id: 0, app_name: SAR_api-aarch64, task_id: 513, task_name: DASH_FFT, resource_name: fft1, ref_start_time: 253161047292237, ref_stop_time: 253161047396817, actual_exe_time: 104580, task_app_start_time:253160102210455, task_sched_time:253161047286807
app_id: 0, app_name: SAR_api-aarch64, task_id: 514, task_name: DASH_FFT, resource_name: fft2, ref_start_time: 253161047877027, ref_stop_time: 253161047946537, actual_exe_time: 69510, task_app_start_time:253160102210455, task_sched_time:253161047870547
app_id: 0, app_name: SAR_api-aarch64, task_id: 515, task_name: DASH_ZIP, resource_name: zip1, ref_start_time: 253161048348957, ref_stop_time: 253161048465688, actual_exe_time: 116731, task_app_start_time:253160102210455, task_sched_time:253161048346197
app_id: 0, app_name: SAR_api-aarch64, task_id: 516, task_name: DASH_FFT, resource_name: cpu1, ref_start_time: 253161048840448, ref_stop_time: 253161048929908, actual_exe_time: 89460, task_app_start_time:253160102210455, task_sched_time:253161048830848
app_id: 0, app_name: SAR_api-aarch64, task_id: 517, task_name: DASH_FFT, resource_name: cpu2, ref_start_time: 253161049253908, ref_stop_time: 253161049343398, actual_exe_time: 89490, task_app_start_time:253160102210455, task_sched_time:253161049247068
app_id: 0, app_name: SAR_api-aarch64, task_id: 518, task_name: DASH_ZIP, resource_name: cpu3, ref_start_time: 253161049799458, ref_stop_time: 253161049873288, actual_exe_time: 73830, task_app_start_time:253160102210455, task_sched_time:253161049752238
app_id: 0, app_name: SAR_api-aarch64, task_id: 519, task_name: DASH_FFT, resource_name: fft1, ref_start_time: 253161050231908, ref_stop_time: 253161050336278, actual_exe_time: 104370, task_app_start_time:253160102210455, task_sched_time:253161050227528
app_id: 0, app_name: SAR_api-aarch64, task_id: 520, task_name: DASH_FFT, resource_name: fft2, ref_start_time: 253161050602018, ref_stop_time: 253161050671558, actual_exe_time: 69540, task_app_start_time:253160102210455, task_sched_time:253161050597788
app_id: 0, app_name: SAR_api-aarch64, task_id: 521, task_name: DASH_ZIP, resource_name: zip1, ref_start_time: 253161051184978, ref_stop_time: 253161051303868, actual_exe_time: 118890, task_app_start_time:253160102210455, task_sched_time:253161051175888
app_id: 0, app_name: SAR_api-aarch64, task_id: 522, task_name: DASH_FFT, resource_name: cpu1, ref_start_time: 253161051581068, ref_stop_time: 253161051670708, actual_exe_time: 89640, task_app_start_time:253160102210455, task_sched_time:253161051575188
app_id: 0, app_name: SAR_api-aarch64, task_id: 523, task_name: DASH_FFT, resource_name: cpu2, ref_start_time: 253161052083148, ref_stop_time: 253161052172998, actual_exe_time: 89850, task_app_start_time:253160102210455, task_sched_time:253161052074448
app_id: 0, app_name: SAR_api-aarch64, task_id: 524, task_name: DASH_ZIP, resource_name: cpu3, ref_start_time: 253161052391338, ref_stop_time: 253161052465138, actual_exe_time: 73800, task_app_start_time:253160102210455, task_sched_time:253161052331848
app_id: 0, app_name: SAR_api-aarch64, task_id: 525, task_name: DASH_FFT, resource_name: fft1, ref_start_time: 253161052993978, ref_stop_time: 253161053102068, actual_exe_time: 108090, task_app_start_time:253160102210455, task_sched_time:253161052984408
app_id: 0, app_name: SAR_api-aarch64, task_id: 526, task_name: DASH_FFT, resource_name: fft2, ref_start_time: 253161053439088, ref_stop_time: 253161053510008, actual_exe_time: 70920, task_app_start_time:253160102210455, task_sched_time:253161053430688
app_id: 0, app_name: SAR_api-aarch64, task_id: 527, task_name: DASH_ZIP, resource_name: zip1, ref_start_time: 253161053912908, ref_stop_time: 253161054029458, actual_exe_time: 116550, task_app_start_time:253160102210455, task_sched_time:253161053909758
app_id: 0, app_name: SAR_api-aarch64, task_id: 528, task_name: DASH_FFT, resource_name: cpu1, ref_start_time: 253161054403678, ref_stop_time: 253161054492538, actual_exe_time: 88860, task_app_start_time:253160102210455, task_sched_time:253161054395518
app_id: 0, app_name: SAR_api-aarch64, task_id: 529, task_name: DASH_FFT, resource_name: cpu2, ref_start_time: 253161054857039, ref_stop_time: 253161054947519, actual_exe_time: 90480, task_app_start_time:253160102210455, task_sched_time:253161054854429
app_id: 0, app_name: SAR_api-aarch64, task_id: 530, task_name: DASH_ZIP, resource_name: cpu3, ref_start_time: 253161055382129, ref_stop_time: 253161055460609, actual_exe_time: 78480, task_app_start_time:253160102210455, task_sched_time:253161055344029
app_id: 0, app_name: SAR_api-aarch64, task_id: 531, task_name: DASH_FFT, resource_name: fft1, ref_start_time: 253161055791899, ref_stop_time: 253161055903859, actual_exe_time: 111960, task_app_start_time:253160102210455, task_sched_time:253161055784069
app_id: 0, app_name: SAR_api-aarch64, task_id: 532, task_name: DASH_FFT, resource_name: fft2, ref_start_time: 253161056050019, ref_stop_time: 253161056121809, actual_exe_time: 71790, task_app_start_time:253160102210455, task_sched_time:253161056044289
app_id: 0, app_name: SAR_api-aarch64, task_id: 533, task_name: DASH_ZIP, resource_name: zip1, ref_start_time: 253161056685659, ref_stop_time: 253161056808989, actual_exe_time: 123330, task_app_start_time:253160102210455, task_sched_time:253161056650319
app_id: 0, app_name: SAR_api-aarch64, task_id: 534, task_name: DASH_FFT, resource_name: cpu1, ref_start_time: 253161057233039, ref_stop_time: 253161057322469, actual_exe_time: 89430, task_app_start_time:253160102210455, task_sched_time:253161057219989
app_id: 0, app_name: SAR_api-aarch64, task_id: 535, task_name: DASH_FFT, resource_name: cpu2, ref_start_time: 253161057652679, ref_stop_time: 253161057743579, actual_exe_time: 90900, task_app_start_time:253160102210455, task_sched_time:253161057646289
app_id: 0, app_name: SAR_api-aarch64, task_id: 536, task_name: DASH_ZIP, resource_name: cpu3, ref_start_time: 253161058146509, ref_stop_time: 253161058219919, actual_exe_time: 73410, task_app_start_time:253160102210455, task_sched_time:253161058142759
app_id: 0, app_name: SAR_api-aarch64, task_id: 537, task_name: DASH_FFT, resource_name: fft1, ref_start_time: 253161058543079, ref_stop_time: 253161058656509, actual_exe_time: 113430, task_app_start_time:253160102210455, task_sched_time:253161058534619
app_id: 0, app_name: SAR_api-aarch64, task_id: 538, task_name: DASH_FFT, resource_name: fft2, ref_start_time: 253161058984799, ref_stop_time: 253161059053259, actual_exe_time: 68460, task_app_start_time:253160102210455, task_sched_time:253161058977089
app_id: 0, app_name: SAR_api-aarch64, task_id: 539, task_name: DASH_ZIP, resource_name: zip1, ref_start_time: 253161059489969, ref_stop_time: 253161059608199, actual_exe_time: 118230, task_app_start_time:253160102210455, task_sched_time:253161059442809
app_id: 0, app_name: SAR_api-aarch64, task_id: 540, task_name: DASH_FFT, resource_name: cpu1, ref_start_time: 253161059848979, ref_stop_time: 253161059937989, actual_exe_time: 89010, task_app_start_time:253160102210455, task_sched_time:253161059838359
app_id: 0, app_name: SAR_api-aarch64, task_id: 541, task_name: DASH_FFT, resource_name: cpu2, ref_start_time: 253161060423089, ref_stop_time: 253161060513599, actual_exe_time: 90510, task_app_start_time:253160102210455, task_sched_time:253161060416819
app_id: 0, app_name: SAR_api-aarch64, task_id: 542, task_name: DASH_ZIP, resource_name: cpu3, ref_start_time: 253161060917220, ref_stop_time: 253161060990630, actual_exe_time: 73410, task_app_start_time:253160102210455, task_sched_time:253161060912330
app_id: 0, app_name: SAR_api-aarch64, task_id: 543, task_name: DASH_FFT, resource_name: fft1, ref_start_time: 253161061318320, ref_stop_time: 253161061423050, actual_exe_time: 104730, task_app_start_time:253160102210455, task_sched_time:253161061310610
app_id: 0, app_name: SAR_api-aarch64, task_id: 544, task_name: DASH_FFT, resource_name: fft2, ref_start_time: 253161061750500, ref_stop_time: 253161061821150, actual_exe_time: 70650, task_app_start_time:253160102210455, task_sched_time:253161061744110
app_id: 0, app_name: SAR_api-aarch64, task_id: 545, task_name: DASH_ZIP, resource_name: zip1, ref_start_time: 253161062222220, ref_stop_time: 253161062338710, actual_exe_time: 116490, task_app_start_time:253160102210455, task_sched_time:253161062211450
app_id: 0, app_name: SAR_api-aarch64, task_id: 546, task_name: DASH_FFT, resource_name: cpu1, ref_start_time: 253161062745660, ref_stop_time: 253161062836020, actual_exe_time: 90360, task_app_start_time:253160102210455, task_sched_time:253161062741670
app_id: 0, app_name: SAR_api-aarch64, task_id: 547, task_name: DASH_FFT, resource_name: cpu2, ref_start_time: 253161063093720, ref_stop_time: 253161063191340, actual_exe_time: 97620, task_app_start_time:253160102210455, task_sched_time:253161063087630
app_id: 0, app_name: SAR_api-aarch64, task_id: 548, task_name: DASH_ZIP, resource_name: cpu3, ref_start_time: 253161063699090, ref_stop_time: 253161063772920, actual_exe_time: 73830, task_app_start_time:253160102210455, task_sched_time:253161063695850
app_id: 0, app_name: SAR_api-aarch64, task_id: 549, task_name: DASH_FFT, resource_name: fft1, ref_start_time: 253161064030050, ref_stop_time: 253161064134150, actual_exe_time: 104100, task_app_start_time:253160102210455, task_sched_time:253161064023300
app_id: 0, app_name: SAR_api-aarch64, task_id: 550, task_name: DASH_FFT, resource_name: fft2, ref_start_time: 253161064571490, ref_stop_time: 253161064640190, actual_exe_time: 68700, task_app_start_time:253160102210455, task_sched_time:253161064561740
app_id: 0, app_name: SAR_api-aarch64, task_id: 551, task_name: DASH_ZIP, resource_name: zip1, ref_start_time: 253161064849770, ref_stop_time: 253161064966560, actual_exe_time: 116790, task_app_start_time:253160102210455, task_sched_time:253161064827450
app_id: 0, app_name: SAR_api-aarch64, task_id: 552, task_name: DASH_FFT, resource_name: cpu1, ref_start_time: 253161065604030, ref_stop_time: 253161065693220, actual_exe_time: 89190, task_app_start_time:253160102210455, task_sched_time:253161065600880
app_id: 0, app_name: SAR_api-aarch64, task_id: 553, task_name: DASH_FFT, resource_name: cpu2, ref_start_time: 253161066053070, ref_stop_time: 253161066143490, actual_exe_time: 90420, task_app_start_time:253160102210455, task_sched_time:253161066046020
app_id: 0, app_name: SAR_api-aarch64, task_id: 554, task_name: DASH_ZIP, resource_name: cpu3, ref_start_time: 253161066638400, ref_stop_time: 253161066711870, actual_exe_time: 73470, task_app_start_time:253160102210455, task_sched_time:253161066567510
app_id: 0, app_name: SAR_api-aarch64, task_id: 555, task_name: DASH_FFT, resource_name: fft1, ref_start_time: 253161067036981, ref_stop_time: 253161067141201, actual_exe_time: 104220, task_app_start_time:253160102210455, task_sched_time:253161067030561
app_id: 0, app_name: SAR_api-aarch64, task_id: 556, task_name: DASH_FFT, resource_name: fft2, ref_start_time: 253161067468741, ref_stop_time: 253161067537891, actual_exe_time: 69150, task_app_start_time:253160102210455, task_sched_time:253161067461301
app_id: 0, app_name: SAR_api-aarch64, task_id: 557, task_name: DASH_ZIP, resource_name: zip1, ref_start_time: 253161067977481, ref_stop_time: 253161068094031, actual_exe_time: 116550, task_app_start_time:253160102210455, task_sched_time:253161067928701
app_id: 0, app_name: SAR_api-aarch64, task_id: 558, task_name: DASH_FFT, resource_name: cpu1, ref_start_time: 253161068484751, ref_stop_time: 253161068574061, actual_exe_time: 89310, task_app_start_time:253160102210455, task_sched_time:253161068473531
app_id: 0, app_name: SAR_api-aarch64, task_id: 559, task_name: DASH_FFT, resource_name: cpu2, ref_start_time: 253161068795341, ref_stop_time: 253161068885611, actual_exe_time: 90270, task_app_start_time:253160102210455, task_sched_time:253161068781211
app_id: 0, app_name: SAR_api-aarch64, task_id: 560, task_name: DASH_ZIP, resource_name: cpu3, ref_start_time: 253161069281581, ref_stop_time: 253161069355441, actual_exe_time: 73860, task_app_start_time:253160102210455, task_sched_time:253161069240061
app_id: 0, app_name: SAR_api-aarch64, task_id: 561, task_name: DASH_FFT, resource_name: fft1, ref_start_time: 253161069797131, ref_stop_time: 253161069900331, actual_exe_time: 103200, task_app_start_time:253160102210455, task_sched_time:253161069789211
app_id: 0, app_name: SAR_api-aarch64, task_id: 562, task_name: DASH_FFT, resource_name: fft2, ref_start_time: 253161070039021, ref_stop_time: 253161070109911, actual_exe_time: 70890, task_app_start_time:253160102210455, task_sched_time:253161070034941
app_id: 0, app_name: SAR_api-aarch64, task_id: 563, task_name: DASH_ZIP, resource_name: zip1, ref_start_time: 253161070410901, ref_stop_time: 253161070527151, actual_exe_time: 116250, task_app_start_time:253160102210455, task_sched_time:253161070405051
app_id: 0, app_name: SAR_api-aarch64, task_id: 564, task_name: DASH_FFT, resource_name: cpu1, ref_start_time: 253161071130811, ref_stop_time: 253161071221831, actual_exe_time: 91020, task_app_start_time:253160102210455, task_sched_time:253161071127271
app_id: 0, app_name: SAR_api-aarch64, task_id: 565, task_name: DASH_FFT, resource_name: cpu2, ref_start_time: 253161071557681, ref_stop_time: 253161071648761, actual_exe_time: 91080, task_app_start_time:253160102210455, task_sched_time:253161071549911
app_id: 0, app_name: SAR_api-aarch64, task_id: 566, task_name: DASH_ZIP, resource_name: cpu3, ref_start_time: 253161072062251, ref_stop_time: 253161072136231, actual_exe_time: 73980, task_app_start_time:253160102210455, task_sched_time:253161072050401
app_id: 0, app_name: SAR_api-aarch64, task_id: 567, task_name: DASH_FFT, resource_name: fft1, ref_start_time: 253161072475501, ref_stop_time: 253161072579301, actual_exe_time: 103800, task_app_start_time:253160102210455, task_sched_time:253161072470251
app_id: 0, app_name: SAR_api-aarch64, task_id: 568, task_name: DASH_FFT, resource_name: fft2, ref_start_time: 253161072907951, ref_stop_time: 253161072976321, actual_exe_time: 68370, task_app_start_time:253160102210455, task_sched_time:253161072901261
app_id: 0, app_name: SAR_api-aarch64, task_id: 569, task_name: DASH_ZIP, resource_name: zip1, ref_start_time: 253161073414742, ref_stop_time: 253161073531262, actual_exe_time: 116520, task_app_start_time:253160102210455, task_sched_time:253161073364222
app_id: 0, app_name: SAR_api-aarch64, task_id: 570, task_name: DASH_FFT, resource_name: cpu1, ref_start_time: 253161073871462, ref_stop_time: 253161073960352, actual_exe_time: 88890, task_app_start_time:253160102210455, task_sched_time:253161073865972
app_id: 0, app_name: SAR_api-aarch64, task_id: 571, task_name: DASH_FFT, resource_name: cpu2, ref_start_time: 253161074371712, ref_stop_time: 253161074460692, actual_exe_time: 88980, task_app_start_time:253160102210455, task_sched_time:253161074364512
app_id: 0, app_name: SAR_api-aarch64, task_id: 572, task_name: DASH_ZIP, resource_name: cpu3, ref_start_time: 253161074696492, ref_stop_time: 253161074770232, actual_exe_time: 73740, task_app_start_time:253160102210455, task_sched_time:253161074656712
app_id: 0, app_name: SAR_api-aarch64, task_id: 573, task_name: DASH_FFT, resource_name: fft1, ref_start_time: 253161075333212, ref_stop_time: 253161075436802, actual_exe_time: 103590, task_app_start_time:253160102210455, task_sched_time:253161075326072
app_id: 0, app_name: SAR_api-aarch64, task_id: 574, task_name: DASH_FFT, resource_name: fft2, ref_start_time: 253161075975962, ref_stop_time: 253161076046912, actual_exe_time: 70950, task_app_start_time:253160102210455, task_sched_time:253161075971282
app_id: 0, app_name: SAR_api-aarch64, task_id: 575, task_name: DASH_ZIP, resource_name: zip1, ref_start_time: 253161076476722, ref_stop_time: 253161076599092, actual_exe_time: 122370, task_app_start_time:253160102210455, task_sched_time:253161076439012
app_id: 0, app_name: SAR_api-aarch64, task_id: 576, task_name: DASH_FFT, resource_name: cpu1, ref_start_time: 253161076984862, ref_stop_time: 253161077087702, actual_exe_time: 102840, task_app_start_time:253160102210455, task_sched_time:253161076972832
app_id: 0, app_name: SAR_api-aarch64, task_id: 577, task_name: DASH_FFT, resource_name: cpu2, ref_start_time: 253161077425952, ref_stop_time: 253161077516132, actual_exe_time: 90180, task_app_start_time:253160102210455, task_sched_time:253161077422952
app_id: 0, app_name: SAR_api-aarch64, task_id: 578, task_name: DASH_ZIP, resource_name: cpu3, ref_start_time: 253161077935412, ref_stop_time: 253161078009362, actual_exe_time: 73950, task_app_start_time:253160102210455, task_sched_time:253161077918882
app_id: 0, app_name: SAR_api-aarch64, task_id: 579, task_name: DASH_FFT, resource_name: fft1, ref_start_time: 253161078358322, ref_stop_time: 253161078462392, actual_exe_time: 104070, task_app_start_time:253160102210455, task_sched_time:253161078344972
app_id: 0, app_name: SAR_api-aarch64, task_id: 580, task_name: DASH_FFT, resource_name: fft2, ref_start_time: 253161078797552, ref_stop_time: 253161078866732, actual_exe_time: 69180, task_app_start_time:253160102210455, task_sched_time:253161078788252
app_id: 0, app_name: SAR_api-aarch64, task_id: 581, task_name: DASH_ZIP, resource_name: zip1, ref_start_time: 253161079296122, ref_stop_time: 253161079418372, actual_exe_time: 122250, task_app_start_time:253160102210455, task_sched_time:253161079256072
app_id: 0, app_name: SAR_api-aarch64, task_id: 582, task_name: DASH_FFT, resource_name: cpu1, ref_start_time: 253161079678863, ref_stop_time: 253161079769013, actual_exe_time: 90150, task_app_start_time:253160102210455, task_sched_time:253161079671453
app_id: 0, app_name: SAR_api-aarch64, task_id: 583, task_name: DASH_FFT, resource_name: cpu2, ref_start_time: 253161080235843, ref_stop_time: 253161080325183, actual_exe_time: 89340, task_app_start_time:253160102210455, task_sched_time:253161080231793
app_id: 0, app_name: SAR_api-aarch64, task_id: 584, task_name: DASH_ZIP, resource_name: cpu3, ref_start_time: 253161080747883, ref_stop_time: 253161080821773, actual_exe_time: 73890, task_app_start_time:253160102210455, task_sched_time:253161080715273
app_id: 0, app_name: SAR_api-aarch64, task_id: 585, task_name: DASH_FFT, resource_name: fft1, ref_start_time: 253161081145293, ref_stop_time: 253161081250713, actual_exe_time: 105420, task_app_start_time:253160102210455, task_sched_time:253161081136923
app_id: 0, app_name: SAR_api-aarch64, task_id: 586, task_name: DASH_FFT, resource_name: fft2, ref_start_time: 253161081586383, ref_stop_time: 253161081654393, actual_exe_time: 68010, task_app_start_time:253160102210455, task_sched_time:253161081582243
app_id: 0, app_name: SAR_api-aarch64, task_id: 587, task_name: DASH_ZIP, resource_name: zip1, ref_start_time: 253161082079313, ref_stop_time: 253161082195713, actual_exe_time: 116400, task_app_start_time:253160102210455, task_sched_time:253161082065873
app_id: 0, app_name: SAR_api-aarch64, task_id: 588, task_name: DASH_FFT, resource_name: cpu1, ref_start_time: 253161082596273, ref_stop_time: 253161082687053, actual_exe_time: 90780, task_app_start_time:253160102210455, task_sched_time:253161082582293
app_id: 0, app_name: SAR_api-aarch64, task_id: 589, task_name: DASH_FFT, resource_name: cpu2, ref_start_time: 253161083010363, ref_stop_time: 253161083108673, actual_exe_time: 98310, task_app_start_time:253160102210455, task_sched_time:253161083003943
app_id: 0, app_name: SAR_api-aarch64, task_id: 590, task_name: DASH_ZIP, resource_name: cpu3, ref_start_time: 253161083335983, ref_stop_time: 253161083409573, actual_exe_time: 73590, task_app_start_time:253160102210455, task_sched_time:253161083332593
app_id: 0, app_name: SAR_api-aarch64, task_id: 591, task_name: DASH_FFT, resource_name: fft1, ref_start_time: 253161083930253, ref_stop_time: 253161084036783, actual_exe_time: 106530, task_app_start_time:253160102210455, task_sched_time:253161083925783
app_id: 0, app_name: SAR_api-aarch64, task_id: 592, task_name: DASH_FFT, resource_name: fft2, ref_start_time: 253161084362313, ref_stop_time: 253161084430833, actual_exe_time: 68520, task_app_start_time:253160102210455, task_sched_time:253161084353823
app_id: 0, app_name: SAR_api-aarch64, task_id: 593, task_name: DASH_ZIP, resource_name: zip1, ref_start_time: 253161084859353, ref_stop_time: 253161084975843, actual_exe_time: 116490, task_app_start_time:253160102210455, task_sched_time:253161084815793
app_id: 0, app_name: SAR_api-aarch64, task_id: 594, task_name: DASH_FFT, resource_name: cpu1, ref_start_time: 253161085389603, ref_stop_time: 253161085478703, actual_exe_time: 89100, task_app_start_time:253160102210455, task_sched_time:253161085382163
app_id: 0, app_name: SAR_api-aarch64, task_id: 595, task_name: DASH_FFT, resource_name: cpu2, ref_start_time: 253161085811944, ref_stop_time: 253161085901584, actual_exe_time: 89640, task_app_start_time:253160102210455, task_sched_time:253161085804084
app_id: 0, app_name: SAR_api-aarch64, task_id: 596, task_name: DASH_ZIP, resource_name: cpu3, ref_start_time: 253161086296864, ref_stop_time: 253161086370844, actual_exe_time: 73980, task_app_start_time:253160102210455, task_sched_time:253161086291224
app_id: 0, app_name: SAR_api-aarch64, task_id: 597, task_name: DASH_FFT, resource_name: fft1, ref_start_time: 253161086717734, ref_stop_time: 253161086825434, actual_exe_time: 107700, task_app_start_time:253160102210455, task_sched_time:253161086710144
app_id: 0, app_name: SAR_api-aarch64, task_id: 598, task_name: DASH_FFT, resource_name: fft2, ref_start_time: 253161087149134, ref_stop_time: 253161087218374, actual_exe_time: 69240, task_app_start_time:253160102210455, task_sched_time:253161087146254
app_id: 0, app_name: SAR_api-aarch64, task_id: 599, task_name: DASH_ZIP, resource_name: zip1, ref_start_time: 253161087581554, ref_stop_time: 253161087703054, actual_exe_time: 121500, task_app_start_time:253160102210455, task_sched_time:253161087541924
app_id: 0, app_name: SAR_api-aarch64, task_id: 600, task_name: DASH_FFT, resource_name: cpu1, ref_start_time: 253161088205734, ref_stop_time: 253161088294774, actual_exe_time: 89040, task_app_start_time:253160102210455, task_sched_time:253161088199524
app_id: 0, app_name: SAR_api-aarch64, task_id: 601, task_name: DASH_FFT, resource_name: cpu2, ref_start_time: 253161088551574, ref_stop_time: 253161088641664, actual_exe_time: 90090, task_app_start_time:253160102210455, task_sched_time:253161088547674
app_id: 0, app_name: SAR_api-aarch64, task_id: 602, task_name: DASH_ZIP, resource_name: cpu3, ref_start_time: 253161089150074, ref_stop_time: 253161089229004, actual_exe_time: 78930, task_app_start_time:253160102210455, task_sched_time:253161089115214
app_id: 0, app_name: SAR_api-aarch64, task_id: 603, task_name: DASH_FFT, resource_name: fft1, ref_start_time: 253161089489824, ref_stop_time: 253161089592994, actual_exe_time: 103170, task_app_start_time:253160102210455, task_sched_time:253161089480674
app_id: 0, app_name: SAR_api-aarch64, task_id: 604, task_name: DASH_FFT, resource_name: fft2, ref_start_time: 253161090022564, ref_stop_time: 253161090091324, actual_exe_time: 68760, task_app_start_time:253160102210455, task_sched_time:253161090017134
app_id: 0, app_name: SAR_api-aarch64, task_id: 605, task_name: DASH_ZIP, resource_name: zip1, ref_start_time: 253161090454714, ref_stop_time: 253161090582484, actual_exe_time: 127770, task_app_start_time:253160102210455, task_sched_time:253161090444574
app_id: 0, app_name: SAR_api-aarch64, task_id: 606, task_name: DASH_FFT, resource_name: cpu1, ref_start_time: 253161091053724, ref_stop_time: 253161091143154, actual_exe_time: 89430, task_app_start_time:253160102210455, task_sched_time:253161091047694
app_id: 0, app_name: SAR_api-aarch64, task_id: 607, task_name: DASH_FFT, resource_name: cpu2, ref_start_time: 253161091315144, ref_stop_time: 253161091405294, actual_exe_time: 90150, task_app_start_time:253160102210455, task_sched_time:253161091306654
app_id: 0, app_name: SAR_api-aarch64, task_id: 608, task_name: DASH_ZIP, resource_name: cpu3, ref_start_time: 253161091977815, ref_stop_time: 253161092051435, actual_exe_time: 73620, task_app_start_time:253160102210455, task_sched_time:253161091936445
app_id: 0, app_name: SAR_api-aarch64, task_id: 609, task_name: DASH_FFT, resource_name: fft1, ref_start_time: 253161092388995, ref_stop_time: 253161092494475, actual_exe_time: 105480, task_app_start_time:253160102210455, task_sched_time:253161092378105
app_id: 0, app_name: SAR_api-aarch64, task_id: 610, task_name: DASH_FFT, resource_name: fft2, ref_start_time: 253161092857385, ref_stop_time: 253161092925785, actual_exe_time: 68400, task_app_start_time:253160102210455, task_sched_time:253161092848025
app_id: 0, app_name: SAR_api-aarch64, task_id: 611, task_name: DASH_ZIP, resource_name: zip1, ref_start_time: 253161093331205, ref_stop_time: 253161093447635, actual_exe_time: 116430, task_app_start_time:253160102210455, task_sched_time:253161093327395
app_id: 0, app_name: SAR_api-aarch64, task_id: 612, task_name: DASH_FFT, resource_name: cpu1, ref_start_time: 253161093823025, ref_stop_time: 253161093912455, actual_exe_time: 89430, task_app_start_time:253160102210455, task_sched_time:253161093817025
app_id: 0, app_name: SAR_api-aarch64, task_id: 613, task_name: DASH_FFT, resource_name: cpu2, ref_start_time: 253161094268015, ref_stop_time: 253161094357625, actual_exe_time: 89610, task_app_start_time:253160102210455, task_sched_time:253161094265135
app_id: 0, app_name: SAR_api-aarch64, task_id: 614, task_name: DASH_ZIP, resource_name: cpu3, ref_start_time: 253161094798025, ref_stop_time: 253161094876895, actual_exe_time: 78870, task_app_start_time:253160102210455, task_sched_time:253161094755245
app_id: 0, app_name: SAR_api-aarch64, task_id: 615, task_name: DASH_FFT, resource_name: fft1, ref_start_time: 253161095023535, ref_stop_time: 253161095128745, actual_exe_time: 105210, task_app_start_time:253160102210455, task_sched_time:253161095013665
app_id: 0, app_name: SAR_api-aarch64, task_id: 616, task_name: DASH_FFT, resource_name: fft2, ref_start_time: 253161095950985, ref_stop_time: 253161096021995, actual_exe_time: 71010, task_app_start_time:253160102210455, task_sched_time:253161095943995
app_id: 0, app_name: SAR_api-aarch64, task_id: 617, task_name: DASH_ZIP, resource_name: zip1, ref_start_time: 253161096438245, ref_stop_time: 253161096554885, actual_exe_time: 116640, task_app_start_time:253160102210455, task_sched_time:253161096416795
app_id: 0, app_name: SAR_api-aarch64, task_id: 618, task_name: DASH_FFT, resource_name: cpu1, ref_start_time: 253161097026695, ref_stop_time: 253161097117265, actual_exe_time: 90570, task_app_start_time:253160102210455, task_sched_time:253161097022615
app_id: 0, app_name: SAR_api-aarch64, task_id: 619, task_name: DASH_FFT, resource_name: cpu2, ref_start_time: 253161097443575, ref_stop_time: 253161097533065, actual_exe_time: 89490, task_app_start_time:253160102210455, task_sched_time:253161097440035
app_id: 0, app_name: SAR_api-aarch64, task_id: 620, task_name: DASH_ZIP, resource_name: cpu3, ref_start_time: 253161097965605, ref_stop_time: 253161098044445, actual_exe_time: 78840, task_app_start_time:253160102210455, task_sched_time:253161097925075
app_id: 0, app_name: SAR_api-aarch64, task_id: 621, task_name: DASH_FFT, resource_name: fft1, ref_start_time: 253161098380416, ref_stop_time: 253161098494476, actual_exe_time: 114060, task_app_start_time:253160102210455, task_sched_time:253161098367426
app_id: 0, app_name: SAR_api-aarch64, task_id: 622, task_name: DASH_FFT, resource_name: fft2, ref_start_time: 253161098859756, ref_stop_time: 253161098928966, actual_exe_time: 69210, task_app_start_time:253160102210455, task_sched_time:253161098856996
app_id: 0, app_name: SAR_api-aarch64, task_id: 623, task_name: DASH_ZIP, resource_name: zip1, ref_start_time: 253161099149886, ref_stop_time: 253161099266136, actual_exe_time: 116250, task_app_start_time:253160102210455, task_sched_time:253161099091296
app_id: 0, app_name: SAR_api-aarch64, task_id: 624, task_name: DASH_FFT, resource_name: cpu1, ref_start_time: 253161099843936, ref_stop_time: 253161099934236, actual_exe_time: 90300, task_app_start_time:253160102210455, task_sched_time:253161099839886
app_id: 0, app_name: SAR_api-aarch64, task_id: 625, task_name: DASH_FFT, resource_name: cpu2, ref_start_time: 253161100264656, ref_stop_time: 253161100353876, actual_exe_time: 89220, task_app_start_time:253160102210455, task_sched_time:253161100257696
app_id: 0, app_name: SAR_api-aarch64, task_id: 626, task_name: DASH_ZIP, resource_name: cpu3, ref_start_time: 253161100760646, ref_stop_time: 253161100834326, actual_exe_time: 73680, task_app_start_time:253160102210455, task_sched_time:253161100757076
app_id: 0, app_name: SAR_api-aarch64, task_id: 627, task_name: DASH_FFT, resource_name: fft1, ref_start_time: 253161101182056, ref_stop_time: 253161101285646, actual_exe_time: 103590, task_app_start_time:253160102210455, task_sched_time:253161101168526
app_id: 0, app_name: SAR_api-aarch64, task_id: 628, task_name: DASH_FFT, resource_name: fft2, ref_start_time: 253161101614206, ref_stop_time: 253161101684796, actual_exe_time: 70590, task_app_start_time:253160102210455, task_sched_time:253161101607846
app_id: 0, app_name: SAR_api-aarch64, task_id: 629, task_name: DASH_ZIP, resource_name: zip1, ref_start_time: 253161102241236, ref_stop_time: 253161102357846, actual_exe_time: 116610, task_app_start_time:253160102210455, task_sched_time:253161102237936
app_id: 0, app_name: SAR_api-aarch64, task_id: 630, task_name: DASH_FFT, resource_name: cpu1, ref_start_time: 253161102754536, ref_stop_time: 253161102844896, actual_exe_time: 90360, task_app_start_time:253160102210455, task_sched_time:253161102749766
app_id: 0, app_name: SAR_api-aarch64, task_id: 631, task_name: DASH_FFT, resource_name: cpu2, ref_start_time: 253161103016436, ref_stop_time: 253161103121196, actual_exe_time: 104760, task_app_start_time:253160102210455, task_sched_time:253161103012056
app_id: 0, app_name: SAR_api-aarch64, task_id: 632, task_name: DASH_ZIP, resource_name: cpu3, ref_start_time: 253161103664766, ref_stop_time: 253161103738806, actual_exe_time: 74040, task_app_start_time:253160102210455, task_sched_time:253161103657536
app_id: 0, app_name: SAR_api-aarch64, task_id: 633, task_name: DASH_FFT, resource_name: fft1, ref_start_time: 253161104071776, ref_stop_time: 253161104177196, actual_exe_time: 105420, task_app_start_time:253160102210455, task_sched_time:253161104060706
app_id: 0, app_name: SAR_api-aarch64, task_id: 634, task_name: DASH_FFT, resource_name: fft2, ref_start_time: 253161104510197, ref_stop_time: 253161104579737, actual_exe_time: 69540, task_app_start_time:253160102210455, task_sched_time:253161104501797
app_id: 0, app_name: SAR_api-aarch64, task_id: 635, task_name: DASH_ZIP, resource_name: zip1, ref_start_time: 253161104980897, ref_stop_time: 253161105097747, actual_exe_time: 116850, task_app_start_time:253160102210455, task_sched_time:253161104972467
app_id: 0, app_name: SAR_api-aarch64, task_id: 636, task_name: DASH_FFT, resource_name: cpu1, ref_start_time: 253161105505117, ref_stop_time: 253161105594997, actual_exe_time: 89880, task_app_start_time:253160102210455, task_sched_time:253161105498487
app_id: 0, app_name: SAR_api-aarch64, task_id: 637, task_name: DASH_FFT, resource_name: cpu2, ref_start_time: 253161105953797, ref_stop_time: 253161106042717, actual_exe_time: 88920, task_app_start_time:253160102210455, task_sched_time:253161105946717
app_id: 0, app_name: SAR_api-aarch64, task_id: 638, task_name: DASH_ZIP, resource_name: cpu3, ref_start_time: 253161106403407, ref_stop_time: 253161106477117, actual_exe_time: 73710, task_app_start_time:253160102210455, task_sched_time:253161106396147
app_id: 0, app_name: SAR_api-aarch64, task_id: 639, task_name: DASH_FFT, resource_name: fft1, ref_start_time: 253161106893517, ref_stop_time: 253161106999807, actual_exe_time: 106290, task_app_start_time:253160102210455, task_sched_time:253161106880977
app_id: 0, app_name: SAR_api-aarch64, task_id: 640, task_name: DASH_FFT, resource_name: fft2, ref_start_time: 253161107258917, ref_stop_time: 253161107327107, actual_exe_time: 68190, task_app_start_time:253160102210455, task_sched_time:253161107251687
app_id: 0, app_name: SAR_api-aarch64, task_id: 641, task_name: DASH_ZIP, resource_name: zip1, ref_start_time: 253161107810857, ref_stop_time: 253161107931607, actual_exe_time: 120750, task_app_start_time:253160102210455, task_sched_time:253161107805817
app_id: 0, app_name: SAR_api-aarch64, task_id: 642, task_name: DASH_FFT, resource_name: cpu1, ref_start_time: 253161109346437, ref_stop_time: 253161109438027, actual_exe_time: 91590, task_app_start_time:253160102210455, task_sched_time:253161109339927
app_id: 0, app_name: SAR_api-aarch64, task_id: 643, task_name: DASH_FFT, resource_name: cpu2, ref_start_time: 253161109904107, ref_stop_time: 253161109995907, actual_exe_time: 91800, task_app_start_time:253160102210455, task_sched_time:253161109897747
app_id: 0, app_name: SAR_api-aarch64, task_id: 644, task_name: DASH_ZIP, resource_name: cpu3, ref_start_time: 253161110418847, ref_stop_time: 253161110492887, actual_exe_time: 74040, task_app_start_time:253160102210455, task_sched_time:253161110413417
app_id: 0, app_name: SAR_api-aarch64, task_id: 645, task_name: DASH_FFT, resource_name: fft1, ref_start_time: 253161110850878, ref_stop_time: 253161110956868, actual_exe_time: 105990, task_app_start_time:253160102210455, task_sched_time:253161110841008
app_id: 0, app_name: SAR_api-aarch64, task_id: 646, task_name: DASH_FFT, resource_name: fft2, ref_start_time: 253161111285758, ref_stop_time: 253161111354188, actual_exe_time: 68430, task_app_start_time:253160102210455, task_sched_time:253161111279548
app_id: 0, app_name: SAR_api-aarch64, task_id: 647, task_name: DASH_ZIP, resource_name: zip1, ref_start_time: 253161111743978, ref_stop_time: 253161111860858, actual_exe_time: 116880, task_app_start_time:253160102210455, task_sched_time:253161111741218
app_id: 0, app_name: SAR_api-aarch64, task_id: 648, task_name: DASH_FFT, resource_name: cpu1, ref_start_time: 253161112266578, ref_stop_time: 253161112357268, actual_exe_time: 90690, task_app_start_time:253160102210455, task_sched_time:253161112261628
app_id: 0, app_name: SAR_api-aarch64, task_id: 649, task_name: DASH_FFT, resource_name: cpu2, ref_start_time: 253161112678298, ref_stop_time: 253161112768958, actual_exe_time: 90660, task_app_start_time:253160102210455, task_sched_time:253161112673408
app_id: 0, app_name: SAR_api-aarch64, task_id: 650, task_name: DASH_ZIP, resource_name: cpu3, ref_start_time: 253161113207468, ref_stop_time: 253161113281388, actual_exe_time: 73920, task_app_start_time:253160102210455, task_sched_time:253161113158748
app_id: 0, app_name: SAR_api-aarch64, task_id: 651, task_name: DASH_FFT, resource_name: fft1, ref_start_time: 253161113903018, ref_stop_time: 253161114008378, actual_exe_time: 105360, task_app_start_time:253160102210455, task_sched_time:253161113890268
app_id: 0, app_name: SAR_api-aarch64, task_id: 652, task_name: DASH_FFT, resource_name: fft2, ref_start_time: 253161114412298, ref_stop_time: 253161114483008, actual_exe_time: 70710, task_app_start_time:253160102210455, task_sched_time:253161114404648
app_id: 0, app_name: SAR_api-aarch64, task_id: 653, task_name: DASH_ZIP, resource_name: zip1, ref_start_time: 253161114698768, ref_stop_time: 253161114816188, actual_exe_time: 117420, task_app_start_time:253160102210455, task_sched_time:253161114692828
app_id: 0, app_name: SAR_api-aarch64, task_id: 654, task_name: DASH_FFT, resource_name: cpu1, ref_start_time: 253161115441088, ref_stop_time: 253161115533848, actual_exe_time: 92760, task_app_start_time:253160102210455, task_sched_time:253161115434248
app_id: 0, app_name: SAR_api-aarch64, task_id: 655, task_name: DASH_FFT, resource_name: cpu2, ref_start_time: 253161115875938, ref_stop_time: 253161115966028, actual_exe_time: 90090, task_app_start_time:253160102210455, task_sched_time:253161115872458
app_id: 0, app_name: SAR_api-aarch64, task_id: 656, task_name: DASH_ZIP, resource_name: cpu3, ref_start_time: 253161116374088, ref_stop_time: 253161116447708, actual_exe_time: 73620, task_app_start_time:253160102210455, task_sched_time:253161116370428
app_id: 0, app_name: SAR_api-aarch64, task_id: 657, task_name: DASH_FFT, resource_name: fft1, ref_start_time: 253161116769789, ref_stop_time: 253161116874519, actual_exe_time: 104730, task_app_start_time:253160102210455, task_sched_time:253161116761959
app_id: 0, app_name: SAR_api-aarch64, task_id: 658, task_name: DASH_FFT, resource_name: fft2, ref_start_time: 253161117210099, ref_stop_time: 253161117278199, actual_exe_time: 68100, task_app_start_time:253160102210455, task_sched_time:253161117204639
app_id: 0, app_name: SAR_api-aarch64, task_id: 659, task_name: DASH_ZIP, resource_name: zip1, ref_start_time: 253161117694419, ref_stop_time: 253161117810999, actual_exe_time: 116580, task_app_start_time:253160102210455, task_sched_time:253161117680649
app_id: 0, app_name: SAR_api-aarch64, task_id: 660, task_name: DASH_FFT, resource_name: cpu1, ref_start_time: 253161118185219, ref_stop_time: 253161118274739, actual_exe_time: 89520, task_app_start_time:253160102210455, task_sched_time:253161118174749
app_id: 0, app_name: SAR_api-aarch64, task_id: 661, task_name: DASH_FFT, resource_name: cpu2, ref_start_time: 253161118533339, ref_stop_time: 253161118633449, actual_exe_time: 100110, task_app_start_time:253160102210455, task_sched_time:253161118524549
app_id: 0, app_name: SAR_api-aarch64, task_id: 662, task_name: DASH_ZIP, resource_name: cpu3, ref_start_time: 253161119118039, ref_stop_time: 253161119192049, actual_exe_time: 74010, task_app_start_time:253160102210455, task_sched_time:253161119115189
app_id: 0, app_name: SAR_api-aarch64, task_id: 663, task_name: DASH_FFT, resource_name: fft1, ref_start_time: 253161119450619, ref_stop_time: 253161119558139, actual_exe_time: 107520, task_app_start_time:253160102210455, task_sched_time:253161119440149
app_id: 0, app_name: SAR_api-aarch64, task_id: 664, task_name: DASH_FFT, resource_name: fft2, ref_start_time: 253161119969289, ref_stop_time: 253161120039069, actual_exe_time: 69780, task_app_start_time:253160102210455, task_sched_time:253161119961399
app_id: 0, app_name: SAR_api-aarch64, task_id: 665, task_name: DASH_ZIP, resource_name: zip1, ref_start_time: 253161120235599, ref_stop_time: 253161120352179, actual_exe_time: 116580, task_app_start_time:253160102210455, task_sched_time:253161120225819
app_id: 0, app_name: SAR_api-aarch64, task_id: 666, task_name: DASH_FFT, resource_name: cpu1, ref_start_time: 253161120931929, ref_stop_time: 253161121030869, actual_exe_time: 98940, task_app_start_time:253160102210455, task_sched_time:253161120929289
app_id: 0, app_name: SAR_api-aarch64, task_id: 667, task_name: DASH_FFT, resource_name: cpu2, ref_start_time: 253161121365669, ref_stop_time: 253161121455339, actual_exe_time: 89670, task_app_start_time:253160102210455, task_sched_time:253161121358769
app_id: 0, app_name: SAR_api-aarch64, task_id: 668, task_name: DASH_ZIP, resource_name: cpu3, ref_start_time: 253161121887939, ref_stop_time: 253161121966719, actual_exe_time: 78780, task_app_start_time:253160102210455, task_sched_time:253161121850529
app_id: 0, app_name: SAR_api-aarch64, task_id: 669, task_name: DASH_FFT, resource_name: fft1, ref_start_time: 253161122290419, ref_stop_time: 253161122394399, actual_exe_time: 103980, task_app_start_time:253160102210455, task_sched_time:253161122287119
app_id: 0, app_name: SAR_api-aarch64, task_id: 670, task_name: DASH_FFT, resource_name: fft2, ref_start_time: 253161122782599, ref_stop_time: 253161122852019, actual_exe_time: 69420, task_app_start_time:253160102210455, task_sched_time:253161122775879
app_id: 0, app_name: SAR_api-aarch64, task_id: 671, task_name: DASH_ZIP, resource_name: zip1, ref_start_time: 253161123283390, ref_stop_time: 253161123400600, actual_exe_time: 117210, task_app_start_time:253160102210455, task_sched_time:253161123246010
app_id: 0, app_name: SAR_api-aarch64, task_id: 672, task_name: DASH_FFT, resource_name: cpu1, ref_start_time: 253161123807460, ref_stop_time: 253161123896740, actual_exe_time: 89280, task_app_start_time:253160102210455, task_sched_time:253161123799720
app_id: 0, app_name: SAR_api-aarch64, task_id: 673, task_name: DASH_FFT, resource_name: cpu2, ref_start_time: 253161124159840, ref_stop_time: 253161124257340, actual_exe_time: 97500, task_app_start_time:253160102210455, task_sched_time:253161124150300
app_id: 0, app_name: SAR_api-aarch64, task_id: 674, task_name: DASH_ZIP, resource_name: cpu3, ref_start_time: 253161124766380, ref_stop_time: 253161124840450, actual_exe_time: 74070, task_app_start_time:253160102210455, task_sched_time:253161124722790
app_id: 0, app_name: SAR_api-aarch64, task_id: 675, task_name: DASH_FFT, resource_name: fft1, ref_start_time: 253161125102230, ref_stop_time: 253161125206300, actual_exe_time: 104070, task_app_start_time:253160102210455, task_sched_time:253161125092780
app_id: 0, app_name: SAR_api-aarch64, task_id: 676, task_name: DASH_FFT, resource_name: fft2, ref_start_time: 253161125649670, ref_stop_time: 253161125718880, actual_exe_time: 69210, task_app_start_time:253160102210455, task_sched_time:253161125645080
app_id: 0, app_name: SAR_api-aarch64, task_id: 677, task_name: DASH_ZIP, resource_name: zip1, ref_start_time: 253161125947750, ref_stop_time: 253161126066250, actual_exe_time: 118500, task_app_start_time:253160102210455, task_sched_time:253161125900740
app_id: 0, app_name: SAR_api-aarch64, task_id: 678, task_name: DASH_FFT, resource_name: cpu1, ref_start_time: 253161126642280, ref_stop_time: 253161126731950, actual_exe_time: 89670, task_app_start_time:253160102210455, task_sched_time:253161126636310
app_id: 0, app_name: SAR_api-aarch64, task_id: 679, task_name: DASH_FFT, resource_name: cpu2, ref_start_time: 253161127060150, ref_stop_time: 253161127149610, actual_exe_time: 89460, task_app_start_time:253160102210455, task_sched_time:253161127057540
app_id: 0, app_name: SAR_api-aarch64, task_id: 680, task_name: DASH_ZIP, resource_name: cpu3, ref_start_time: 253161127580680, ref_stop_time: 253161127654540, actual_exe_time: 73860, task_app_start_time:253160102210455, task_sched_time:253161127539760
app_id: 0, app_name: SAR_api-aarch64, task_id: 681, task_name: DASH_FFT, resource_name: fft1, ref_start_time: 253161127987480, ref_stop_time: 253161128094640, actual_exe_time: 107160, task_app_start_time:253160102210455, task_sched_time:253161127976890
app_id: 0, app_name: SAR_api-aarch64, task_id: 682, task_name: DASH_FFT, resource_name: fft2, ref_start_time: 253161128451160, ref_stop_time: 253161128519980, actual_exe_time: 68820, task_app_start_time:253160102210455, task_sched_time:253161128445700
app_id: 0, app_name: SAR_api-aarch64, task_id: 683, task_name: DASH_ZIP, resource_name: zip1, ref_start_time: 253161128984110, ref_stop_time: 253161129100690, actual_exe_time: 116580, task_app_start_time:253160102210455, task_sched_time:253161128939110
app_id: 0, app_name: SAR_api-aarch64, task_id: 684, task_name: DASH_FFT, resource_name: cpu1, ref_start_time: 253161129512381, ref_stop_time: 253161129601271, actual_exe_time: 88890, task_app_start_time:253160102210455, task_sched_time:253161129508301
app_id: 0, app_name: SAR_api-aarch64, task_id: 685, task_name: DASH_FFT, resource_name: cpu2, ref_start_time: 253161129836981, ref_stop_time: 253161129927221, actual_exe_time: 90240, task_app_start_time:253160102210455, task_sched_time:253161129832001
app_id: 0, app_name: SAR_api-aarch64, task_id: 686, task_name: DASH_ZIP, resource_name: cpu3, ref_start_time: 253161130438811, ref_stop_time: 253161130512551, actual_exe_time: 73740, task_app_start_time:253160102210455, task_sched_time:253161130396181
app_id: 0, app_name: SAR_api-aarch64, task_id: 687, task_name: DASH_FFT, resource_name: fft1, ref_start_time: 253161130799321, ref_stop_time: 253161130903541, actual_exe_time: 104220, task_app_start_time:253160102210455, task_sched_time:253161130794851
app_id: 0, app_name: SAR_api-aarch64, task_id: 688, task_name: DASH_FFT, resource_name: fft2, ref_start_time: 253161131309801, ref_stop_time: 253161131379341, actual_exe_time: 69540, task_app_start_time:253160102210455, task_sched_time:253161131301161
app_id: 0, app_name: SAR_api-aarch64, task_id: 689, task_name: DASH_ZIP, resource_name: zip1, ref_start_time: 253161131557061, ref_stop_time: 253161131673911, actual_exe_time: 116850, task_app_start_time:253160102210455, task_sched_time:253161131547521
app_id: 0, app_name: SAR_api-aarch64, task_id: 690, task_name: DASH_FFT, resource_name: cpu1, ref_start_time: 253161132223871, ref_stop_time: 253161132313181, actual_exe_time: 89310, task_app_start_time:253160102210455, task_sched_time:253161132219671
app_id: 0, app_name: SAR_api-aarch64, task_id: 691, task_name: DASH_FFT, resource_name: cpu2, ref_start_time: 253161132742721, ref_stop_time: 253161132831761, actual_exe_time: 89040, task_app_start_time:253160102210455, task_sched_time:253161132739091
app_id: 0, app_name: SAR_api-aarch64, task_id: 692, task_name: DASH_ZIP, resource_name: cpu3, ref_start_time: 253161133059401, ref_stop_time: 253161133133201, actual_exe_time: 73800, task_app_start_time:253160102210455, task_sched_time:253161133017551
app_id: 0, app_name: SAR_api-aarch64, task_id: 693, task_name: DASH_FFT, resource_name: fft1, ref_start_time: 253161133669991, ref_stop_time: 253161133774421, actual_exe_time: 104430, task_app_start_time:253160102210455, task_sched_time:253161133659131
app_id: 0, app_name: SAR_api-aarch64, task_id: 694, task_name: DASH_FFT, resource_name: fft2, ref_start_time: 253161134138531, ref_stop_time: 253161134206421, actual_exe_time: 67890, task_app_start_time:253160102210455, task_sched_time:253161134129081
app_id: 0, app_name: SAR_api-aarch64, task_id: 695, task_name: DASH_ZIP, resource_name: zip1, ref_start_time: 253161134625251, ref_stop_time: 253161134742101, actual_exe_time: 116850, task_app_start_time:253160102210455, task_sched_time:253161134622161
app_id: 0, app_name: SAR_api-aarch64, task_id: 696, task_name: DASH_FFT, resource_name: cpu1, ref_start_time: 253161135140861, ref_stop_time: 253161135230801, actual_exe_time: 89940, task_app_start_time:253160102210455, task_sched_time:253161135127331
app_id: 0, app_name: SAR_api-aarch64, task_id: 697, task_name: DASH_FFT, resource_name: cpu2, ref_start_time: 253161135577782, ref_stop_time: 253161135667992, actual_exe_time: 90210, task_app_start_time:253160102210455, task_sched_time:253161135572352
app_id: 0, app_name: SAR_api-aarch64, task_id: 698, task_name: DASH_ZIP, resource_name: cpu3, ref_start_time: 253161135919902, ref_stop_time: 253161136074942, actual_exe_time: 155040, task_app_start_time:253160102210455, task_sched_time:253161135909432
app_id: 0, app_name: SAR_api-aarch64, task_id: 699, task_name: DASH_FFT, resource_name: fft1, ref_start_time: 253161136422492, ref_stop_time: 253161136526262, actual_exe_time: 103770, task_app_start_time:253160102210455, task_sched_time:253161136419462
app_id: 0, app_name: SAR_api-aarch64, task_id: 700, task_name: DASH_FFT, resource_name: fft2, ref_start_time: 253161136781682, ref_stop_time: 253161136850622, actual_exe_time: 68940, task_app_start_time:253160102210455, task_sched_time:253161136776792
app_id: 0, app_name: SAR_api-aarch64, task_id: 701, task_name: DASH_ZIP, resource_name: zip1, ref_start_time: 253161137332632, ref_stop_time: 253161137448942, actual_exe_time: 116310, task_app_start_time:253160102210455, task_sched_time:253161137320002
app_id: 0, app_name: SAR_api-aarch64, task_id: 702, task_name: DASH_FFT, resource_name: cpu1, ref_start_time: 253161137792922, ref_stop_time: 253161137881872, actual_exe_time: 88950, task_app_start_time:253160102210455, task_sched_time:253161137786622
app_id: 0, app_name: SAR_api-aarch64, task_id: 703, task_name: DASH_FFT, resource_name: cpu2, ref_start_time: 253161138285342, ref_stop_time: 253161138374742, actual_exe_time: 89400, task_app_start_time:253160102210455, task_sched_time:253161138280392
app_id: 0, app_name: SAR_api-aarch64, task_id: 704, task_name: DASH_ZIP, resource_name: cpu3, ref_start_time: 253161138730392, ref_stop_time: 253161138804282, actual_exe_time: 73890, task_app_start_time:253160102210455, task_sched_time:253161138687372
app_id: 0, app_name: SAR_api-aarch64, task_id: 705, task_name: DASH_FFT, resource_name: fft1, ref_start_time: 253161139221822, ref_stop_time: 253161139326162, actual_exe_time: 104340, task_app_start_time:253160102210455, task_sched_time:253161139212612
app_id: 0, app_name: SAR_api-aarch64, task_id: 706, task_name: DASH_FFT, resource_name: fft2, ref_start_time: 253161139581972, ref_stop_time: 253161139652682, actual_exe_time: 70710, task_app_start_time:253160102210455, task_sched_time:253161139577232
app_id: 0, app_name: SAR_api-aarch64, task_id: 707, task_name: DASH_ZIP, resource_name: zip1, ref_start_time: 253161140157042, ref_stop_time: 253161140278932, actual_exe_time: 121890, task_app_start_time:253160102210455, task_sched_time:253161140118132
app_id: 0, app_name: SAR_api-aarch64, task_id: 708, task_name: DASH_FFT, resource_name: cpu1, ref_start_time: 253161140543772, ref_stop_time: 253161140633502, actual_exe_time: 89730, task_app_start_time:253160102210455, task_sched_time:253161140535312
app_id: 0, app_name: SAR_api-aarch64, task_id: 709, task_name: DASH_FFT, resource_name: cpu2, ref_start_time: 253161141119652, ref_stop_time: 253161141208872, actual_exe_time: 89220, task_app_start_time:253160102210455, task_sched_time:253161141116832
app_id: 0, app_name: SAR_api-aarch64, task_id: 710, task_name: DASH_ZIP, resource_name: cpu3, ref_start_time: 253161141643933, ref_stop_time: 253161141717793, actual_exe_time: 73860, task_app_start_time:253160102210455, task_sched_time:253161141596143
app_id: 0, app_name: SAR_api-aarch64, task_id: 711, task_name: DASH_FFT, resource_name: fft1, ref_start_time: 253161142056193, ref_stop_time: 253161142168933, actual_exe_time: 112740, task_app_start_time:253160102210455, task_sched_time:253161142049233
app_id: 0, app_name: SAR_api-aarch64, task_id: 712, task_name: DASH_FFT, resource_name: fft2, ref_start_time: 253161142495453, ref_stop_time: 253161142573273, actual_exe_time: 77820, task_app_start_time:253160102210455, task_sched_time:253161142486363
app_id: 0, app_name: SAR_api-aarch64, task_id: 713, task_name: DASH_ZIP, resource_name: zip1, ref_start_time: 253161142980283, ref_stop_time: 253161143097373, actual_exe_time: 117090, task_app_start_time:253160102210455, task_sched_time:253161142969333
app_id: 0, app_name: SAR_api-aarch64, task_id: 714, task_name: DASH_FFT, resource_name: cpu1, ref_start_time: 253161143494633, ref_stop_time: 253161143583433, actual_exe_time: 88800, task_app_start_time:253160102210455, task_sched_time:253161143485393
app_id: 0, app_name: SAR_api-aarch64, task_id: 715, task_name: DASH_FFT, resource_name: cpu2, ref_start_time: 253161143929963, ref_stop_time: 253161144029053, actual_exe_time: 99090, task_app_start_time:253160102210455, task_sched_time:253161143926903
app_id: 0, app_name: SAR_api-aarch64, task_id: 716, task_name: DASH_ZIP, resource_name: cpu3, ref_start_time: 253161144194533, ref_stop_time: 253161144268063, actual_exe_time: 73530, task_app_start_time:253160102210455, task_sched_time:253161144191173
app_id: 0, app_name: SAR_api-aarch64, task_id: 717, task_name: DASH_FFT, resource_name: fft1, ref_start_time: 253161144787963, ref_stop_time: 253161144891793, actual_exe_time: 103830, task_app_start_time:253160102210455, task_sched_time:253161144782023
app_id: 0, app_name: SAR_api-aarch64, task_id: 718, task_name: DASH_FFT, resource_name: fft2, ref_start_time: 253161145215343, ref_stop_time: 253161145285183, actual_exe_time: 69840, task_app_start_time:253160102210455, task_sched_time:253161145210543
app_id: 0, app_name: SAR_api-aarch64, task_id: 719, task_name: DASH_ZIP, resource_name: zip1, ref_start_time: 253161145706713, ref_stop_time: 253161145823023, actual_exe_time: 116310, task_app_start_time:253160102210455, task_sched_time:253161145685773
app_id: 0, app_name: SAR_api-aarch64, task_id: 720, task_name: DASH_FFT, resource_name: cpu1, ref_start_time: 253161146218903, ref_stop_time: 253161146307823, actual_exe_time: 88920, task_app_start_time:253160102210455, task_sched_time:253161146207473
app_id: 0, app_name: SAR_api-aarch64, task_id: 721, task_name: DASH_FFT, resource_name: cpu2, ref_start_time: 253161146630713, ref_stop_time: 253161146720173, actual_exe_time: 89460, task_app_start_time:253160102210455, task_sched_time:253161146626603
app_id: 0, app_name: SAR_api-aarch64, task_id: 722, task_name: DASH_ZIP, resource_name: cpu3, ref_start_time: 253161147162553, ref_stop_time: 253161147236443, actual_exe_time: 73890, task_app_start_time:253160102210455, task_sched_time:253161147111823
app_id: 0, app_name: SAR_api-aarch64, task_id: 723, task_name: DASH_FFT, resource_name: fft1, ref_start_time: 253161147566773, ref_stop_time: 253161147673033, actual_exe_time: 106260, task_app_start_time:253160102210455, task_sched_time:253161147562303
app_id: 0, app_name: SAR_api-aarch64, task_id: 724, task_name: DASH_FFT, resource_name: fft2, ref_start_time: 253161147898064, ref_stop_time: 253161147968714, actual_exe_time: 70650, task_app_start_time:253160102210455, task_sched_time:253161147889964
app_id: 0, app_name: SAR_api-aarch64, task_id: 725, task_name: DASH_ZIP, resource_name: zip1, ref_start_time: 253161148506494, ref_stop_time: 253161148622834, actual_exe_time: 116340, task_app_start_time:253160102210455, task_sched_time:253161148495574
app_id: 0, app_name: SAR_api-aarch64, task_id: 726, task_name: DASH_FFT, resource_name: cpu1, ref_start_time: 253161149097644, ref_stop_time: 253161149187164, actual_exe_time: 89520, task_app_start_time:253160102210455, task_sched_time:253161149085434
app_id: 0, app_name: SAR_api-aarch64, task_id: 727, task_name: DASH_FFT, resource_name: cpu2, ref_start_time: 253161149505464, ref_stop_time: 253161149594564, actual_exe_time: 89100, task_app_start_time:253160102210455, task_sched_time:253161149501024
app_id: 0, app_name: SAR_api-aarch64, task_id: 728, task_name: DASH_ZIP, resource_name: cpu3, ref_start_time: 253161150036764, ref_stop_time: 253161150110504, actual_exe_time: 73740, task_app_start_time:253160102210455, task_sched_time:253161149985164
app_id: 0, app_name: SAR_api-aarch64, task_id: 729, task_name: DASH_FFT, resource_name: fft1, ref_start_time: 253161150462794, ref_stop_time: 253161150576134, actual_exe_time: 113340, task_app_start_time:253160102210455, task_sched_time:253161150448994
app_id: 0, app_name: SAR_api-aarch64, task_id: 730, task_name: DASH_FFT, resource_name: fft2, ref_start_time: 253161150928994, ref_stop_time: 253161150999734, actual_exe_time: 70740, task_app_start_time:253160102210455, task_sched_time:253161150921284
app_id: 0, app_name: SAR_api-aarch64, task_id: 731, task_name: DASH_ZIP, resource_name: zip1, ref_start_time: 253161151319444, ref_stop_time: 253161151436294, actual_exe_time: 116850, task_app_start_time:253160102210455, task_sched_time:253161151305404
app_id: 0, app_name: SAR_api-aarch64, task_id: 732, task_name: DASH_FFT, resource_name: cpu1, ref_start_time: 253161151890344, ref_stop_time: 253161151980674, actual_exe_time: 90330, task_app_start_time:253160102210455, task_sched_time:253161151886084
app_id: 0, app_name: SAR_api-aarch64, task_id: 733, task_name: DASH_FFT, resource_name: cpu2, ref_start_time: 253161152154494, ref_stop_time: 253161152244164, actual_exe_time: 89670, task_app_start_time:253160102210455, task_sched_time:253161152149994
app_id: 0, app_name: SAR_api-aarch64, task_id: 734, task_name: DASH_ZIP, resource_name: cpu3, ref_start_time: 253161152803394, ref_stop_time: 253161152877134, actual_exe_time: 73740, task_app_start_time:253160102210455, task_sched_time:253161152797244
app_id: 0, app_name: SAR_api-aarch64, task_id: 735, task_name: DASH_FFT, resource_name: fft1, ref_start_time: 253161153197954, ref_stop_time: 253161153302354, actual_exe_time: 104400, task_app_start_time:253160102210455, task_sched_time:253161153193784
app_id: 0, app_name: SAR_api-aarch64, task_id: 736, task_name: DASH_FFT, resource_name: fft2, ref_start_time: 253161153631874, ref_stop_time: 253161153701834, actual_exe_time: 69960, task_app_start_time:253160102210455, task_sched_time:253161153628394
app_id: 0, app_name: SAR_api-aarch64, task_id: 737, task_name: DASH_ZIP, resource_name: zip1, ref_start_time: 253161154180485, ref_stop_time: 253161154296915, actual_exe_time: 116430, task_app_start_time:253160102210455, task_sched_time:253161154143645
app_id: 0, app_name: SAR_api-aarch64, task_id: 738, task_name: DASH_FFT, resource_name: cpu1, ref_start_time: 253161154676955, ref_stop_time: 253161154767855, actual_exe_time: 90900, task_app_start_time:253160102210455, task_sched_time:253161154664265
app_id: 0, app_name: SAR_api-aarch64, task_id: 739, task_name: DASH_FFT, resource_name: cpu2, ref_start_time: 253161155097315, ref_stop_time: 253161155188605, actual_exe_time: 91290, task_app_start_time:253160102210455, task_sched_time:253161155088855
app_id: 0, app_name: SAR_api-aarch64, task_id: 740, task_name: DASH_ZIP, resource_name: cpu3, ref_start_time: 253161155588805, ref_stop_time: 253161155662665, actual_exe_time: 73860, task_app_start_time:253160102210455, task_sched_time:253161155583225
app_id: 0, app_name: SAR_api-aarch64, task_id: 741, task_name: DASH_FFT, resource_name: fft1, ref_start_time: 253161155813655, ref_stop_time: 253161155917575, actual_exe_time: 103920, task_app_start_time:253160102210455, task_sched_time:253161155801685
app_id: 0, app_name: SAR_api-aarch64, task_id: 742, task_name: DASH_FFT, resource_name: fft2, ref_start_time: 253161156380985, ref_stop_time: 253161156449715, actual_exe_time: 68730, task_app_start_time:253160102210455, task_sched_time:253161156374115
app_id: 0, app_name: SAR_api-aarch64, task_id: 743, task_name: DASH_ZIP, resource_name: zip1, ref_start_time: 253161156846915, ref_stop_time: 253161156963195, actual_exe_time: 116280, task_app_start_time:253160102210455, task_sched_time:253161156839685
app_id: 0, app_name: SAR_api-aarch64, task_id: 744, task_name: DASH_FFT, resource_name: cpu1, ref_start_time: 253161157366155, ref_stop_time: 253161157455165, actual_exe_time: 89010, task_app_start_time:253160102210455, task_sched_time:253161157363275
app_id: 0, app_name: SAR_api-aarch64, task_id: 745, task_name: DASH_FFT, resource_name: cpu2, ref_start_time: 253161157815285, ref_stop_time: 253161157904385, actual_exe_time: 89100, task_app_start_time:253160102210455, task_sched_time:253161157809465
app_id: 0, app_name: SAR_api-aarch64, task_id: 746, task_name: DASH_ZIP, resource_name: cpu3, ref_start_time: 253161158308305, ref_stop_time: 253161158382465, actual_exe_time: 74160, task_app_start_time:253160102210455, task_sched_time:253161158294535
app_id: 0, app_name: SAR_api-aarch64, task_id: 747, task_name: DASH_FFT, resource_name: fft1, ref_start_time: 253161158747445, ref_stop_time: 253161158853795, actual_exe_time: 106350, task_app_start_time:253160102210455, task_sched_time:253161158733315
app_id: 0, app_name: SAR_api-aarch64, task_id: 748, task_name: DASH_FFT, resource_name: fft2, ref_start_time: 253161159109845, ref_stop_time: 253161159179565, actual_exe_time: 69720, task_app_start_time:253160102210455, task_sched_time:253161159103305
app_id: 0, app_name: SAR_api-aarch64, task_id: 749, task_name: DASH_ZIP, resource_name: zip1, ref_start_time: 253161159691665, ref_stop_time: 253161159807885, actual_exe_time: 116220, task_app_start_time:253160102210455, task_sched_time:253161159648105
app_id: 0, app_name: SAR_api-aarch64, task_id: 750, task_name: DASH_FFT, resource_name: cpu1, ref_start_time: 253161160036605, ref_stop_time: 253161160127145, actual_exe_time: 90540, task_app_start_time:253160102210455, task_sched_time:253161160024575
app_id: 0, app_name: SAR_api-aarch64, task_id: 751, task_name: DASH_FFT, resource_name: cpu2, ref_start_time: 253161160491466, ref_stop_time: 253161160584106, actual_exe_time: 92640, task_app_start_time:253160102210455, task_sched_time:253161160482406
app_id: 0, app_name: SAR_api-aarch64, task_id: 752, task_name: DASH_ZIP, resource_name: cpu3, ref_start_time: 253161161132416, ref_stop_time: 253161161206426, actual_exe_time: 74010, task_app_start_time:253160102210455, task_sched_time:253161161073946
app_id: 0, app_name: SAR_api-aarch64, task_id: 753, task_name: DASH_FFT, resource_name: fft1, ref_start_time: 253161161389426, ref_stop_time: 253161161497186, actual_exe_time: 107760, task_app_start_time:253160102210455, task_sched_time:253161161378416
app_id: 0, app_name: SAR_api-aarch64, task_id: 754, task_name: DASH_FFT, resource_name: fft2, ref_start_time: 253161161961526, ref_stop_time: 253161162029326, actual_exe_time: 67800, task_app_start_time:253160102210455, task_sched_time:253161161955016
app_id: 0, app_name: SAR_api-aarch64, task_id: 755, task_name: DASH_ZIP, resource_name: zip1, ref_start_time: 253161162466366, ref_stop_time: 253161162586756, actual_exe_time: 120390, task_app_start_time:253160102210455, task_sched_time:253161162423736
app_id: 0, app_name: SAR_api-aarch64, task_id: 756, task_name: DASH_FFT, resource_name: cpu1, ref_start_time: 253161162968806, ref_stop_time: 253161163069276, actual_exe_time: 100470, task_app_start_time:253160102210455, task_sched_time:253161162965746
app_id: 0, app_name: SAR_api-aarch64, task_id: 757, task_name: DASH_FFT, resource_name: cpu2, ref_start_time: 253161163399006, ref_stop_time: 253161163495216, actual_exe_time: 96210, task_app_start_time:253160102210455, task_sched_time:253161163392826
app_id: 0, app_name: SAR_api-aarch64, task_id: 758, task_name: DASH_ZIP, resource_name: cpu3, ref_start_time: 253161163898356, ref_stop_time: 253161163971946, actual_exe_time: 73590, task_app_start_time:253160102210455, task_sched_time:253161163895626
app_id: 0, app_name: SAR_api-aarch64, task_id: 759, task_name: DASH_FFT, resource_name: fft1, ref_start_time: 253161164299336, ref_stop_time: 253161164403826, actual_exe_time: 104490, task_app_start_time:253160102210455, task_sched_time:253161164289616
app_id: 0, app_name: SAR_api-aarch64, task_id: 760, task_name: DASH_FFT, resource_name: fft2, ref_start_time: 253161164664976, ref_stop_time: 253161164735056, actual_exe_time: 70080, task_app_start_time:253160102210455, task_sched_time:253161164655916
app_id: 0, app_name: SAR_api-aarch64, task_id: 761, task_name: DASH_ZIP, resource_name: zip1, ref_start_time: 253161165248626, ref_stop_time: 253161165370606, actual_exe_time: 121980, task_app_start_time:253160102210455, task_sched_time:253161165209596
app_id: 0, app_name: SAR_api-aarch64, task_id: 762, task_name: DASH_FFT, resource_name: cpu1, ref_start_time: 253161165693586, ref_stop_time: 253161165783946, actual_exe_time: 90360, task_app_start_time:253160102210455, task_sched_time:253161165680146
app_id: 0, app_name: SAR_api-aarch64, task_id: 763, task_name: DASH_FFT, resource_name: cpu2, ref_start_time: 253161166134376, ref_stop_time: 253161166225516, actual_exe_time: 91140, task_app_start_time:253160102210455, task_sched_time:253161166127776
app_id: 0, app_name: SAR_api-aarch64, task_id: 764, task_name: DASH_ZIP, resource_name: cpu3, ref_start_time: 253161166425526, ref_stop_time: 253161166499447, actual_exe_time: 73921, task_app_start_time:253160102210455, task_sched_time:253161166414696
app_id: 0, app_name: SAR_api-aarch64, task_id: 765, task_name: DASH_FFT, resource_name: fft1, ref_start_time: 253161167028077, ref_stop_time: 253161167134487, actual_exe_time: 106410, task_app_start_time:253160102210455, task_sched_time:253161167022077
app_id: 0, app_name: SAR_api-aarch64, task_id: 766, task_name: DASH_FFT, resource_name: fft2, ref_start_time: 253161167468387, ref_stop_time: 253161167538287, actual_exe_time: 69900, task_app_start_time:253160102210455, task_sched_time:253161167458337
app_id: 0, app_name: SAR_api-aarch64, task_id: 767, task_name: DASH_ZIP, resource_name: zip1, ref_start_time: 253161167950817, ref_stop_time: 253161168067397, actual_exe_time: 116580, task_app_start_time:253160102210455, task_sched_time:253161167935097
app_id: 0, app_name: SAR_api-aarch64, task_id: 768, task_name: DASH_FFT, resource_name: cpu1, ref_start_time: 253161168435227, ref_stop_time: 253161168525107, actual_exe_time: 89880, task_app_start_time:253160102210455, task_sched_time:253161168431567
app_id: 0, app_name: SAR_api-aarch64, task_id: 769, task_name: DASH_FFT, resource_name: cpu2, ref_start_time: 253161203091322, ref_stop_time: 253161203143882, actual_exe_time: 52560, task_app_start_time:253160102210455, task_sched_time:253161203084542
app_id: 0, app_name: SAR_api-aarch64, task_id: 770, task_name: DASH_FFT, resource_name: cpu3, ref_start_time: 253161203573422, ref_stop_time: 253161203638822, actual_exe_time: 65400, task_app_start_time:253160102210455, task_sched_time:253161203521372
app_id: 0, app_name: SAR_api-aarch64, task_id: 771, task_name: DASH_FFT, resource_name: fft1, ref_start_time: 253161203773703, ref_stop_time: 253161203814143, actual_exe_time: 40440, task_app_start_time:253160102210455, task_sched_time:253161203763383
app_id: 0, app_name: SAR_api-aarch64, task_id: 772, task_name: DASH_FFT, resource_name: fft2, ref_start_time: 253161204356783, ref_stop_time: 253161204406763, actual_exe_time: 49980, task_app_start_time:253160102210455, task_sched_time:253161204351563
app_id: 0, app_name: SAR_api-aarch64, task_id: 773, task_name: DASH_FFT, resource_name: cpu1, ref_start_time: 253161204904283, ref_stop_time: 253161204945653, actual_exe_time: 41370, task_app_start_time:253160102210455, task_sched_time:253161204901703
app_id: 0, app_name: SAR_api-aarch64, task_id: 774, task_name: DASH_FFT, resource_name: cpu2, ref_start_time: 253161205323503, ref_stop_time: 253161205374203, actual_exe_time: 50700, task_app_start_time:253160102210455, task_sched_time:253161205313783
app_id: 0, app_name: SAR_api-aarch64, task_id: 775, task_name: DASH_FFT, resource_name: cpu3, ref_start_time: 253161205771073, ref_stop_time: 253161205817813, actual_exe_time: 46740, task_app_start_time:253160102210455, task_sched_time:253161205731233
app_id: 0, app_name: SAR_api-aarch64, task_id: 776, task_name: DASH_FFT, resource_name: fft1, ref_start_time: 253161206179343, ref_stop_time: 253161206225033, actual_exe_time: 45690, task_app_start_time:253160102210455, task_sched_time:253161206173883
app_id: 0, app_name: SAR_api-aarch64, task_id: 777, task_name: DASH_FFT, resource_name: fft2, ref_start_time: 253161206605943, ref_stop_time: 253161206646083, actual_exe_time: 40140, task_app_start_time:253160102210455, task_sched_time:253161206597543
app_id: 0, app_name: SAR_api-aarch64, task_id: 778, task_name: DASH_FFT, resource_name: cpu1, ref_start_time: 253161207057923, ref_stop_time: 253161207103913, actual_exe_time: 45990, task_app_start_time:253160102210455, task_sched_time:253161207054893
app_id: 0, app_name: SAR_api-aarch64, task_id: 779, task_name: DASH_FFT, resource_name: cpu2, ref_start_time: 253161207545573, ref_stop_time: 253161207588683, actual_exe_time: 43110, task_app_start_time:253160102210455, task_sched_time:253161207537503
app_id: 0, app_name: SAR_api-aarch64, task_id: 780, task_name: DASH_FFT, resource_name: cpu3, ref_start_time: 253161207824303, ref_stop_time: 253161207871943, actual_exe_time: 47640, task_app_start_time:253160102210455, task_sched_time:253161207761663
app_id: 0, app_name: SAR_api-aarch64, task_id: 781, task_name: DASH_FFT, resource_name: fft1, ref_start_time: 253161208404563, ref_stop_time: 253161208441463, actual_exe_time: 36900, task_app_start_time:253160102210455, task_sched_time:253161208401383
app_id: 0, app_name: SAR_api-aarch64, task_id: 782, task_name: DASH_FFT, resource_name: fft2, ref_start_time: 253161208837763, ref_stop_time: 253161208884983, actual_exe_time: 47220, task_app_start_time:253160102210455, task_sched_time:253161208829333
app_id: 0, app_name: SAR_api-aarch64, task_id: 783, task_name: DASH_FFT, resource_name: cpu1, ref_start_time: 253161209378423, ref_stop_time: 253161209418143, actual_exe_time: 39720, task_app_start_time:253160102210455, task_sched_time:253161209371643
app_id: 0, app_name: SAR_api-aarch64, task_id: 784, task_name: DASH_FFT, resource_name: cpu2, ref_start_time: 253161209781983, ref_stop_time: 253161209832113, actual_exe_time: 50130, task_app_start_time:253160102210455, task_sched_time:253161209777513
app_id: 0, app_name: SAR_api-aarch64, task_id: 785, task_name: DASH_FFT, resource_name: cpu3, ref_start_time: 253161210239784, ref_stop_time: 253161210280914, actual_exe_time: 41130, task_app_start_time:253160102210455, task_sched_time:253161210190044
app_id: 0, app_name: SAR_api-aarch64, task_id: 786, task_name: DASH_FFT, resource_name: fft1, ref_start_time: 253161210727434, ref_stop_time: 253161210771084, actual_exe_time: 43650, task_app_start_time:253160102210455, task_sched_time:253161210715974
app_id: 0, app_name: SAR_api-aarch64, task_id: 787, task_name: DASH_FFT, resource_name: fft2, ref_start_time: 253161211058634, ref_stop_time: 253161211101714, actual_exe_time: 43080, task_app_start_time:253160102210455, task_sched_time:253161211052274
app_id: 0, app_name: SAR_api-aarch64, task_id: 788, task_name: DASH_FFT, resource_name: cpu1, ref_start_time: 253161211683294, ref_stop_time: 253161211729674, actual_exe_time: 46380, task_app_start_time:253160102210455, task_sched_time:253161211678074
app_id: 0, app_name: SAR_api-aarch64, task_id: 789, task_name: DASH_FFT, resource_name: cpu2, ref_start_time: 253161212016624, ref_stop_time: 253161212060514, actual_exe_time: 43890, task_app_start_time:253160102210455, task_sched_time:253161212011794
app_id: 0, app_name: SAR_api-aarch64, task_id: 790, task_name: DASH_FFT, resource_name: cpu3, ref_start_time: 253161212557734, ref_stop_time: 253161212605764, actual_exe_time: 48030, task_app_start_time:253160102210455, task_sched_time:253161212507394
app_id: 0, app_name: SAR_api-aarch64, task_id: 791, task_name: DASH_FFT, resource_name: fft1, ref_start_time: 253161212825394, ref_stop_time: 253161212862804, actual_exe_time: 37410, task_app_start_time:253160102210455, task_sched_time:253161212820714
app_id: 0, app_name: SAR_api-aarch64, task_id: 792, task_name: DASH_FFT, resource_name: fft2, ref_start_time: 253161213431574, ref_stop_time: 253161213479154, actual_exe_time: 47580, task_app_start_time:253160102210455, task_sched_time:253161213427344
app_id: 0, app_name: SAR_api-aarch64, task_id: 793, task_name: DASH_FFT, resource_name: cpu1, ref_start_time: 253161214004904, ref_stop_time: 253161214044594, actual_exe_time: 39690, task_app_start_time:253160102210455, task_sched_time:253161214001514
app_id: 0, app_name: SAR_api-aarch64, task_id: 794, task_name: DASH_FFT, resource_name: cpu2, ref_start_time: 253161214436514, ref_stop_time: 253161214487304, actual_exe_time: 50790, task_app_start_time:253160102210455, task_sched_time:253161214432224
app_id: 0, app_name: SAR_api-aarch64, task_id: 795, task_name: DASH_FFT, resource_name: cpu3, ref_start_time: 253161214958544, ref_stop_time: 253161214999314, actual_exe_time: 40770, task_app_start_time:253160102210455, task_sched_time:253161214897824
app_id: 0, app_name: SAR_api-aarch64, task_id: 796, task_name: DASH_FFT, resource_name: fft1, ref_start_time: 253161215367204, ref_stop_time: 253161215411004, actual_exe_time: 43800, task_app_start_time:253160102210455, task_sched_time:253161215361804
app_id: 0, app_name: SAR_api-aarch64, task_id: 797, task_name: DASH_FFT, resource_name: fft2, ref_start_time: 253161215766954, ref_stop_time: 253161215807184, actual_exe_time: 40230, task_app_start_time:253160102210455, task_sched_time:253161215761644
app_id: 0, app_name: SAR_api-aarch64, task_id: 798, task_name: DASH_FFT, resource_name: cpu1, ref_start_time: 253161216264535, ref_stop_time: 253161216310195, actual_exe_time: 45660, task_app_start_time:253160102210455, task_sched_time:253161216259825
app_id: 0, app_name: SAR_api-aarch64, task_id: 799, task_name: DASH_FFT, resource_name: cpu2, ref_start_time: 253161216764215, ref_stop_time: 253161216807805, actual_exe_time: 43590, task_app_start_time:253160102210455, task_sched_time:253161216758515
app_id: 0, app_name: SAR_api-aarch64, task_id: 800, task_name: DASH_FFT, resource_name: cpu3, ref_start_time: 253161217024195, ref_stop_time: 253161217071415, actual_exe_time: 47220, task_app_start_time:253160102210455, task_sched_time:253161217016305
app_id: 0, app_name: SAR_api-aarch64, task_id: 801, task_name: DASH_FFT, resource_name: fft1, ref_start_time: 253161217585495, ref_stop_time: 253161217622275, actual_exe_time: 36780, task_app_start_time:253160102210455, task_sched_time:253161217572505
app_id: 0, app_name: SAR_api-aarch64, task_id: 802, task_name: DASH_FFT, resource_name: fft2, ref_start_time: 253161218006725, ref_stop_time: 253161218054185, actual_exe_time: 47460, task_app_start_time:253160102210455, task_sched_time:253161218003755
app_id: 0, app_name: SAR_api-aarch64, task_id: 803, task_name: DASH_FFT, resource_name: cpu1, ref_start_time: 253161218559025, ref_stop_time: 253161218599435, actual_exe_time: 40410, task_app_start_time:253160102210455, task_sched_time:253161218541565
app_id: 0, app_name: SAR_api-aarch64, task_id: 804, task_name: DASH_FFT, resource_name: cpu2, ref_start_time: 253161218976325, ref_stop_time: 253161219027055, actual_exe_time: 50730, task_app_start_time:253160102210455, task_sched_time:253161218971555
app_id: 0, app_name: SAR_api-aarch64, task_id: 805, task_name: DASH_FFT, resource_name: cpu3, ref_start_time: 253161219420565, ref_stop_time: 253161219466825, actual_exe_time: 46260, task_app_start_time:253160102210455, task_sched_time:253161219385975
app_id: 0, app_name: SAR_api-aarch64, task_id: 806, task_name: DASH_FFT, resource_name: fft1, ref_start_time: 253161219839425, ref_stop_time: 253161219883255, actual_exe_time: 43830, task_app_start_time:253160102210455, task_sched_time:253161219834235
app_id: 0, app_name: SAR_api-aarch64, task_id: 807, task_name: DASH_FFT, resource_name: fft2, ref_start_time: 253161220237765, ref_stop_time: 253161220278505, actual_exe_time: 40740, task_app_start_time:253160102210455, task_sched_time:253161220233985
app_id: 0, app_name: SAR_api-aarch64, task_id: 808, task_name: DASH_FFT, resource_name: cpu1, ref_start_time: 253161220563745, ref_stop_time: 253161220609465, actual_exe_time: 45720, task_app_start_time:253160102210455, task_sched_time:253161220559575
app_id: 0, app_name: SAR_api-aarch64, task_id: 809, task_name: DASH_FFT, resource_name: cpu2, ref_start_time: 253161221137285, ref_stop_time: 253161221180575, actual_exe_time: 43290, task_app_start_time:253160102210455, task_sched_time:253161221129245
app_id: 0, app_name: SAR_api-aarch64, task_id: 810, task_name: DASH_FFT, resource_name: cpu3, ref_start_time: 253161221544205, ref_stop_time: 253161221591785, actual_exe_time: 47580, task_app_start_time:253160102210455, task_sched_time:253161221534815
app_id: 0, app_name: SAR_api-aarch64, task_id: 811, task_name: DASH_FFT, resource_name: fft1, ref_start_time: 253161221965195, ref_stop_time: 253161222002455, actual_exe_time: 37260, task_app_start_time:253160102210455, task_sched_time:253161221961415
app_id: 0, app_name: SAR_api-aarch64, task_id: 812, task_name: DASH_FFT, resource_name: fft2, ref_start_time: 253161222355255, ref_stop_time: 253161222410486, actual_exe_time: 55231, task_app_start_time:253160102210455, task_sched_time:253161222349585
app_id: 0, app_name: SAR_api-aarch64, task_id: 813, task_name: DASH_FFT, resource_name: cpu1, ref_start_time: 253161222883706, ref_stop_time: 253161222923636, actual_exe_time: 39930, task_app_start_time:253160102210455, task_sched_time:253161222872066
app_id: 0, app_name: SAR_api-aarch64, task_id: 814, task_name: DASH_FFT, resource_name: cpu2, ref_start_time: 253161223282406, ref_stop_time: 253161223333016, actual_exe_time: 50610, task_app_start_time:253160102210455, task_sched_time:253161223278596
app_id: 0, app_name: SAR_api-aarch64, task_id: 815, task_name: DASH_FFT, resource_name: cpu3, ref_start_time: 253161223707446, ref_stop_time: 253161223748036, actual_exe_time: 40590, task_app_start_time:253160102210455, task_sched_time:253161223703816
app_id: 0, app_name: SAR_api-aarch64, task_id: 816, task_name: DASH_FFT, resource_name: fft1, ref_start_time: 253161224077586, ref_stop_time: 253161224120696, actual_exe_time: 43110, task_app_start_time:253160102210455, task_sched_time:253161224065376
app_id: 0, app_name: SAR_api-aarch64, task_id: 817, task_name: DASH_FFT, resource_name: fft2, ref_start_time: 253161224595356, ref_stop_time: 253161224635466, actual_exe_time: 40110, task_app_start_time:253160102210455, task_sched_time:253161224587316
app_id: 0, app_name: SAR_api-aarch64, task_id: 818, task_name: DASH_FFT, resource_name: cpu1, ref_start_time: 253161225060926, ref_stop_time: 253161225105986, actual_exe_time: 45060, task_app_start_time:253160102210455, task_sched_time:253161225050906
app_id: 0, app_name: SAR_api-aarch64, task_id: 819, task_name: DASH_FFT, resource_name: cpu2, ref_start_time: 253161225261326, ref_stop_time: 253161225304226, actual_exe_time: 42900, task_app_start_time:253160102210455, task_sched_time:253161225256676
app_id: 0, app_name: SAR_api-aarch64, task_id: 820, task_name: DASH_FFT, resource_name: cpu3, ref_start_time: 253161225669116, ref_stop_time: 253161225717146, actual_exe_time: 48030, task_app_start_time:253160102210455, task_sched_time:253161225612026
app_id: 0, app_name: SAR_api-aarch64, task_id: 821, task_name: DASH_FFT, resource_name: fft1, ref_start_time: 253161226263656, ref_stop_time: 253161226300916, actual_exe_time: 37260, task_app_start_time:253160102210455, task_sched_time:253161226251896
app_id: 0, app_name: SAR_api-aarch64, task_id: 822, task_name: DASH_FFT, resource_name: fft2, ref_start_time: 253161226695476, ref_stop_time: 253161226743026, actual_exe_time: 47550, task_app_start_time:253160102210455, task_sched_time:253161226688726
app_id: 0, app_name: SAR_api-aarch64, task_id: 823, task_name: DASH_FFT, resource_name: cpu1, ref_start_time: 253161227240846, ref_stop_time: 253161227280716, actual_exe_time: 39870, task_app_start_time:253160102210455, task_sched_time:253161227232746
app_id: 0, app_name: SAR_api-aarch64, task_id: 824, task_name: DASH_FFT, resource_name: cpu2, ref_start_time: 253161227673536, ref_stop_time: 253161227724326, actual_exe_time: 50790, task_app_start_time:253160102210455, task_sched_time:253161227667746
app_id: 0, app_name: SAR_api-aarch64, task_id: 825, task_name: DASH_FFT, resource_name: cpu3, ref_start_time: 253161228099776, ref_stop_time: 253161228140636, actual_exe_time: 40860, task_app_start_time:253160102210455, task_sched_time:253161228096446
app_id: 0, app_name: SAR_api-aarch64, task_id: 826, task_name: DASH_FFT, resource_name: fft1, ref_start_time: 253161228507476, ref_stop_time: 253161228558566, actual_exe_time: 51090, task_app_start_time:253160102210455, task_sched_time:253161228493736
app_id: 0, app_name: SAR_api-aarch64, task_id: 827, task_name: DASH_FFT, resource_name: fft2, ref_start_time: 253161228846087, ref_stop_time: 253161228888597, actual_exe_time: 42510, task_app_start_time:253160102210455, task_sched_time:253161228840627
app_id: 0, app_name: SAR_api-aarch64, task_id: 828, task_name: DASH_FFT, resource_name: cpu1, ref_start_time: 253161229475457, ref_stop_time: 253161229521027, actual_exe_time: 45570, task_app_start_time:253160102210455, task_sched_time:253161229468107
app_id: 0, app_name: SAR_api-aarch64, task_id: 829, task_name: DASH_FFT, resource_name: cpu2, ref_start_time: 253161229808907, ref_stop_time: 253161229852197, actual_exe_time: 43290, task_app_start_time:253160102210455, task_sched_time:253161229804497
app_id: 0, app_name: SAR_api-aarch64, task_id: 830, task_name: DASH_FFT, resource_name: cpu3, ref_start_time: 253161230346177, ref_stop_time: 253161230393457, actual_exe_time: 47280, task_app_start_time:253160102210455, task_sched_time:253161230294007
app_id: 0, app_name: SAR_api-aarch64, task_id: 831, task_name: DASH_FFT, resource_name: fft1, ref_start_time: 253161230623167, ref_stop_time: 253161230660397, actual_exe_time: 37230, task_app_start_time:253160102210455, task_sched_time:253161230618757
app_id: 0, app_name: SAR_api-aarch64, task_id: 832, task_name: DASH_FFT, resource_name: fft2, ref_start_time: 253161231201177, ref_stop_time: 253161231248367, actual_exe_time: 47190, task_app_start_time:253160102210455, task_sched_time:253161231197097
app_id: 0, app_name: SAR_api-aarch64, task_id: 833, task_name: DASH_FFT, resource_name: cpu1, ref_start_time: 253161231698037, ref_stop_time: 253161231737907, actual_exe_time: 39870, task_app_start_time:253160102210455, task_sched_time:253161231694407
app_id: 0, app_name: SAR_api-aarch64, task_id: 834, task_name: DASH_FFT, resource_name: cpu2, ref_start_time: 253161232128027, ref_stop_time: 253161232179627, actual_exe_time: 51600, task_app_start_time:253160102210455, task_sched_time:253161232120497
app_id: 0, app_name: SAR_api-aarch64, task_id: 835, task_name: DASH_FFT, resource_name: cpu3, ref_start_time: 253161232562577, ref_stop_time: 253161232603917, actual_exe_time: 41340, task_app_start_time:253160102210455, task_sched_time:253161232529247
app_id: 0, app_name: SAR_api-aarch64, task_id: 836, task_name: DASH_FFT, resource_name: fft1, ref_start_time: 253161232979607, ref_stop_time: 253161233023047, actual_exe_time: 43440, task_app_start_time:253160102210455, task_sched_time:253161232972107
app_id: 0, app_name: SAR_api-aarch64, task_id: 837, task_name: DASH_FFT, resource_name: fft2, ref_start_time: 253161233389407, ref_stop_time: 253161233429487, actual_exe_time: 40080, task_app_start_time:253160102210455, task_sched_time:253161233386647
app_id: 0, app_name: SAR_api-aarch64, task_id: 838, task_name: DASH_FFT, resource_name: cpu1, ref_start_time: 253161233846337, ref_stop_time: 253161233891307, actual_exe_time: 44970, task_app_start_time:253160102210455, task_sched_time:253161233841837
app_id: 0, app_name: SAR_api-aarch64, task_id: 839, task_name: DASH_FFT, resource_name: cpu2, ref_start_time: 253161234335547, ref_stop_time: 253161234379047, actual_exe_time: 43500, task_app_start_time:253160102210455, task_sched_time:253161234327957
app_id: 0, app_name: SAR_api-aarch64, task_id: 840, task_name: DASH_FFT, resource_name: cpu3, ref_start_time: 253161234692427, ref_stop_time: 253161234739947, actual_exe_time: 47520, task_app_start_time:253160102210455, task_sched_time:253161234666057
app_id: 0, app_name: SAR_api-aarch64, task_id: 841, task_name: DASH_FFT, resource_name: fft1, ref_start_time: 253161235208968, ref_stop_time: 253161235246048, actual_exe_time: 37080, task_app_start_time:253160102210455, task_sched_time:253161235199458
app_id: 0, app_name: SAR_api-aarch64, task_id: 842, task_name: DASH_FFT, resource_name: fft2, ref_start_time: 253161235536718, ref_stop_time: 253161235584448, actual_exe_time: 47730, task_app_start_time:253160102210455, task_sched_time:253161235531888
app_id: 0, app_name: SAR_api-aarch64, task_id: 843, task_name: DASH_FFT, resource_name: cpu1, ref_start_time: 253161236415148, ref_stop_time: 253161236455678, actual_exe_time: 40530, task_app_start_time:253160102210455, task_sched_time:253161236409808
app_id: 0, app_name: SAR_api-aarch64, task_id: 844, task_name: DASH_FFT, resource_name: cpu2, ref_start_time: 253161236722558, ref_stop_time: 253161236774818, actual_exe_time: 52260, task_app_start_time:253160102210455, task_sched_time:253161236714338
app_id: 0, app_name: SAR_api-aarch64, task_id: 845, task_name: DASH_FFT, resource_name: cpu3, ref_start_time: 253161237304798, ref_stop_time: 253161237346708, actual_exe_time: 41910, task_app_start_time:253160102210455, task_sched_time:253161237282868
app_id: 0, app_name: SAR_api-aarch64, task_id: 846, task_name: DASH_FFT, resource_name: fft1, ref_start_time: 253161237570958, ref_stop_time: 253161237614758, actual_exe_time: 43800, task_app_start_time:253160102210455, task_sched_time:253161237565618
app_id: 0, app_name: SAR_api-aarch64, task_id: 847, task_name: DASH_FFT, resource_name: fft2, ref_start_time: 253161238157728, ref_stop_time: 253161238197508, actual_exe_time: 39780, task_app_start_time:253160102210455, task_sched_time:253161238150168
app_id: 0, app_name: SAR_api-aarch64, task_id: 848, task_name: DASH_FFT, resource_name: cpu1, ref_start_time: 253161238662958, ref_stop_time: 253161238708798, actual_exe_time: 45840, task_app_start_time:253160102210455, task_sched_time:253161238655758
app_id: 0, app_name: SAR_api-aarch64, task_id: 849, task_name: DASH_FFT, resource_name: cpu2, ref_start_time: 253161239081548, ref_stop_time: 253161239124838, actual_exe_time: 43290, task_app_start_time:253160102210455, task_sched_time:253161239071918
app_id: 0, app_name: SAR_api-aarch64, task_id: 850, task_name: DASH_FFT, resource_name: cpu3, ref_start_time: 253161239526238, ref_stop_time: 253161239574748, actual_exe_time: 48510, task_app_start_time:253160102210455, task_sched_time:253161239473858
app_id: 0, app_name: SAR_api-aarch64, task_id: 851, task_name: DASH_FFT, resource_name: fft1, ref_start_time: 253161239981608, ref_stop_time: 253161240018748, actual_exe_time: 37140, task_app_start_time:253160102210455, task_sched_time:253161239974378
app_id: 0, app_name: SAR_api-aarch64, task_id: 852, task_name: DASH_FFT, resource_name: fft2, ref_start_time: 253161240377188, ref_stop_time: 253161240424468, actual_exe_time: 47280, task_app_start_time:253160102210455, task_sched_time:253161240373798
app_id: 0, app_name: SAR_api-aarch64, task_id: 853, task_name: DASH_FFT, resource_name: cpu1, ref_start_time: 253161240916918, ref_stop_time: 253161240956638, actual_exe_time: 39720, task_app_start_time:253160102210455, task_sched_time:253161240907768
app_id: 0, app_name: SAR_api-aarch64, task_id: 854, task_name: DASH_FFT, resource_name: cpu2, ref_start_time: 253161241315409, ref_stop_time: 253161241367039, actual_exe_time: 51630, task_app_start_time:253160102210455, task_sched_time:253161241311899
app_id: 0, app_name: SAR_api-aarch64, task_id: 855, task_name: DASH_FFT, resource_name: cpu3, ref_start_time: 253161241703369, ref_stop_time: 253161241744919, actual_exe_time: 41550, task_app_start_time:253160102210455, task_sched_time:253161241696799
app_id: 0, app_name: SAR_api-aarch64, task_id: 856, task_name: DASH_FFT, resource_name: fft1, ref_start_time: 253161242286329, ref_stop_time: 253161242329859, actual_exe_time: 43530, task_app_start_time:253160102210455, task_sched_time:253161242273789
app_id: 0, app_name: SAR_api-aarch64, task_id: 857, task_name: DASH_FFT, resource_name: fft2, ref_start_time: 253161242701349, ref_stop_time: 253161242741729, actual_exe_time: 40380, task_app_start_time:253160102210455, task_sched_time:253161242698589
app_id: 0, app_name: SAR_api-aarch64, task_id: 858, task_name: DASH_FFT, resource_name: cpu1, ref_start_time: 253161243298349, ref_stop_time: 253161243344249, actual_exe_time: 45900, task_app_start_time:253160102210455, task_sched_time:253161243294839
app_id: 0, app_name: SAR_api-aarch64, task_id: 859, task_name: DASH_FFT, resource_name: cpu2, ref_start_time: 253161243709829, ref_stop_time: 253161243753989, actual_exe_time: 44160, task_app_start_time:253160102210455, task_sched_time:253161243705209
app_id: 0, app_name: SAR_api-aarch64, task_id: 860, task_name: DASH_FFT, resource_name: cpu3, ref_start_time: 253161244139009, ref_stop_time: 253161244186829, actual_exe_time: 47820, task_app_start_time:253160102210455, task_sched_time:253161244136279
app_id: 0, app_name: SAR_api-aarch64, task_id: 861, task_name: DASH_FFT, resource_name: fft1, ref_start_time: 253161244564439, ref_stop_time: 253161244601249, actual_exe_time: 36810, task_app_start_time:253160102210455, task_sched_time:253161244550729
app_id: 0, app_name: SAR_api-aarch64, task_id: 862, task_name: DASH_FFT, resource_name: fft2, ref_start_time: 253161244786379, ref_stop_time: 253161244833779, actual_exe_time: 47400, task_app_start_time:253160102210455, task_sched_time:253161244780679
app_id: 0, app_name: SAR_api-aarch64, task_id: 863, task_name: DASH_FFT, resource_name: cpu1, ref_start_time: 253161245460959, ref_stop_time: 253161245500649, actual_exe_time: 39690, task_app_start_time:253160102210455, task_sched_time:253161245454929
app_id: 0, app_name: SAR_api-aarch64, task_id: 864, task_name: DASH_FFT, resource_name: cpu2, ref_start_time: 253161245874449, ref_stop_time: 253161245924759, actual_exe_time: 50310, task_app_start_time:253160102210455, task_sched_time:253161245870369
app_id: 0, app_name: SAR_api-aarch64, task_id: 865, task_name: DASH_FFT, resource_name: cpu3, ref_start_time: 253161246320789, ref_stop_time: 253161246367379, actual_exe_time: 46590, task_app_start_time:253160102210455, task_sched_time:253161246282689
app_id: 0, app_name: SAR_api-aarch64, task_id: 866, task_name: DASH_FFT, resource_name: fft1, ref_start_time: 253161246755849, ref_stop_time: 253161246799529, actual_exe_time: 43680, task_app_start_time:253160102210455, task_sched_time:253161246746159
app_id: 0, app_name: SAR_api-aarch64, task_id: 867, task_name: DASH_FFT, resource_name: fft2, ref_start_time: 253161247178189, ref_stop_time: 253161247218749, actual_exe_time: 40560, task_app_start_time:253160102210455, task_sched_time:253161247172909
app_id: 0, app_name: SAR_api-aarch64, task_id: 868, task_name: DASH_FFT, resource_name: cpu1, ref_start_time: 253161247673580, ref_stop_time: 253161247718850, actual_exe_time: 45270, task_app_start_time:253160102210455, task_sched_time:253161247668480
app_id: 0, app_name: SAR_api-aarch64, task_id: 869, task_name: DASH_FFT, resource_name: cpu2, ref_start_time: 253161248079780, ref_stop_time: 253161248122830, actual_exe_time: 43050, task_app_start_time:253160102210455, task_sched_time:253161248073270
app_id: 0, app_name: SAR_api-aarch64, task_id: 870, task_name: DASH_FFT, resource_name: cpu3, ref_start_time: 253161248297520, ref_stop_time: 253161248345310, actual_exe_time: 47790, task_app_start_time:253160102210455, task_sched_time:253161248292360
app_id: 0, app_name: SAR_api-aarch64, task_id: 871, task_name: DASH_FFT, resource_name: fft1, ref_start_time: 253161248896050, ref_stop_time: 253161248932620, actual_exe_time: 36570, task_app_start_time:253160102210455, task_sched_time:253161248883300
app_id: 0, app_name: SAR_api-aarch64, task_id: 872, task_name: DASH_FFT, resource_name: fft2, ref_start_time: 253161249310590, ref_stop_time: 253161249357150, actual_exe_time: 46560, task_app_start_time:253160102210455, task_sched_time:253161249302220
app_id: 0, app_name: SAR_api-aarch64, task_id: 873, task_name: DASH_FFT, resource_name: cpu1, ref_start_time: 253161249846300, ref_stop_time: 253161249885990, actual_exe_time: 39690, task_app_start_time:253160102210455, task_sched_time:253161249842250
app_id: 0, app_name: SAR_api-aarch64, task_id: 874, task_name: DASH_FFT, resource_name: cpu2, ref_start_time: 253161250272180, ref_stop_time: 253161250321830, actual_exe_time: 49650, task_app_start_time:253160102210455, task_sched_time:253161250262940
app_id: 0, app_name: SAR_api-aarch64, task_id: 875, task_name: DASH_FFT, resource_name: cpu3, ref_start_time: 253161250728600, ref_stop_time: 253161250770090, actual_exe_time: 41490, task_app_start_time:253160102210455, task_sched_time:253161250677480
app_id: 0, app_name: SAR_api-aarch64, task_id: 876, task_name: DASH_FFT, resource_name: fft1, ref_start_time: 253161251126790, ref_stop_time: 253161251170290, actual_exe_time: 43500, task_app_start_time:253160102210455, task_sched_time:253161251123820
app_id: 0, app_name: SAR_api-aarch64, task_id: 877, task_name: DASH_FFT, resource_name: fft2, ref_start_time: 253161251420340, ref_stop_time: 253161251461140, actual_exe_time: 40800, task_app_start_time:253160102210455, task_sched_time:253161251408730
app_id: 0, app_name: SAR_api-aarch64, task_id: 878, task_name: DASH_FFT, resource_name: cpu1, ref_start_time: 253161252036840, ref_stop_time: 253161252081870, actual_exe_time: 45030, task_app_start_time:253160102210455, task_sched_time:253161252023700
app_id: 0, app_name: SAR_api-aarch64, task_id: 879, task_name: DASH_FFT, resource_name: cpu2, ref_start_time: 253161252532680, ref_stop_time: 253161252575970, actual_exe_time: 43290, task_app_start_time:253160102210455, task_sched_time:253161252529890
app_id: 0, app_name: SAR_api-aarch64, task_id: 880, task_name: DASH_FFT, resource_name: cpu3, ref_start_time: 253161252748470, ref_stop_time: 253161252805680, actual_exe_time: 57210, task_app_start_time:253160102210455, task_sched_time:253161252724560
app_id: 0, app_name: SAR_api-aarch64, task_id: 881, task_name: DASH_FFT, resource_name: fft1, ref_start_time: 253161253348230, ref_stop_time: 253161253384860, actual_exe_time: 36630, task_app_start_time:253160102210455, task_sched_time:253161253342620
app_id: 0, app_name: SAR_api-aarch64, task_id: 882, task_name: DASH_FFT, resource_name: fft2, ref_start_time: 253161253783561, ref_stop_time: 253161253838191, actual_exe_time: 54630, task_app_start_time:253160102210455, task_sched_time:253161253777111
app_id: 0, app_name: SAR_api-aarch64, task_id: 883, task_name: DASH_FFT, resource_name: cpu1, ref_start_time: 253161254347591, ref_stop_time: 253161254386981, actual_exe_time: 39390, task_app_start_time:253160102210455, task_sched_time:253161254343271
app_id: 0, app_name: SAR_api-aarch64, task_id: 884, task_name: DASH_FFT, resource_name: cpu2, ref_start_time: 253161254769991, ref_stop_time: 253161254819851, actual_exe_time: 49860, task_app_start_time:253160102210455, task_sched_time:253161254761351
app_id: 0, app_name: SAR_api-aarch64, task_id: 885, task_name: DASH_FFT, resource_name: cpu3, ref_start_time: 253161255195931, ref_stop_time: 253161255237061, actual_exe_time: 41130, task_app_start_time:253160102210455, task_sched_time:253161255193321
app_id: 0, app_name: SAR_api-aarch64, task_id: 886, task_name: DASH_FFT, resource_name: fft1, ref_start_time: 253161255601951, ref_stop_time: 253161255645181, actual_exe_time: 43230, task_app_start_time:253160102210455, task_sched_time:253161255588601
app_id: 0, app_name: SAR_api-aarch64, task_id: 887, task_name: DASH_FFT, resource_name: fft2, ref_start_time: 253161255974521, ref_stop_time: 253161256015111, actual_exe_time: 40590, task_app_start_time:253160102210455, task_sched_time:253161255965941
app_id: 0, app_name: SAR_api-aarch64, task_id: 888, task_name: DASH_FFT, resource_name: cpu1, ref_start_time: 253161256616941, ref_stop_time: 253161256662451, actual_exe_time: 45510, task_app_start_time:253160102210455, task_sched_time:253161256607281
app_id: 0, app_name: SAR_api-aarch64, task_id: 889, task_name: DASH_FFT, resource_name: cpu2, ref_start_time: 253161256949941, ref_stop_time: 253161256993231, actual_exe_time: 43290, task_app_start_time:253160102210455, task_sched_time:253161256947361
app_id: 0, app_name: SAR_api-aarch64, task_id: 890, task_name: DASH_FFT, resource_name: cpu3, ref_start_time: 253161257465401, ref_stop_time: 253161257513911, actual_exe_time: 48510, task_app_start_time:253160102210455, task_sched_time:253161257432731
app_id: 0, app_name: SAR_api-aarch64, task_id: 891, task_name: DASH_FFT, resource_name: fft1, ref_start_time: 253161257699431, ref_stop_time: 253161257738161, actual_exe_time: 38730, task_app_start_time:253160102210455, task_sched_time:253161257690491
app_id: 0, app_name: SAR_api-aarch64, task_id: 892, task_name: DASH_FFT, resource_name: fft2, ref_start_time: 253161258262141, ref_stop_time: 253161258310561, actual_exe_time: 48420, task_app_start_time:253160102210455, task_sched_time:253161258255841
app_id: 0, app_name: SAR_api-aarch64, task_id: 893, task_name: DASH_FFT, resource_name: cpu1, ref_start_time: 253161258836251, ref_stop_time: 253161258876631, actual_exe_time: 40380, task_app_start_time:253160102210455, task_sched_time:253161258831571
app_id: 0, app_name: SAR_api-aarch64, task_id: 894, task_name: DASH_FFT, resource_name: cpu2, ref_start_time: 253161259241491, ref_stop_time: 253161259292491, actual_exe_time: 51000, task_app_start_time:253160102210455, task_sched_time:253161259231981
app_id: 0, app_name: SAR_api-aarch64, task_id: 895, task_name: DASH_FFT, resource_name: cpu3, ref_start_time: 253161259694192, ref_stop_time: 253161259740242, actual_exe_time: 46050, task_app_start_time:253160102210455, task_sched_time:253161259653151
app_id: 0, app_name: SAR_api-aarch64, task_id: 896, task_name: DASH_FFT, resource_name: fft1, ref_start_time: 253161260096852, ref_stop_time: 253161260140472, actual_exe_time: 43620, task_app_start_time:253160102210455, task_sched_time:253161260091812
app_id: 0, app_name: SAR_api-aarch64, task_id: 897, task_name: DASH_FFT, resource_name: fft2, ref_start_time: 253161260509952, ref_stop_time: 253161260550542, actual_exe_time: 40590, task_app_start_time:253160102210455, task_sched_time:253161260504372
app_id: 0, app_name: SAR_api-aarch64, task_id: 898, task_name: DASH_FFT, resource_name: cpu1, ref_start_time: 253161261041882, ref_stop_time: 253161261094022, actual_exe_time: 52140, task_app_start_time:253160102210455, task_sched_time:253161261037592
app_id: 0, app_name: SAR_api-aarch64, task_id: 899, task_name: DASH_FFT, resource_name: cpu2, ref_start_time: 253161261260162, ref_stop_time: 253161261303272, actual_exe_time: 43110, task_app_start_time:253160102210455, task_sched_time:253161261250712
app_id: 0, app_name: SAR_api-aarch64, task_id: 900, task_name: DASH_FFT, resource_name: cpu3, ref_start_time: 253161261705272, ref_stop_time: 253161261939092, actual_exe_time: 233820, task_app_start_time:253160102210455, task_sched_time:253161261701462
app_id: 0, app_name: SAR_api-aarch64, task_id: 901, task_name: DASH_FFT, resource_name: fft1, ref_start_time: 253161262305272, ref_stop_time: 253161262342862, actual_exe_time: 37590, task_app_start_time:253160102210455, task_sched_time:253161262297712
app_id: 0, app_name: SAR_api-aarch64, task_id: 902, task_name: DASH_FFT, resource_name: fft2, ref_start_time: 253161262724852, ref_stop_time: 253161262772372, actual_exe_time: 47520, task_app_start_time:253160102210455, task_sched_time:253161262719212
app_id: 0, app_name: SAR_api-aarch64, task_id: 903, task_name: DASH_FFT, resource_name: cpu1, ref_start_time: 253161263263232, ref_stop_time: 253161263303612, actual_exe_time: 40380, task_app_start_time:253160102210455, task_sched_time:253161263255702
app_id: 0, app_name: SAR_api-aarch64, task_id: 904, task_name: DASH_FFT, resource_name: cpu2, ref_start_time: 253161263670482, ref_stop_time: 253161263721542, actual_exe_time: 51060, task_app_start_time:253160102210455, task_sched_time:253161263661722
app_id: 0, app_name: SAR_api-aarch64, task_id: 905, task_name: DASH_FFT, resource_name: cpu3, ref_start_time: 253161264105452, ref_stop_time: 253161264146612, actual_exe_time: 41160, task_app_start_time:253160102210455, task_sched_time:253161264102722
app_id: 0, app_name: SAR_api-aarch64, task_id: 906, task_name: DASH_FFT, resource_name: fft1, ref_start_time: 253161264475292, ref_stop_time: 253161264518672, actual_exe_time: 43380, task_app_start_time:253160102210455, task_sched_time:253161264468572
app_id: 0, app_name: SAR_api-aarch64, task_id: 907, task_name: DASH_FFT, resource_name: fft2, ref_start_time: 253161264978752, ref_stop_time: 253161265019252, actual_exe_time: 40500, task_app_start_time:253160102210455, task_sched_time:253161264973352
app_id: 0, app_name: SAR_api-aarch64, task_id: 908, task_name: DASH_FFT, resource_name: cpu1, ref_start_time: 253161265447772, ref_stop_time: 253161265494242, actual_exe_time: 46470, task_app_start_time:253160102210455, task_sched_time:253161265443902
app_id: 0, app_name: SAR_api-aarch64, task_id: 909, task_name: DASH_FFT, resource_name: cpu2, ref_start_time: 253161265954623, ref_stop_time: 253161265997943, actual_exe_time: 43320, task_app_start_time:253160102210455, task_sched_time:253161265950213
app_id: 0, app_name: SAR_api-aarch64, task_id: 910, task_name: DASH_FFT, resource_name: cpu3, ref_start_time: 253161266183073, ref_stop_time: 253161266230773, actual_exe_time: 47700, task_app_start_time:253160102210455, task_sched_time:253161266175123
app_id: 0, app_name: SAR_api-aarch64, task_id: 911, task_name: DASH_FFT, resource_name: fft1, ref_start_time: 253161266786643, ref_stop_time: 253161266824383, actual_exe_time: 37740, task_app_start_time:253160102210455, task_sched_time:253161266774013
app_id: 0, app_name: SAR_api-aarch64, task_id: 912, task_name: DASH_FFT, resource_name: fft2, ref_start_time: 253161267183423, ref_stop_time: 253161267231063, actual_exe_time: 47640, task_app_start_time:253160102210455, task_sched_time:253161267174363
app_id: 0, app_name: SAR_api-aarch64, task_id: 913, task_name: DASH_FFT, resource_name: cpu1, ref_start_time: 253161267732873, ref_stop_time: 253161267772893, actual_exe_time: 40020, task_app_start_time:253160102210455, task_sched_time:253161267723303
app_id: 0, app_name: SAR_api-aarch64, task_id: 914, task_name: DASH_FFT, resource_name: cpu2, ref_start_time: 253161268144263, ref_stop_time: 253161268195263, actual_exe_time: 51000, task_app_start_time:253160102210455, task_sched_time:253161268139883
app_id: 0, app_name: SAR_api-aarch64, task_id: 915, task_name: DASH_FFT, resource_name: cpu3, ref_start_time: 253161268561803, ref_stop_time: 253161268602873, actual_exe_time: 41070, task_app_start_time:253160102210455, task_sched_time:253161268546623
app_id: 0, app_name: SAR_api-aarch64, task_id: 916, task_name: DASH_FFT, resource_name: fft1, ref_start_time: 253161268980723, ref_stop_time: 253161269024223, actual_exe_time: 43500, task_app_start_time:253160102210455, task_sched_time:253161268977483
app_id: 0, app_name: SAR_api-aarch64, task_id: 917, task_name: DASH_FFT, resource_name: fft2, ref_start_time: 253161269316153, ref_stop_time: 253161269357943, actual_exe_time: 41790, task_app_start_time:253160102210455, task_sched_time:253161269306613
app_id: 0, app_name: SAR_api-aarch64, task_id: 918, task_name: DASH_FFT, resource_name: cpu1, ref_start_time: 253161270176703, ref_stop_time: 253161270224433, actual_exe_time: 47730, task_app_start_time:253160102210455, task_sched_time:253161270173553
app_id: 0, app_name: SAR_api-aarch64, task_id: 919, task_name: DASH_FFT, resource_name: cpu2, ref_start_time: 253161270527073, ref_stop_time: 253161270579903, actual_exe_time: 52830, task_app_start_time:253160102210455, task_sched_time:253161270518073
app_id: 0, app_name: SAR_api-aarch64, task_id: 920, task_name: DASH_FFT, resource_name: cpu3, ref_start_time: 253161271038063, ref_stop_time: 253161271091763, actual_exe_time: 53700, task_app_start_time:253160102210455, task_sched_time:253161271034643
app_id: 0, app_name: SAR_api-aarch64, task_id: 921, task_name: DASH_FFT, resource_name: fft1, ref_start_time: 253161271344903, ref_stop_time: 253161271382073, actual_exe_time: 37170, task_app_start_time:253160102210455, task_sched_time:253161271334133
app_id: 0, app_name: SAR_api-aarch64, task_id: 922, task_name: DASH_FFT, resource_name: fft2, ref_start_time: 253161271748973, ref_stop_time: 253161271796763, actual_exe_time: 47790, task_app_start_time:253160102210455, task_sched_time:253161271742493
app_id: 0, app_name: SAR_api-aarch64, task_id: 923, task_name: DASH_FFT, resource_name: cpu1, ref_start_time: 253161272416684, ref_stop_time: 253161272456794, actual_exe_time: 40110, task_app_start_time:253160102210455, task_sched_time:253161272405704
app_id: 0, app_name: SAR_api-aarch64, task_id: 924, task_name: DASH_FFT, resource_name: cpu2, ref_start_time: 253161272725744, ref_stop_time: 253161272776054, actual_exe_time: 50310, task_app_start_time:253160102210455, task_sched_time:253161272720254
app_id: 0, app_name: SAR_api-aarch64, task_id: 925, task_name: DASH_FFT, resource_name: cpu3, ref_start_time: 253161273258844, ref_stop_time: 253161273300004, actual_exe_time: 41160, task_app_start_time:253160102210455, task_sched_time:253161273220624
app_id: 0, app_name: SAR_api-aarch64, task_id: 926, task_name: DASH_FFT, resource_name: fft1, ref_start_time: 253161273465454, ref_stop_time: 253161273509134, actual_exe_time: 43680, task_app_start_time:253160102210455, task_sched_time:253161273453694
app_id: 0, app_name: SAR_api-aarch64, task_id: 927, task_name: DASH_FFT, resource_name: fft2, ref_start_time: 253161274027264, ref_stop_time: 253161274067584, actual_exe_time: 40320, task_app_start_time:253160102210455, task_sched_time:253161274022854
app_id: 0, app_name: SAR_api-aarch64, task_id: 928, task_name: DASH_FFT, resource_name: cpu1, ref_start_time: 253161274523674, ref_stop_time: 253161274581724, actual_exe_time: 58050, task_app_start_time:253160102210455, task_sched_time:253161274513144
app_id: 0, app_name: SAR_api-aarch64, task_id: 929, task_name: DASH_FFT, resource_name: cpu2, ref_start_time: 253161274939234, ref_stop_time: 253161274982284, actual_exe_time: 43050, task_app_start_time:253160102210455, task_sched_time:253161274930054
app_id: 0, app_name: SAR_api-aarch64, task_id: 930, task_name: DASH_FFT, resource_name: cpu3, ref_start_time: 253161275347804, ref_stop_time: 253161275395174, actual_exe_time: 47370, task_app_start_time:253160102210455, task_sched_time:253161275334964
app_id: 0, app_name: SAR_api-aarch64, task_id: 931, task_name: DASH_FFT, resource_name: fft1, ref_start_time: 253161277021624, ref_stop_time: 253161277059604, actual_exe_time: 37980, task_app_start_time:253160102210455, task_sched_time:253161277008904
app_id: 0, app_name: SAR_api-aarch64, task_id: 932, task_name: DASH_FFT, resource_name: fft2, ref_start_time: 253161277464394, ref_stop_time: 253161277513894, actual_exe_time: 49500, task_app_start_time:253160102210455, task_sched_time:253161277459294
app_id: 0, app_name: SAR_api-aarch64, task_id: 933, task_name: DASH_FFT, resource_name: cpu1, ref_start_time: 253161277930714, ref_stop_time: 253161277970854, actual_exe_time: 40140, task_app_start_time:253160102210455, task_sched_time:253161277925824
app_id: 0, app_name: SAR_api-aarch64, task_id: 934, task_name: DASH_FFT, resource_name: cpu2, ref_start_time: 253161278127484, ref_stop_time: 253161278178484, actual_exe_time: 51000, task_app_start_time:253160102210455, task_sched_time:253161278122744
app_id: 0, app_name: SAR_api-aarch64, task_id: 935, task_name: DASH_FFT, resource_name: cpu3, ref_start_time: 253161278548325, ref_stop_time: 253161278600735, actual_exe_time: 52410, task_app_start_time:253160102210455, task_sched_time:253161278490665
app_id: 0, app_name: SAR_api-aarch64, task_id: 936, task_name: DASH_FFT, resource_name: fft1, ref_start_time: 253161279157505, ref_stop_time: 253161279201485, actual_exe_time: 43980, task_app_start_time:253160102210455, task_sched_time:253161279150455
app_id: 0, app_name: SAR_api-aarch64, task_id: 937, task_name: DASH_FFT, resource_name: fft2, ref_start_time: 253161279560885, ref_stop_time: 253161279601355, actual_exe_time: 40470, task_app_start_time:253160102210455, task_sched_time:253161279551735
app_id: 0, app_name: SAR_api-aarch64, task_id: 938, task_name: DASH_FFT, resource_name: cpu1, ref_start_time: 253161280105295, ref_stop_time: 253161280151315, actual_exe_time: 46020, task_app_start_time:253160102210455, task_sched_time:253161280090535
app_id: 0, app_name: SAR_api-aarch64, task_id: 939, task_name: DASH_FFT, resource_name: cpu2, ref_start_time: 253161280522295, ref_stop_time: 253161280565585, actual_exe_time: 43290, task_app_start_time:253160102210455, task_sched_time:253161280513835
app_id: 0, app_name: SAR_api-aarch64, task_id: 940, task_name: DASH_FFT, resource_name: cpu3, ref_start_time: 253161280984715, ref_stop_time: 253161281032475, actual_exe_time: 47760, task_app_start_time:253160102210455, task_sched_time:253161280914275
app_id: 0, app_name: SAR_api-aarch64, task_id: 941, task_name: DASH_FFT, resource_name: fft1, ref_start_time: 253161281408135, ref_stop_time: 253161281445755, actual_exe_time: 37620, task_app_start_time:253160102210455, task_sched_time:253161281401385
app_id: 0, app_name: SAR_api-aarch64, task_id: 942, task_name: DASH_FFT, resource_name: fft2, ref_start_time: 253161281803055, ref_stop_time: 253161281850905, actual_exe_time: 47850, task_app_start_time:253160102210455, task_sched_time:253161281799455
app_id: 0, app_name: SAR_api-aarch64, task_id: 943, task_name: DASH_FFT, resource_name: cpu1, ref_start_time: 253161282306635, ref_stop_time: 253161282346355, actual_exe_time: 39720, task_app_start_time:253160102210455, task_sched_time:253161282292955
app_id: 0, app_name: SAR_api-aarch64, task_id: 944, task_name: DASH_FFT, resource_name: cpu2, ref_start_time: 253161282534365, ref_stop_time: 253161282604445, actual_exe_time: 70080, task_app_start_time:253160102210455, task_sched_time:253161282529325
app_id: 0, app_name: SAR_api-aarch64, task_id: 945, task_name: DASH_FFT, resource_name: cpu3, ref_start_time: 253161283144325, ref_stop_time: 253161283185695, actual_exe_time: 41370, task_app_start_time:253160102210455, task_sched_time:253161283135295
app_id: 0, app_name: SAR_api-aarch64, task_id: 946, task_name: DASH_FFT, resource_name: fft1, ref_start_time: 253161283571345, ref_stop_time: 253161283615085, actual_exe_time: 43740, task_app_start_time:253160102210455, task_sched_time:253161283565135
app_id: 0, app_name: SAR_api-aarch64, task_id: 947, task_name: DASH_FFT, resource_name: fft2, ref_start_time: 253161283970885, ref_stop_time: 253161284011205, actual_exe_time: 40320, task_app_start_time:253160102210455, task_sched_time:253161283963085
app_id: 0, app_name: SAR_api-aarch64, task_id: 948, task_name: DASH_FFT, resource_name: cpu1, ref_start_time: 253161284538876, ref_stop_time: 253161284584296, actual_exe_time: 45420, task_app_start_time:253160102210455, task_sched_time:253161284531496
app_id: 0, app_name: SAR_api-aarch64, task_id: 949, task_name: DASH_FFT, resource_name: cpu2, ref_start_time: 253161284959176, ref_stop_time: 253161285002736, actual_exe_time: 43560, task_app_start_time:253160102210455, task_sched_time:253161284955786
app_id: 0, app_name: SAR_api-aarch64, task_id: 950, task_name: DASH_FFT, resource_name: cpu3, ref_start_time: 253161285396936, ref_stop_time: 253161285449766, actual_exe_time: 52830, task_app_start_time:253160102210455, task_sched_time:253161285357126
app_id: 0, app_name: SAR_api-aarch64, task_id: 951, task_name: DASH_FFT, resource_name: fft1, ref_start_time: 253161285808596, ref_stop_time: 253161285845886, actual_exe_time: 37290, task_app_start_time:253160102210455, task_sched_time:253161285798816
app_id: 0, app_name: SAR_api-aarch64, task_id: 952, task_name: DASH_FFT, resource_name: fft2, ref_start_time: 253161286030266, ref_stop_time: 253161286077996, actual_exe_time: 47730, task_app_start_time:253160102210455, task_sched_time:253161286023066
app_id: 0, app_name: SAR_api-aarch64, task_id: 953, task_name: DASH_FFT, resource_name: cpu1, ref_start_time: 253161286750506, ref_stop_time: 253161286791396, actual_exe_time: 40890, task_app_start_time:253160102210455, task_sched_time:253161286743006
app_id: 0, app_name: SAR_api-aarch64, task_id: 954, task_name: DASH_FFT, resource_name: cpu2, ref_start_time: 253161287200626, ref_stop_time: 253161287250726, actual_exe_time: 50100, task_app_start_time:253160102210455, task_sched_time:253161287194026
app_id: 0, app_name: SAR_api-aarch64, task_id: 955, task_name: DASH_FFT, resource_name: cpu3, ref_start_time: 253161287689446, ref_stop_time: 253161287730516, actual_exe_time: 41070, task_app_start_time:253160102210455, task_sched_time:253161287619576
app_id: 0, app_name: SAR_api-aarch64, task_id: 956, task_name: DASH_FFT, resource_name: fft1, ref_start_time: 253161288127506, ref_stop_time: 253161288170526, actual_exe_time: 43020, task_app_start_time:253160102210455, task_sched_time:253161288120936
app_id: 0, app_name: SAR_api-aarch64, task_id: 957, task_name: DASH_FFT, resource_name: fft2, ref_start_time: 253161288566676, ref_stop_time: 253161288606456, actual_exe_time: 39780, task_app_start_time:253160102210455, task_sched_time:253161288560886
app_id: 0, app_name: SAR_api-aarch64, task_id: 958, task_name: DASH_FFT, resource_name: cpu1, ref_start_time: 253161289123266, ref_stop_time: 253161289168656, actual_exe_time: 45390, task_app_start_time:253160102210455, task_sched_time:253161289117506
app_id: 0, app_name: SAR_api-aarch64, task_id: 959, task_name: DASH_FFT, resource_name: cpu2, ref_start_time: 253161289531056, ref_stop_time: 253161289574586, actual_exe_time: 43530, task_app_start_time:253160102210455, task_sched_time:253161289527636
app_id: 0, app_name: SAR_api-aarch64, task_id: 960, task_name: DASH_FFT, resource_name: cpu3, ref_start_time: 253161289844556, ref_stop_time: 253161289891806, actual_exe_time: 47250, task_app_start_time:253160102210455, task_sched_time:253161289831086
app_id: 0, app_name: SAR_api-aarch64, task_id: 961, task_name: DASH_FFT, resource_name: fft1, ref_start_time: 253161290339466, ref_stop_time: 253161290376936, actual_exe_time: 37470, task_app_start_time:253160102210455, task_sched_time:253161290332836
app_id: 0, app_name: SAR_api-aarch64, task_id: 962, task_name: DASH_FFT, resource_name: fft2, ref_start_time: 253161290576196, ref_stop_time: 253161290625516, actual_exe_time: 49320, task_app_start_time:253160102210455, task_sched_time:253161290567736
app_id: 0, app_name: SAR_api-aarch64, task_id: 963, task_name: DASH_FFT, resource_name: cpu1, ref_start_time: 253161291281107, ref_stop_time: 253161291321307, actual_exe_time: 40200, task_app_start_time:253160102210455, task_sched_time:253161291278347
app_id: 0, app_name: SAR_api-aarch64, task_id: 964, task_name: DASH_FFT, resource_name: cpu2, ref_start_time: 253161291691537, ref_stop_time: 253161291743017, actual_exe_time: 51480, task_app_start_time:253160102210455, task_sched_time:253161291682417
app_id: 0, app_name: SAR_api-aarch64, task_id: 965, task_name: DASH_FFT, resource_name: cpu3, ref_start_time: 253161292143337, ref_stop_time: 253161292189597, actual_exe_time: 46260, task_app_start_time:253160102210455, task_sched_time:253161292104007
app_id: 0, app_name: SAR_api-aarch64, task_id: 966, task_name: DASH_FFT, resource_name: fft1, ref_start_time: 253161292561477, ref_stop_time: 253161292604287, actual_exe_time: 42810, task_app_start_time:253160102210455, task_sched_time:253161292550227
app_id: 0, app_name: SAR_api-aarch64, task_id: 967, task_name: DASH_FFT, resource_name: fft2, ref_start_time: 253161292983637, ref_stop_time: 253161293024347, actual_exe_time: 40710, task_app_start_time:253160102210455, task_sched_time:253161292976647
app_id: 0, app_name: SAR_api-aarch64, task_id: 968, task_name: DASH_FFT, resource_name: cpu1, ref_start_time: 253161293508337, ref_stop_time: 253161293553457, actual_exe_time: 45120, task_app_start_time:253160102210455, task_sched_time:253161293499547
app_id: 0, app_name: SAR_api-aarch64, task_id: 969, task_name: DASH_FFT, resource_name: cpu2, ref_start_time: 253161293913247, ref_stop_time: 253161293956747, actual_exe_time: 43500, task_app_start_time:253160102210455, task_sched_time:253161293908387
app_id: 0, app_name: SAR_api-aarch64, task_id: 970, task_name: DASH_FFT, resource_name: cpu3, ref_start_time: 253161294184147, ref_stop_time: 253161294231247, actual_exe_time: 47100, task_app_start_time:253160102210455, task_sched_time:253161294107377
app_id: 0, app_name: SAR_api-aarch64, task_id: 971, task_name: DASH_FFT, resource_name: fft1, ref_start_time: 253161294771847, ref_stop_time: 253161294809497, actual_exe_time: 37650, task_app_start_time:253160102210455, task_sched_time:253161294766627
app_id: 0, app_name: SAR_api-aarch64, task_id: 972, task_name: DASH_FFT, resource_name: fft2, ref_start_time: 253161295164637, ref_stop_time: 253161295212007, actual_exe_time: 47370, task_app_start_time:253160102210455, task_sched_time:253161295159807
app_id: 0, app_name: SAR_api-aarch64, task_id: 973, task_name: DASH_FFT, resource_name: cpu1, ref_start_time: 253161295714687, ref_stop_time: 253161295754497, actual_exe_time: 39810, task_app_start_time:253160102210455, task_sched_time:253161295702177
app_id: 0, app_name: SAR_api-aarch64, task_id: 974, task_name: DASH_FFT, resource_name: cpu2, ref_start_time: 253161296154157, ref_stop_time: 253161296205007, actual_exe_time: 50850, task_app_start_time:253160102210455, task_sched_time:253161296144617
app_id: 0, app_name: SAR_api-aarch64, task_id: 975, task_name: DASH_FFT, resource_name: cpu3, ref_start_time: 253161296562757, ref_stop_time: 253161296603797, actual_exe_time: 41040, task_app_start_time:253160102210455, task_sched_time:253161296559937
app_id: 0, app_name: SAR_api-aarch64, task_id: 976, task_name: DASH_FFT, resource_name: fft1, ref_start_time: 253161296961218, ref_stop_time: 253161297014378, actual_exe_time: 53160, task_app_start_time:253160102210455, task_sched_time:253161296958008
app_id: 0, app_name: SAR_api-aarch64, task_id: 977, task_name: DASH_FFT, resource_name: fft2, ref_start_time: 253161297378998, ref_stop_time: 253161297419438, actual_exe_time: 40440, task_app_start_time:253160102210455, task_sched_time:253161297370478
app_id: 0, app_name: SAR_api-aarch64, task_id: 978, task_name: DASH_FFT, resource_name: cpu1, ref_start_time: 253161297735128, ref_stop_time: 253161297781208, actual_exe_time: 46080, task_app_start_time:253160102210455, task_sched_time:253161297724118
app_id: 0, app_name: SAR_api-aarch64, task_id: 979, task_name: DASH_FFT, resource_name: cpu2, ref_start_time: 253161298334738, ref_stop_time: 253161298378118, actual_exe_time: 43380, task_app_start_time:253160102210455, task_sched_time:253161298325288
app_id: 0, app_name: SAR_api-aarch64, task_id: 980, task_name: DASH_FFT, resource_name: cpu3, ref_start_time: 253161298861628, ref_stop_time: 253161298908848, actual_exe_time: 47220, task_app_start_time:253160102210455, task_sched_time:253161298809068
app_id: 0, app_name: SAR_api-aarch64, task_id: 981, task_name: DASH_FFT, resource_name: fft1, ref_start_time: 253161299279138, ref_stop_time: 253161299316488, actual_exe_time: 37350, task_app_start_time:253160102210455, task_sched_time:253161299265848
app_id: 0, app_name: SAR_api-aarch64, task_id: 982, task_name: DASH_FFT, resource_name: fft2, ref_start_time: 253161299683988, ref_stop_time: 253161299731538, actual_exe_time: 47550, task_app_start_time:253160102210455, task_sched_time:253161299677898
app_id: 0, app_name: SAR_api-aarch64, task_id: 983, task_name: DASH_FFT, resource_name: cpu1, ref_start_time: 253161300229778, ref_stop_time: 253161300270038, actual_exe_time: 40260, task_app_start_time:253160102210455, task_sched_time:253161300219188
app_id: 0, app_name: SAR_api-aarch64, task_id: 984, task_name: DASH_FFT, resource_name: cpu2, ref_start_time: 253161300636458, ref_stop_time: 253161300687578, actual_exe_time: 51120, task_app_start_time:253160102210455, task_sched_time:253161300631898
app_id: 0, app_name: SAR_api-aarch64, task_id: 985, task_name: DASH_FFT, resource_name: cpu3, ref_start_time: 253161301054148, ref_stop_time: 253161301095398, actual_exe_time: 41250, task_app_start_time:253160102210455, task_sched_time:253161301046318
app_id: 0, app_name: SAR_api-aarch64, task_id: 986, task_name: DASH_FFT, resource_name: fft1, ref_start_time: 253161301227968, ref_stop_time: 253161301270748, actual_exe_time: 42780, task_app_start_time:253160102210455, task_sched_time:253161301220438
app_id: 0, app_name: SAR_api-aarch64, task_id: 987, task_name: DASH_FFT, resource_name: fft2, ref_start_time: 253161301823558, ref_stop_time: 253161301863638, actual_exe_time: 40080, task_app_start_time:253160102210455, task_sched_time:253161301814828
app_id: 0, app_name: SAR_api-aarch64, task_id: 988, task_name: DASH_FFT, resource_name: cpu1, ref_start_time: 253161302398118, ref_stop_time: 253161302443028, actual_exe_time: 44910, task_app_start_time:253160102210455, task_sched_time:253161302386598
app_id: 0, app_name: SAR_api-aarch64, task_id: 989, task_name: DASH_FFT, resource_name: cpu2, ref_start_time: 253161302803838, ref_stop_time: 253161302846798, actual_exe_time: 42960, task_app_start_time:253160102210455, task_sched_time:253161302798228
app_id: 0, app_name: SAR_api-aarch64, task_id: 990, task_name: DASH_FFT, resource_name: cpu3, ref_start_time: 253161303240759, ref_stop_time: 253161303288909, actual_exe_time: 48150, task_app_start_time:253160102210455, task_sched_time:253161303235329
app_id: 0, app_name: SAR_api-aarch64, task_id: 991, task_name: DASH_FFT, resource_name: fft1, ref_start_time: 253161303659889, ref_stop_time: 253161303696969, actual_exe_time: 37080, task_app_start_time:253160102210455, task_sched_time:253161303655389
app_id: 0, app_name: SAR_api-aarch64, task_id: 992, task_name: DASH_FFT, resource_name: fft2, ref_start_time: 253161304071519, ref_stop_time: 253161304118889, actual_exe_time: 47370, task_app_start_time:253160102210455, task_sched_time:253161304068129
app_id: 0, app_name: SAR_api-aarch64, task_id: 993, task_name: DASH_FFT, resource_name: cpu1, ref_start_time: 253161304543599, ref_stop_time: 253161304583979, actual_exe_time: 40380, task_app_start_time:253160102210455, task_sched_time:253161304535289
app_id: 0, app_name: SAR_api-aarch64, task_id: 994, task_name: DASH_FFT, resource_name: cpu2, ref_start_time: 253161305047749, ref_stop_time: 253161305097279, actual_exe_time: 49530, task_app_start_time:253160102210455, task_sched_time:253161305038029
app_id: 0, app_name: SAR_api-aarch64, task_id: 995, task_name: DASH_FFT, resource_name: cpu3, ref_start_time: 253161305414859, ref_stop_time: 253161305456019, actual_exe_time: 41160, task_app_start_time:253160102210455, task_sched_time:253161305364429
app_id: 0, app_name: SAR_api-aarch64, task_id: 996, task_name: DASH_FFT, resource_name: fft1, ref_start_time: 253161305909229, ref_stop_time: 253161305951619, actual_exe_time: 42390, task_app_start_time:253160102210455, task_sched_time:253161305905149
app_id: 0, app_name: SAR_api-aarch64, task_id: 997, task_name: DASH_FFT, resource_name: fft2, ref_start_time: 253161306237909, ref_stop_time: 253161306278469, actual_exe_time: 40560, task_app_start_time:253160102210455, task_sched_time:253161306235179
app_id: 0, app_name: SAR_api-aarch64, task_id: 998, task_name: DASH_FFT, resource_name: cpu1, ref_start_time: 253161306846879, ref_stop_time: 253161306892569, actual_exe_time: 45690, task_app_start_time:253160102210455, task_sched_time:253161306837369
app_id: 0, app_name: SAR_api-aarch64, task_id: 999, task_name: DASH_FFT, resource_name: cpu2, ref_start_time: 253161307187619, ref_stop_time: 253161307230969, actual_exe_time: 43350, task_app_start_time:253160102210455, task_sched_time:253161307180479
app_id: 0, app_name: SAR_api-aarch64, task_id: 1000, task_name: DASH_FFT, resource_name: cpu3, ref_start_time: 253161307738449, ref_stop_time: 253161307792449, actual_exe_time: 54000, task_app_start_time:253160102210455, task_sched_time:253161307698879
app_id: 0, app_name: SAR_api-aarch64, task_id: 1001, task_name: DASH_FFT, resource_name: fft1, ref_start_time: 253161307945899, ref_stop_time: 253161307983399, actual_exe_time: 37500, task_app_start_time:253160102210455, task_sched_time:253161307942809
app_id: 0, app_name: SAR_api-aarch64, task_id: 1002, task_name: DASH_FFT, resource_name: fft2, ref_start_time: 253161308509089, ref_stop_time: 253161308555769, actual_exe_time: 46680, task_app_start_time:253160102210455, task_sched_time:253161308501079
app_id: 0, app_name: SAR_api-aarch64, task_id: 1003, task_name: DASH_FFT, resource_name: cpu1, ref_start_time: 253161309041619, ref_stop_time: 253161309081189, actual_exe_time: 39570, task_app_start_time:253160102210455, task_sched_time:253161309036759
app_id: 0, app_name: SAR_api-aarch64, task_id: 1004, task_name: DASH_FFT, resource_name: cpu2, ref_start_time: 253161309441220, ref_stop_time: 253161309493210, actual_exe_time: 51990, task_app_start_time:253160102210455, task_sched_time:253161309437380
app_id: 0, app_name: SAR_api-aarch64, task_id: 1005, task_name: DASH_FFT, resource_name: cpu3, ref_start_time: 253161309992380, ref_stop_time: 253161310033300, actual_exe_time: 40920, task_app_start_time:253160102210455, task_sched_time:253161309984220
app_id: 0, app_name: SAR_api-aarch64, task_id: 1006, task_name: DASH_FFT, resource_name: fft1, ref_start_time: 253161310185340, ref_stop_time: 253161310228780, actual_exe_time: 43440, task_app_start_time:253160102210455, task_sched_time:253161310180840
app_id: 0, app_name: SAR_api-aarch64, task_id: 1007, task_name: DASH_FFT, resource_name: fft2, ref_start_time: 253161310765240, ref_stop_time: 253161310806100, actual_exe_time: 40860, task_app_start_time:253160102210455, task_sched_time:253161310757170
app_id: 0, app_name: SAR_api-aarch64, task_id: 1008, task_name: DASH_FFT, resource_name: cpu1, ref_start_time: 253161311373520, ref_stop_time: 253161311428870, actual_exe_time: 55350, task_app_start_time:253160102210455, task_sched_time:253161311363770
app_id: 0, app_name: SAR_api-aarch64, task_id: 1009, task_name: DASH_FFT, resource_name: cpu2, ref_start_time: 253161311711650, ref_stop_time: 253161311755060, actual_exe_time: 43410, task_app_start_time:253160102210455, task_sched_time:253161311702200
app_id: 0, app_name: SAR_api-aarch64, task_id: 1010, task_name: DASH_FFT, resource_name: cpu3, ref_start_time: 253161312215590, ref_stop_time: 253161312263290, actual_exe_time: 47700, task_app_start_time:253160102210455, task_sched_time:253161312195370
app_id: 0, app_name: SAR_api-aarch64, task_id: 1011, task_name: DASH_FFT, resource_name: fft1, ref_start_time: 253161312449440, ref_stop_time: 253161312488050, actual_exe_time: 38610, task_app_start_time:253160102210455, task_sched_time:253161312446140
app_id: 0, app_name: SAR_api-aarch64, task_id: 1012, task_name: DASH_FFT, resource_name: fft2, ref_start_time: 253161313024270, ref_stop_time: 253161313071670, actual_exe_time: 47400, task_app_start_time:253160102210455, task_sched_time:253161313021420
app_id: 0, app_name: SAR_api-aarch64, task_id: 1013, task_name: DASH_FFT, resource_name: cpu1, ref_start_time: 253161313563520, ref_stop_time: 253161313603990, actual_exe_time: 40470, task_app_start_time:253160102210455, task_sched_time:253161313558090
app_id: 0, app_name: SAR_api-aarch64, task_id: 1014, task_name: DASH_FFT, resource_name: cpu2, ref_start_time: 253161313976260, ref_stop_time: 253161314035210, actual_exe_time: 58950, task_app_start_time:253160102210455, task_sched_time:253161313973560
app_id: 0, app_name: SAR_api-aarch64, task_id: 1015, task_name: DASH_FFT, resource_name: cpu3, ref_start_time: 253161314447110, ref_stop_time: 253161314487970, actual_exe_time: 40860, task_app_start_time:253160102210455, task_sched_time:253161314399020
app_id: 0, app_name: SAR_api-aarch64, task_id: 1016, task_name: DASH_FFT, resource_name: fft1, ref_start_time: 253161314905180, ref_stop_time: 253161314948890, actual_exe_time: 43710, task_app_start_time:253160102210455, task_sched_time:253161314891440
app_id: 0, app_name: SAR_api-aarch64, task_id: 1017, task_name: DASH_FFT, resource_name: fft2, ref_start_time: 253161315312250, ref_stop_time: 253161315352570, actual_exe_time: 40320, task_app_start_time:253160102210455, task_sched_time:253161315302410
app_id: 0, app_name: SAR_api-aarch64, task_id: 1018, task_name: DASH_FFT, resource_name: cpu1, ref_start_time: 253161315970451, ref_stop_time: 253161316017251, actual_exe_time: 46800, task_app_start_time:253160102210455, task_sched_time:253161315967451
app_id: 0, app_name: SAR_api-aarch64, task_id: 1019, task_name: DASH_FFT, resource_name: cpu2, ref_start_time: 253161316209071, ref_stop_time: 253161316252781, actual_exe_time: 43710, task_app_start_time:253160102210455, task_sched_time:253161316203401
app_id: 0, app_name: SAR_api-aarch64, task_id: 1020, task_name: DASH_FFT, resource_name: cpu3, ref_start_time: 253161316780511, ref_stop_time: 253161316832771, actual_exe_time: 52260, task_app_start_time:253160102210455, task_sched_time:253161316776581
app_id: 0, app_name: SAR_api-aarch64, task_id: 1021, task_name: DASH_FFT, resource_name: fft1, ref_start_time: 253161317204771, ref_stop_time: 253161317242211, actual_exe_time: 37440, task_app_start_time:253160102210455, task_sched_time:253161317195861
app_id: 0, app_name: SAR_api-aarch64, task_id: 1022, task_name: DASH_FFT, resource_name: fft2, ref_start_time: 253161317622161, ref_stop_time: 253161317669861, actual_exe_time: 47700, task_app_start_time:253160102210455, task_sched_time:253161317615681
app_id: 0, app_name: SAR_api-aarch64, task_id: 1023, task_name: DASH_FFT, resource_name: cpu1, ref_start_time: 253161318176801, ref_stop_time: 253161318216521, actual_exe_time: 39720, task_app_start_time:253160102210455, task_sched_time:253161318167171
app_id: 0, app_name: SAR_api-aarch64, task_id: 1024, task_name: DASH_FFT, resource_name: cpu2, ref_start_time: 253161318586661, ref_stop_time: 253161318636701, actual_exe_time: 50040, task_app_start_time:253160102210455, task_sched_time:253161318583811
app_id: 0, app_name: SAR_api-aarch64, task_id: 1025, task_name: DASH_FFT, resource_name: cpu3, ref_start_time: 253161318994421, ref_stop_time: 253161319035251, actual_exe_time: 40830, task_app_start_time:253160102210455, task_sched_time:253161318990431
app_id: 0, app_name: SAR_api-aarch64, task_id: 1026, task_name: DASH_FFT, resource_name: fft1, ref_start_time: 253161319327361, ref_stop_time: 253161319371431, actual_exe_time: 44070, task_app_start_time:253160102210455, task_sched_time:253161319322321
app_id: 0, app_name: SAR_api-aarch64, task_id: 1027, task_name: DASH_FFT, resource_name: fft2, ref_start_time: 253161319830581, ref_stop_time: 253161319872401, actual_exe_time: 41820, task_app_start_time:253160102210455, task_sched_time:253161319824251
app_id: 0, app_name: SAR_api-aarch64, task_id: 1028, task_name: DASH_FFT, resource_name: cpu1, ref_start_time: 253161320297831, ref_stop_time: 253161320343911, actual_exe_time: 46080, task_app_start_time:253160102210455, task_sched_time:253161320287211
app_id: 0, app_name: SAR_api-aarch64, task_id: 1029, task_name: DASH_FFT, resource_name: cpu2, ref_start_time: 253161320779751, ref_stop_time: 253161320823101, actual_exe_time: 43350, task_app_start_time:253160102210455, task_sched_time:253161320776931
app_id: 0, app_name: SAR_api-aarch64, task_id: 1030, task_name: DASH_FFT, resource_name: cpu3, ref_start_time: 253161321128291, ref_stop_time: 253161321183581, actual_exe_time: 55290, task_app_start_time:253160102210455, task_sched_time:253161321106001
app_id: 0, app_name: SAR_api-aarch64, task_id: 1031, task_name: DASH_FFT, resource_name: fft1, ref_start_time: 253161321632411, ref_stop_time: 253161321669641, actual_exe_time: 37230, task_app_start_time:253160102210455, task_sched_time:253161321622691
app_id: 0, app_name: SAR_api-aarch64, task_id: 1032, task_name: DASH_FFT, resource_name: fft2, ref_start_time: 253161321956022, ref_stop_time: 253161322002792, actual_exe_time: 46770, task_app_start_time:253160102210455, task_sched_time:253161321950502
app_id: 0, app_name: SAR_api-aarch64, task_id: 1033, task_name: DASH_FFT, resource_name: cpu1, ref_start_time: 253161322545012, ref_stop_time: 253161322593942, actual_exe_time: 48930, task_app_start_time:253160102210455, task_sched_time:253161322542642
app_id: 0, app_name: SAR_api-aarch64, task_id: 1034, task_name: DASH_FFT, resource_name: cpu2, ref_start_time: 253161322884492, ref_stop_time: 253161322934802, actual_exe_time: 50310, task_app_start_time:253160102210455, task_sched_time:253161322879002
app_id: 0, app_name: SAR_api-aarch64, task_id: 1035, task_name: DASH_FFT, resource_name: cpu3, ref_start_time: 253161323414862, ref_stop_time: 253161323461272, actual_exe_time: 46410, task_app_start_time:253160102210455, task_sched_time:253161323375202
app_id: 0, app_name: SAR_api-aarch64, task_id: 1036, task_name: DASH_FFT, resource_name: fft1, ref_start_time: 253161323639082, ref_stop_time: 253161323682042, actual_exe_time: 42960, task_app_start_time:253160102210455, task_sched_time:253161323627142
app_id: 0, app_name: SAR_api-aarch64, task_id: 1037, task_name: DASH_FFT, resource_name: fft2, ref_start_time: 253161324214482, ref_stop_time: 253161324256512, actual_exe_time: 42030, task_app_start_time:253160102210455, task_sched_time:253161324210252
app_id: 0, app_name: SAR_api-aarch64, task_id: 1038, task_name: DASH_FFT, resource_name: cpu1, ref_start_time: 253161324753462, ref_stop_time: 253161324798672, actual_exe_time: 45210, task_app_start_time:253160102210455, task_sched_time:253161324745362
app_id: 0, app_name: SAR_api-aarch64, task_id: 1039, task_name: DASH_FFT, resource_name: cpu2, ref_start_time: 253161325184292, ref_stop_time: 253161325227612, actual_exe_time: 43320, task_app_start_time:253160102210455, task_sched_time:253161325179522
app_id: 0, app_name: SAR_api-aarch64, task_id: 1040, task_name: DASH_FFT, resource_name: cpu3, ref_start_time: 253161325600032, ref_stop_time: 253161325647672, actual_exe_time: 47640, task_app_start_time:253160102210455, task_sched_time:253161325576602
app_id: 0, app_name: SAR_api-aarch64, task_id: 1041, task_name: DASH_FFT, resource_name: fft1, ref_start_time: 253161326023992, ref_stop_time: 253161326061522, actual_exe_time: 37530, task_app_start_time:253160102210455, task_sched_time:253161326016522
app_id: 0, app_name: SAR_api-aarch64, task_id: 1042, task_name: DASH_FFT, resource_name: fft2, ref_start_time: 253161326421372, ref_stop_time: 253161326468682, actual_exe_time: 47310, task_app_start_time:253160102210455, task_sched_time:253161326417202
app_id: 0, app_name: SAR_api-aarch64, task_id: 1043, task_name: DASH_FFT, resource_name: cpu1, ref_start_time: 253161326924202, ref_stop_time: 253161326963862, actual_exe_time: 39660, task_app_start_time:253160102210455, task_sched_time:253161326915922
app_id: 0, app_name: SAR_api-aarch64, task_id: 1044, task_name: DASH_FFT, resource_name: cpu2, ref_start_time: 253161327199302, ref_stop_time: 253161327249672, actual_exe_time: 50370, task_app_start_time:253160102210455, task_sched_time:253161327195162
app_id: 0, app_name: SAR_api-aarch64, task_id: 1045, task_name: DASH_FFT, resource_name: cpu3, ref_start_time: 253161327628602, ref_stop_time: 253161327669432, actual_exe_time: 40830, task_app_start_time:253160102210455, task_sched_time:253161327553332
app_id: 0, app_name: SAR_api-aarch64, task_id: 1046, task_name: DASH_FFT, resource_name: fft1, ref_start_time: 253161328201033, ref_stop_time: 253161328243993, actual_exe_time: 42960, task_app_start_time:253160102210455, task_sched_time:253161328195303
app_id: 0, app_name: SAR_api-aarch64, task_id: 1047, task_name: DASH_FFT, resource_name: fft2, ref_start_time: 253161328622953, ref_stop_time: 253161328663513, actual_exe_time: 40560, task_app_start_time:253160102210455, task_sched_time:253161328613863
app_id: 0, app_name: SAR_api-aarch64, task_id: 1048, task_name: DASH_FFT, resource_name: cpu1, ref_start_time: 253161329126263, ref_stop_time: 253161329178883, actual_exe_time: 52620, task_app_start_time:253160102210455, task_sched_time:253161329120233
app_id: 0, app_name: SAR_api-aarch64, task_id: 1049, task_name: DASH_FFT, resource_name: cpu2, ref_start_time: 253161329546383, ref_stop_time: 253161329589733, actual_exe_time: 43350, task_app_start_time:253160102210455, task_sched_time:253161329538283
app_id: 0, app_name: SAR_api-aarch64, task_id: 1050, task_name: DASH_FFT, resource_name: cpu3, ref_start_time: 253161329954773, ref_stop_time: 253161330003283, actual_exe_time: 48510, task_app_start_time:253160102210455, task_sched_time:253161329944933
app_id: 0, app_name: SAR_api-aarch64, task_id: 1051, task_name: DASH_FFT, resource_name: fft1, ref_start_time: 253161330363373, ref_stop_time: 253161330400723, actual_exe_time: 37350, task_app_start_time:253160102210455, task_sched_time:253161330359983
app_id: 0, app_name: SAR_api-aarch64, task_id: 1052, task_name: DASH_FFT, resource_name: fft2, ref_start_time: 253161330689623, ref_stop_time: 253161330738043, actual_exe_time: 48420, task_app_start_time:253160102210455, task_sched_time:253161330685153
app_id: 0, app_name: SAR_api-aarch64, task_id: 1053, task_name: DASH_FFT, resource_name: cpu1, ref_start_time: 253161331286743, ref_stop_time: 253161331327063, actual_exe_time: 40320, task_app_start_time:253160102210455, task_sched_time:253161331281733
app_id: 0, app_name: SAR_api-aarch64, task_id: 1054, task_name: DASH_FFT, resource_name: cpu2, ref_start_time: 253161331616173, ref_stop_time: 253161331666333, actual_exe_time: 50160, task_app_start_time:253160102210455, task_sched_time:253161331612543
app_id: 0, app_name: SAR_api-aarch64, task_id: 1055, task_name: DASH_FFT, resource_name: cpu3, ref_start_time: 253161332160673, ref_stop_time: 253161332207623, actual_exe_time: 46950, task_app_start_time:253160102210455, task_sched_time:253161332119093
app_id: 0, app_name: SAR_api-aarch64, task_id: 1056, task_name: DASH_FFT, resource_name: fft1, ref_start_time: 253161332438473, ref_stop_time: 253161332482123, actual_exe_time: 43650, task_app_start_time:253160102210455, task_sched_time:253161332425933
app_id: 0, app_name: SAR_api-aarch64, task_id: 1057, task_name: DASH_FFT, resource_name: fft2, ref_start_time: 253161333035893, ref_stop_time: 253161333076273, actual_exe_time: 40380, task_app_start_time:253160102210455, task_sched_time:253161333029803
app_id: 0, app_name: SAR_api-aarch64, task_id: 1058, task_name: DASH_FFT, resource_name: cpu1, ref_start_time: 253161333572953, ref_stop_time: 253161333618523, actual_exe_time: 45570, task_app_start_time:253160102210455, task_sched_time:253161333563083
app_id: 0, app_name: SAR_api-aarch64, task_id: 1059, task_name: DASH_FFT, resource_name: cpu2, ref_start_time: 253161334019773, ref_stop_time: 253161334062943, actual_exe_time: 43170, task_app_start_time:253160102210455, task_sched_time:253161334010623
app_id: 0, app_name: SAR_api-aarch64, task_id: 1060, task_name: DASH_FFT, resource_name: cpu3, ref_start_time: 253161334418264, ref_stop_time: 253161334465694, actual_exe_time: 47430, task_app_start_time:253160102210455, task_sched_time:253161334412414
app_id: 0, app_name: SAR_api-aarch64, task_id: 1061, task_name: DASH_FFT, resource_name: fft1, ref_start_time: 253161334829774, ref_stop_time: 253161334866764, actual_exe_time: 36990, task_app_start_time:253160102210455, task_sched_time:253161334824674
app_id: 0, app_name: SAR_api-aarch64, task_id: 1062, task_name: DASH_FFT, resource_name: fft2, ref_start_time: 253161335243924, ref_stop_time: 253161335290784, actual_exe_time: 46860, task_app_start_time:253160102210455, task_sched_time:253161335237564
app_id: 0, app_name: SAR_api-aarch64, task_id: 1063, task_name: DASH_FFT, resource_name: cpu1, ref_start_time: 253161335757764, ref_stop_time: 253161335797454, actual_exe_time: 39690, task_app_start_time:253160102210455, task_sched_time:253161335753774
app_id: 0, app_name: SAR_api-aarch64, task_id: 1064, task_name: DASH_FFT, resource_name: cpu2, ref_start_time: 253161335960864, ref_stop_time: 253161336011564, actual_exe_time: 50700, task_app_start_time:253160102210455, task_sched_time:253161335953034
app_id: 0, app_name: SAR_api-aarch64, task_id: 1065, task_name: DASH_FFT, resource_name: cpu3, ref_start_time: 253161336601574, ref_stop_time: 253161336643004, actual_exe_time: 41430, task_app_start_time:253160102210455, task_sched_time:253161336545654
app_id: 0, app_name: SAR_api-aarch64, task_id: 1066, task_name: DASH_FFT, resource_name: fft1, ref_start_time: 253161337027304, ref_stop_time: 253161337069964, actual_exe_time: 42660, task_app_start_time:253160102210455, task_sched_time:253161337013834
app_id: 0, app_name: SAR_api-aarch64, task_id: 1067, task_name: DASH_FFT, resource_name: fft2, ref_start_time: 253161337430654, ref_stop_time: 253161337470674, actual_exe_time: 40020, task_app_start_time:253160102210455, task_sched_time:253161337426034
app_id: 0, app_name: SAR_api-aarch64, task_id: 1068, task_name: DASH_FFT, resource_name: cpu1, ref_start_time: 253161337964174, ref_stop_time: 253161338011664, actual_exe_time: 47490, task_app_start_time:253160102210455, task_sched_time:253161337958174
app_id: 0, app_name: SAR_api-aarch64, task_id: 1069, task_name: DASH_FFT, resource_name: cpu2, ref_start_time: 253161338377184, ref_stop_time: 253161338420264, actual_exe_time: 43080, task_app_start_time:253160102210455, task_sched_time:253161338370164
app_id: 0, app_name: SAR_api-aarch64, task_id: 1070, task_name: DASH_FFT, resource_name: cpu3, ref_start_time: 253161338811584, ref_stop_time: 253161338859494, actual_exe_time: 47910, task_app_start_time:253160102210455, task_sched_time:253161338770394
app_id: 0, app_name: SAR_api-aarch64, task_id: 1071, task_name: DASH_FFT, resource_name: fft1, ref_start_time: 253161339225164, ref_stop_time: 253161339262724, actual_exe_time: 37560, task_app_start_time:253160102210455, task_sched_time:253161339215024
app_id: 0, app_name: SAR_api-aarch64, task_id: 1072, task_name: DASH_FFT, resource_name: fft2, ref_start_time: 253161339549824, ref_stop_time: 253161339597134, actual_exe_time: 47310, task_app_start_time:253160102210455, task_sched_time:253161339544754
app_id: 0, app_name: SAR_api-aarch64, task_id: 1073, task_name: DASH_FFT, resource_name: cpu1, ref_start_time: 253161340178714, ref_stop_time: 253161340218494, actual_exe_time: 39780, task_app_start_time:253160102210455, task_sched_time:253161340164944
app_id: 0, app_name: SAR_api-aarch64, task_id: 1074, task_name: DASH_FFT, resource_name: cpu2, ref_start_time: 253161340351214, ref_stop_time: 253161340401674, actual_exe_time: 50460, task_app_start_time:253160102210455, task_sched_time:253161340339844
app_id: 0, app_name: SAR_api-aarch64, task_id: 1075, task_name: DASH_FFT, resource_name: cpu3, ref_start_time: 253161340915425, ref_stop_time: 253161340956525, actual_exe_time: 41100, task_app_start_time:253160102210455, task_sched_time:253161340912485
app_id: 0, app_name: SAR_api-aarch64, task_id: 1076, task_name: DASH_FFT, resource_name: fft1, ref_start_time: 253161341315145, ref_stop_time: 253161341358105, actual_exe_time: 42960, task_app_start_time:253160102210455, task_sched_time:253161341310915
app_id: 0, app_name: SAR_api-aarch64, task_id: 1077, task_name: DASH_FFT, resource_name: fft2, ref_start_time: 253161341716575, ref_stop_time: 253161341757135, actual_exe_time: 40560, task_app_start_time:253160102210455, task_sched_time:253161341707155
app_id: 0, app_name: SAR_api-aarch64, task_id: 1078, task_name: DASH_FFT, resource_name: cpu1, ref_start_time: 253161342238485, ref_stop_time: 253161342283905, actual_exe_time: 45420, task_app_start_time:253160102210455, task_sched_time:253161342232155
app_id: 0, app_name: SAR_api-aarch64, task_id: 1079, task_name: DASH_FFT, resource_name: cpu2, ref_start_time: 253161342441435, ref_stop_time: 253161342485025, actual_exe_time: 43590, task_app_start_time:253160102210455, task_sched_time:253161342437925
app_id: 0, app_name: SAR_api-aarch64, task_id: 1080, task_name: DASH_FFT, resource_name: cpu3, ref_start_time: 253161343028835, ref_stop_time: 253161343076235, actual_exe_time: 47400, task_app_start_time:253160102210455, task_sched_time:253161342998055
app_id: 0, app_name: SAR_api-aarch64, task_id: 1081, task_name: DASH_FFT, resource_name: fft1, ref_start_time: 253161343439055, ref_stop_time: 253161343476405, actual_exe_time: 37350, task_app_start_time:253160102210455, task_sched_time:253161343428735
app_id: 0, app_name: SAR_api-aarch64, task_id: 1082, task_name: DASH_FFT, resource_name: fft2, ref_start_time: 253161343832475, ref_stop_time: 253161343879605, actual_exe_time: 47130, task_app_start_time:253160102210455, task_sched_time:253161343826955
app_id: 0, app_name: SAR_api-aarch64, task_id: 1083, task_name: DASH_FFT, resource_name: cpu1, ref_start_time: 253161344189175, ref_stop_time: 253161344228715, actual_exe_time: 39540, task_app_start_time:253160102210455, task_sched_time:253161344180955
app_id: 0, app_name: SAR_api-aarch64, task_id: 1084, task_name: DASH_FFT, resource_name: cpu2, ref_start_time: 253161344769075, ref_stop_time: 253161344826135, actual_exe_time: 57060, task_app_start_time:253160102210455, task_sched_time:253161344758815
app_id: 0, app_name: SAR_api-aarch64, task_id: 1085, task_name: DASH_FFT, resource_name: cpu3, ref_start_time: 253161345236235, ref_stop_time: 253161345277635, actual_exe_time: 41400, task_app_start_time:253160102210455, task_sched_time:253161345184365
app_id: 0, app_name: SAR_api-aarch64, task_id: 1086, task_name: DASH_FFT, resource_name: fft1, ref_start_time: 253161345641595, ref_stop_time: 253161345685185, actual_exe_time: 43590, task_app_start_time:253160102210455, task_sched_time:253161345635355
app_id: 0, app_name: SAR_api-aarch64, task_id: 1087, task_name: DASH_FFT, resource_name: fft2, ref_start_time: 253161346047975, ref_stop_time: 253161346087995, actual_exe_time: 40020, task_app_start_time:253160102210455, task_sched_time:253161346038945
app_id: 0, app_name: SAR_api-aarch64, task_id: 1088, task_name: DASH_FFT, resource_name: cpu1, ref_start_time: 253161346581915, ref_stop_time: 253161346628445, actual_exe_time: 46530, task_app_start_time:253160102210455, task_sched_time:253161346577655
app_id: 0, app_name: SAR_api-aarch64, task_id: 1089, task_name: DASH_FFT, resource_name: cpu2, ref_start_time: 253161346990426, ref_stop_time: 253161347033806, actual_exe_time: 43380, task_app_start_time:253160102210455, task_sched_time:253161346984456
app_id: 0, app_name: SAR_api-aarch64, task_id: 1090, task_name: DASH_FFT, resource_name: cpu3, ref_start_time: 253161347431756, ref_stop_time: 253161347484706, actual_exe_time: 52950, task_app_start_time:253160102210455, task_sched_time:253161347391556
app_id: 0, app_name: SAR_api-aarch64, task_id: 1091, task_name: DASH_FFT, resource_name: fft1, ref_start_time: 253161347670076, ref_stop_time: 253161347706676, actual_exe_time: 36600, task_app_start_time:253160102210455, task_sched_time:253161347664016
app_id: 0, app_name: SAR_api-aarch64, task_id: 1092, task_name: DASH_FFT, resource_name: fft2, ref_start_time: 253161348248806, ref_stop_time: 253161348295996, actual_exe_time: 47190, task_app_start_time:253160102210455, task_sched_time:253161348244096
app_id: 0, app_name: SAR_api-aarch64, task_id: 1093, task_name: DASH_FFT, resource_name: cpu1, ref_start_time: 253161348761716, ref_stop_time: 253161348801316, actual_exe_time: 39600, task_app_start_time:253160102210455, task_sched_time:253161348754756
app_id: 0, app_name: SAR_api-aarch64, task_id: 1094, task_name: DASH_FFT, resource_name: cpu2, ref_start_time: 253161349174426, ref_stop_time: 253161349224046, actual_exe_time: 49620, task_app_start_time:253160102210455, task_sched_time:253161349166536
app_id: 0, app_name: SAR_api-aarch64, task_id: 1095, task_name: DASH_FFT, resource_name: cpu3, ref_start_time: 253161349622146, ref_stop_time: 253161349668376, actual_exe_time: 46230, task_app_start_time:253160102210455, task_sched_time:253161349580956
app_id: 0, app_name: SAR_api-aarch64, task_id: 1096, task_name: DASH_FFT, resource_name: fft1, ref_start_time: 253161350044996, ref_stop_time: 253161350087836, actual_exe_time: 42840, task_app_start_time:253160102210455, task_sched_time:253161350032156
app_id: 0, app_name: SAR_api-aarch64, task_id: 1097, task_name: DASH_FFT, resource_name: fft2, ref_start_time: 253161350455096, ref_stop_time: 253161350494936, actual_exe_time: 39840, task_app_start_time:253160102210455, task_sched_time:253161350450176
app_id: 0, app_name: SAR_api-aarch64, task_id: 1098, task_name: DASH_FFT, resource_name: cpu1, ref_start_time: 253161351022966, ref_stop_time: 253161351068626, actual_exe_time: 45660, task_app_start_time:253160102210455, task_sched_time:253161351012556
app_id: 0, app_name: SAR_api-aarch64, task_id: 1099, task_name: DASH_FFT, resource_name: cpu2, ref_start_time: 253161351259366, ref_stop_time: 253161351303076, actual_exe_time: 43710, task_app_start_time:253160102210455, task_sched_time:253161351251896
app_id: 0, app_name: SAR_api-aarch64, task_id: 1100, task_name: DASH_FFT, resource_name: cpu3, ref_start_time: 253161351859996, ref_stop_time: 253161351907456, actual_exe_time: 47460, task_app_start_time:253160102210455, task_sched_time:253161351822016
app_id: 0, app_name: SAR_api-aarch64, task_id: 1101, task_name: DASH_FFT, resource_name: fft1, ref_start_time: 253161352286506, ref_stop_time: 253161352323406, actual_exe_time: 36900, task_app_start_time:253160102210455, task_sched_time:253161352281586
app_id: 0, app_name: SAR_api-aarch64, task_id: 1102, task_name: DASH_FFT, resource_name: fft2, ref_start_time: 253161352689316, ref_stop_time: 253161352737286, actual_exe_time: 47970, task_app_start_time:253160102210455, task_sched_time:253161352684726
app_id: 0, app_name: SAR_api-aarch64, task_id: 1103, task_name: DASH_FFT, resource_name: cpu1, ref_start_time: 253161353225747, ref_stop_time: 253161353266247, actual_exe_time: 40500, task_app_start_time:253160102210455, task_sched_time:253161353221697
app_id: 0, app_name: SAR_api-aarch64, task_id: 1104, task_name: DASH_FFT, resource_name: cpu2, ref_start_time: 253161353624027, ref_stop_time: 253161353674907, actual_exe_time: 50880, task_app_start_time:253160102210455, task_sched_time:253161353614757
app_id: 0, app_name: SAR_api-aarch64, task_id: 1105, task_name: DASH_FFT, resource_name: cpu3, ref_start_time: 253161354035057, ref_stop_time: 253161354077027, actual_exe_time: 41970, task_app_start_time:253160102210455, task_sched_time:253161354031637
app_id: 0, app_name: SAR_api-aarch64, task_id: 1106, task_name: DASH_FFT, resource_name: fft1, ref_start_time: 253161354439127, ref_stop_time: 253161354482537, actual_exe_time: 43410, task_app_start_time:253160102210455, task_sched_time:253161354435827
app_id: 0, app_name: SAR_api-aarch64, task_id: 1107, task_name: DASH_FFT, resource_name: fft2, ref_start_time: 253161354674447, ref_stop_time: 253161354715307, actual_exe_time: 40860, task_app_start_time:253160102210455, task_sched_time:253161354666887
app_id: 0, app_name: SAR_api-aarch64, task_id: 1108, task_name: DASH_FFT, resource_name: cpu1, ref_start_time: 253161355356287, ref_stop_time: 253161355402697, actual_exe_time: 46410, task_app_start_time:253160102210455, task_sched_time:253161355343297
app_id: 0, app_name: SAR_api-aarch64, task_id: 1109, task_name: DASH_FFT, resource_name: cpu2, ref_start_time: 253161355765457, ref_stop_time: 253161355808597, actual_exe_time: 43140, task_app_start_time:253160102210455, task_sched_time:253161355757597
app_id: 0, app_name: SAR_api-aarch64, task_id: 1110, task_name: DASH_FFT, resource_name: cpu3, ref_start_time: 253161356189057, ref_stop_time: 253161356236607, actual_exe_time: 47550, task_app_start_time:253160102210455, task_sched_time:253161356155457
app_id: 0, app_name: SAR_api-aarch64, task_id: 1111, task_name: DASH_FFT, resource_name: fft1, ref_start_time: 253161356615177, ref_stop_time: 253161356651987, actual_exe_time: 36810, task_app_start_time:253160102210455, task_sched_time:253161356606837
app_id: 0, app_name: SAR_api-aarch64, task_id: 1112, task_name: DASH_FFT, resource_name: fft2, ref_start_time: 253161357014747, ref_stop_time: 253161357062177, actual_exe_time: 47430, task_app_start_time:253160102210455, task_sched_time:253161357012047
app_id: 0, app_name: SAR_api-aarch64, task_id: 1113, task_name: DASH_FFT, resource_name: cpu1, ref_start_time: 253161357558887, ref_stop_time: 253161357598427, actual_exe_time: 39540, task_app_start_time:253160102210455, task_sched_time:253161357549677
app_id: 0, app_name: SAR_api-aarch64, task_id: 1114, task_name: DASH_FFT, resource_name: cpu2, ref_start_time: 253161357999797, ref_stop_time: 253161358051007, actual_exe_time: 51210, task_app_start_time:253160102210455, task_sched_time:253161357991097
app_id: 0, app_name: SAR_api-aarch64, task_id: 1115, task_name: DASH_FFT, resource_name: cpu3, ref_start_time: 253161358270997, ref_stop_time: 253161358312787, actual_exe_time: 41790, task_app_start_time:253160102210455, task_sched_time:253161358201847
app_id: 0, app_name: SAR_api-aarch64, task_id: 1116, task_name: DASH_FFT, resource_name: fft1, ref_start_time: 253161358876817, ref_stop_time: 253161358919897, actual_exe_time: 43080, task_app_start_time:253160102210455, task_sched_time:253161358873157
app_id: 0, app_name: SAR_api-aarch64, task_id: 1117, task_name: DASH_FFT, resource_name: fft2, ref_start_time: 253161359304258, ref_stop_time: 253161359344728, actual_exe_time: 40470, task_app_start_time:253160102210455, task_sched_time:253161359294478
app_id: 0, app_name: SAR_api-aarch64, task_id: 1118, task_name: DASH_FFT, resource_name: cpu1, ref_start_time: 253161360139308, ref_stop_time: 253161360187128, actual_exe_time: 47820, task_app_start_time:253160102210455, task_sched_time:253161360126708
app_id: 0, app_name: SAR_api-aarch64, task_id: 1119, task_name: DASH_FFT, resource_name: cpu2, ref_start_time: 253161360668118, ref_stop_time: 253161360712248, actual_exe_time: 44130, task_app_start_time:253160102210455, task_sched_time:253161360664848
app_id: 0, app_name: SAR_api-aarch64, task_id: 1120, task_name: DASH_FFT, resource_name: cpu3, ref_start_time: 253161361277058, ref_stop_time: 253161361327668, actual_exe_time: 50610, task_app_start_time:253160102210455, task_sched_time:253161361270998
app_id: 0, app_name: SAR_api-aarch64, task_id: 1121, task_name: DASH_FFT, resource_name: fft1, ref_start_time: 253161361733238, ref_stop_time: 253161361773078, actual_exe_time: 39840, task_app_start_time:253160102210455, task_sched_time:253161361729728
app_id: 0, app_name: SAR_api-aarch64, task_id: 1122, task_name: DASH_FFT, resource_name: fft2, ref_start_time: 253161362487078, ref_stop_time: 253161362537418, actual_exe_time: 50340, task_app_start_time:253160102210455, task_sched_time:253161362477478
app_id: 0, app_name: SAR_api-aarch64, task_id: 1123, task_name: DASH_FFT, resource_name: cpu1, ref_start_time: 253161362803608, ref_stop_time: 253161362847648, actual_exe_time: 44040, task_app_start_time:253160102210455, task_sched_time:253161362791098
app_id: 0, app_name: SAR_api-aarch64, task_id: 1124, task_name: DASH_FFT, resource_name: cpu2, ref_start_time: 253161363469128, ref_stop_time: 253161363522048, actual_exe_time: 52920, task_app_start_time:253160102210455, task_sched_time:253161363463488
app_id: 0, app_name: SAR_api-aarch64, task_id: 1125, task_name: DASH_FFT, resource_name: cpu3, ref_start_time: 253161364134438, ref_stop_time: 253161364183698, actual_exe_time: 49260, task_app_start_time:253160102210455, task_sched_time:253161364130448
app_id: 0, app_name: SAR_api-aarch64, task_id: 1126, task_name: DASH_FFT, resource_name: fft1, ref_start_time: 253161364638348, ref_stop_time: 253161364693338, actual_exe_time: 54990, task_app_start_time:253160102210455, task_sched_time:253161364627998
app_id: 0, app_name: SAR_api-aarch64, task_id: 1127, task_name: DASH_FFT, resource_name: fft2, ref_start_time: 253161365108478, ref_stop_time: 253161365149578, actual_exe_time: 41100, task_app_start_time:253160102210455, task_sched_time:253161365103348
app_id: 0, app_name: SAR_api-aarch64, task_id: 1128, task_name: DASH_FFT, resource_name: cpu1, ref_start_time: 253161365780059, ref_stop_time: 253161365830369, actual_exe_time: 50310, task_app_start_time:253160102210455, task_sched_time:253161365766379
app_id: 0, app_name: SAR_api-aarch64, task_id: 1129, task_name: DASH_FFT, resource_name: cpu2, ref_start_time: 253161366415759, ref_stop_time: 253161366462529, actual_exe_time: 46770, task_app_start_time:253160102210455, task_sched_time:253161366409399
app_id: 0, app_name: SAR_api-aarch64, task_id: 1130, task_name: DASH_FFT, resource_name: cpu3, ref_start_time: 253161366640399, ref_stop_time: 253161366691579, actual_exe_time: 51180, task_app_start_time:253160102210455, task_sched_time:253161366630349
app_id: 0, app_name: SAR_api-aarch64, task_id: 1131, task_name: DASH_FFT, resource_name: fft1, ref_start_time: 253161367359979, ref_stop_time: 253161367398169, actual_exe_time: 38190, task_app_start_time:253160102210455, task_sched_time:253161367355659
app_id: 0, app_name: SAR_api-aarch64, task_id: 1132, task_name: DASH_FFT, resource_name: fft2, ref_start_time: 253161367813159, ref_stop_time: 253161367862719, actual_exe_time: 49560, task_app_start_time:253160102210455, task_sched_time:253161367806409
app_id: 0, app_name: SAR_api-aarch64, task_id: 1133, task_name: DASH_FFT, resource_name: cpu1, ref_start_time: 253161368560429, ref_stop_time: 253161368602609, actual_exe_time: 42180, task_app_start_time:253160102210455, task_sched_time:253161368548519
app_id: 0, app_name: SAR_api-aarch64, task_id: 1134, task_name: DASH_FFT, resource_name: cpu2, ref_start_time: 253161369124849, ref_stop_time: 253161369181249, actual_exe_time: 56400, task_app_start_time:253160102210455, task_sched_time:253161369120739
app_id: 0, app_name: SAR_api-aarch64, task_id: 1135, task_name: DASH_FFT, resource_name: cpu3, ref_start_time: 253161369745309, ref_stop_time: 253161369788089, actual_exe_time: 42780, task_app_start_time:253160102210455, task_sched_time:253161369718519
app_id: 0, app_name: SAR_api-aarch64, task_id: 1136, task_name: DASH_FFT, resource_name: fft1, ref_start_time: 253161370176169, ref_stop_time: 253161370224139, actual_exe_time: 47970, task_app_start_time:253160102210455, task_sched_time:253161370168039
app_id: 0, app_name: SAR_api-aarch64, task_id: 1137, task_name: DASH_FFT, resource_name: fft2, ref_start_time: 253161370763689, ref_stop_time: 253161370805839, actual_exe_time: 42150, task_app_start_time:253160102210455, task_sched_time:253161370754779
app_id: 0, app_name: SAR_api-aarch64, task_id: 1138, task_name: DASH_FFT, resource_name: cpu1, ref_start_time: 253161371573060, ref_stop_time: 253161371626100, actual_exe_time: 53040, task_app_start_time:253160102210455, task_sched_time:253161371564150
app_id: 0, app_name: SAR_api-aarch64, task_id: 1139, task_name: DASH_FFT, resource_name: cpu2, ref_start_time: 253161372307790, ref_stop_time: 253161372356600, actual_exe_time: 48810, task_app_start_time:253160102210455, task_sched_time:253161372303680
app_id: 0, app_name: SAR_api-aarch64, task_id: 1140, task_name: DASH_FFT, resource_name: cpu3, ref_start_time: 253161372855500, ref_stop_time: 253161372908570, actual_exe_time: 53070, task_app_start_time:253160102210455, task_sched_time:253161372852170
app_id: 0, app_name: SAR_api-aarch64, task_id: 1141, task_name: DASH_FFT, resource_name: fft1, ref_start_time: 253161373218560, ref_stop_time: 253161373258490, actual_exe_time: 39930, task_app_start_time:253160102210455, task_sched_time:253161373209020
app_id: 0, app_name: SAR_api-aarch64, task_id: 1142, task_name: DASH_FFT, resource_name: fft2, ref_start_time: 253161373912370, ref_stop_time: 253161373964930, actual_exe_time: 52560, task_app_start_time:253160102210455, task_sched_time:253161373907090
app_id: 0, app_name: SAR_api-aarch64, task_id: 1143, task_name: DASH_FFT, resource_name: cpu1, ref_start_time: 253161374455130, ref_stop_time: 253161374497220, actual_exe_time: 42090, task_app_start_time:253160102210455, task_sched_time:253161374450990
app_id: 0, app_name: SAR_api-aarch64, task_id: 1144, task_name: DASH_FFT, resource_name: cpu2, ref_start_time: 253161375161030, ref_stop_time: 253161375216770, actual_exe_time: 55740, task_app_start_time:253160102210455, task_sched_time:253161375153560
app_id: 0, app_name: SAR_api-aarch64, task_id: 1145, task_name: DASH_FFT, resource_name: cpu3, ref_start_time: 253161375643280, ref_stop_time: 253161375687740, actual_exe_time: 44460, task_app_start_time:253160102210455, task_sched_time:253161375635600
app_id: 0, app_name: SAR_api-aarch64, task_id: 1146, task_name: DASH_FFT, resource_name: fft1, ref_start_time: 253161376116830, ref_stop_time: 253161376163000, actual_exe_time: 46170, task_app_start_time:253160102210455, task_sched_time:253161376109390
app_id: 0, app_name: SAR_api-aarch64, task_id: 1147, task_name: DASH_FFT, resource_name: fft2, ref_start_time: 253161376575080, ref_stop_time: 253161376617140, actual_exe_time: 42060, task_app_start_time:253160102210455, task_sched_time:253161376568060
app_id: 0, app_name: SAR_api-aarch64, task_id: 1148, task_name: DASH_FFT, resource_name: cpu1, ref_start_time: 253161377168180, ref_stop_time: 253161377219120, actual_exe_time: 50940, task_app_start_time:253160102210455, task_sched_time:253161377160980
app_id: 0, app_name: SAR_api-aarch64, task_id: 1149, task_name: DASH_FFT, resource_name: cpu2, ref_start_time: 253161380331051, ref_stop_time: 253161380388531, actual_exe_time: 57480, task_app_start_time:253160102210455, task_sched_time:253161380319831
app_id: 0, app_name: SAR_api-aarch64, task_id: 1150, task_name: DASH_FFT, resource_name: cpu3, ref_start_time: 253161380851911, ref_stop_time: 253161380909541, actual_exe_time: 57630, task_app_start_time:253160102210455, task_sched_time:253161380842911
app_id: 0, app_name: SAR_api-aarch64, task_id: 1151, task_name: DASH_FFT, resource_name: fft1, ref_start_time: 253161381300741, ref_stop_time: 253161381340641, actual_exe_time: 39900, task_app_start_time:253160102210455, task_sched_time:253161381287601
app_id: 0, app_name: SAR_api-aarch64, task_id: 1152, task_name: DASH_FFT, resource_name: fft2, ref_start_time: 253161381495321, ref_stop_time: 253161381555921, actual_exe_time: 60600, task_app_start_time:253160102210455, task_sched_time:253161381490161
app_id: 0, app_name: SAR_api-aarch64, task_id: 1153, task_name: DASH_FFT, resource_name: cpu1, ref_start_time: 253161382217751, ref_stop_time: 253161382258491, actual_exe_time: 40740, task_app_start_time:253160102210455, task_sched_time:253161382208601
app_id: 0, app_name: SAR_api-aarch64, task_id: 1154, task_name: DASH_FFT, resource_name: cpu2, ref_start_time: 253161382664211, ref_stop_time: 253161382715601, actual_exe_time: 51390, task_app_start_time:253160102210455, task_sched_time:253161382659591
app_id: 0, app_name: SAR_api-aarch64, task_id: 1155, task_name: DASH_FFT, resource_name: cpu3, ref_start_time: 253161383074821, ref_stop_time: 253161383115951, actual_exe_time: 41130, task_app_start_time:253160102210455, task_sched_time:253161383071221
app_id: 0, app_name: SAR_api-aarch64, task_id: 1156, task_name: DASH_FFT, resource_name: fft1, ref_start_time: 253161383489781, ref_stop_time: 253161383534601, actual_exe_time: 44820, task_app_start_time:253160102210455, task_sched_time:253161383478261
app_id: 0, app_name: SAR_api-aarch64, task_id: 1157, task_name: DASH_FFT, resource_name: fft2, ref_start_time: 253161383893281, ref_stop_time: 253161383933182, actual_exe_time: 39901, task_app_start_time:253160102210455, task_sched_time:253161383888571
app_id: 0, app_name: SAR_api-aarch64, task_id: 1158, task_name: DASH_FFT, resource_name: cpu1, ref_start_time: 253161384508372, ref_stop_time: 253161384554362, actual_exe_time: 45990, task_app_start_time:253160102210455, task_sched_time:253161384497272
app_id: 0, app_name: SAR_api-aarch64, task_id: 1159, task_name: DASH_FFT, resource_name: cpu2, ref_start_time: 253161384932782, ref_stop_time: 253161384976972, actual_exe_time: 44190, task_app_start_time:253160102210455, task_sched_time:253161384924712
app_id: 0, app_name: SAR_api-aarch64, task_id: 1160, task_name: DASH_FFT, resource_name: cpu3, ref_start_time: 253161385144942, ref_stop_time: 253161385193332, actual_exe_time: 48390, task_app_start_time:253160102210455, task_sched_time:253161385118992
app_id: 0, app_name: SAR_api-aarch64, task_id: 1161, task_name: DASH_FFT, resource_name: fft1, ref_start_time: 253161385734232, ref_stop_time: 253161385771432, actual_exe_time: 37200, task_app_start_time:253160102210455, task_sched_time:253161385731532
app_id: 0, app_name: SAR_api-aarch64, task_id: 1162, task_name: DASH_FFT, resource_name: fft2, ref_start_time: 253161386121772, ref_stop_time: 253161386169322, actual_exe_time: 47550, task_app_start_time:253160102210455, task_sched_time:253161386116162
app_id: 0, app_name: SAR_api-aarch64, task_id: 1163, task_name: DASH_FFT, resource_name: cpu1, ref_start_time: 253161386683822, ref_stop_time: 253161386723812, actual_exe_time: 39990, task_app_start_time:253160102210455, task_sched_time:253161386679412
app_id: 0, app_name: SAR_api-aarch64, task_id: 1164, task_name: DASH_FFT, resource_name: cpu2, ref_start_time: 253161387074122, ref_stop_time: 253161387125662, actual_exe_time: 51540, task_app_start_time:253160102210455, task_sched_time:253161387067102
app_id: 0, app_name: SAR_api-aarch64, task_id: 1165, task_name: DASH_FFT, resource_name: cpu3, ref_start_time: 253161387535852, ref_stop_time: 253161387576832, actual_exe_time: 40980, task_app_start_time:253160102210455, task_sched_time:253161387482902
app_id: 0, app_name: SAR_api-aarch64, task_id: 1166, task_name: DASH_FFT, resource_name: fft1, ref_start_time: 253161387931732, ref_stop_time: 253161387975112, actual_exe_time: 43380, task_app_start_time:253160102210455, task_sched_time:253161387927442
app_id: 0, app_name: SAR_api-aarch64, task_id: 1167, task_name: DASH_FFT, resource_name: fft2, ref_start_time: 253161388240882, ref_stop_time: 253161388280962, actual_exe_time: 40080, task_app_start_time:253160102210455, task_sched_time:253161388235332
app_id: 0, app_name: SAR_api-aarch64, task_id: 1168, task_name: DASH_FFT, resource_name: cpu1, ref_start_time: 253161388817032, ref_stop_time: 253161388862182, actual_exe_time: 45150, task_app_start_time:253160102210455, task_sched_time:253161388804252
app_id: 0, app_name: SAR_api-aarch64, task_id: 1169, task_name: DASH_FFT, resource_name: cpu2, ref_start_time: 253161389024692, ref_stop_time: 253161389068462, actual_exe_time: 43770, task_app_start_time:253160102210455, task_sched_time:253161389015632
app_id: 0, app_name: SAR_api-aarch64, task_id: 1170, task_name: DASH_FFT, resource_name: cpu3, ref_start_time: 253161389436202, ref_stop_time: 253161389489392, actual_exe_time: 53190, task_app_start_time:253160102210455, task_sched_time:253161389398672
app_id: 0, app_name: SAR_api-aarch64, task_id: 1171, task_name: DASH_FFT, resource_name: fft1, ref_start_time: 253161390035392, ref_stop_time: 253161390074062, actual_exe_time: 38670, task_app_start_time:253160102210455, task_sched_time:253161390024682
app_id: 0, app_name: SAR_api-aarch64, task_id: 1172, task_name: DASH_FFT, resource_name: fft2, ref_start_time: 253161390429863, ref_stop_time: 253161390477053, actual_exe_time: 47190, task_app_start_time:253160102210455, task_sched_time:253161390424883
app_id: 0, app_name: SAR_api-aarch64, task_id: 1173, task_name: DASH_FFT, resource_name: cpu1, ref_start_time: 253161390987743, ref_stop_time: 253161391027703, actual_exe_time: 39960, task_app_start_time:253160102210455, task_sched_time:253161390980363
app_id: 0, app_name: SAR_api-aarch64, task_id: 1174, task_name: DASH_FFT, resource_name: cpu2, ref_start_time: 253161391391573, ref_stop_time: 253161391442183, actual_exe_time: 50610, task_app_start_time:253160102210455, task_sched_time:253161391384013
app_id: 0, app_name: SAR_api-aarch64, task_id: 1175, task_name: DASH_FFT, resource_name: cpu3, ref_start_time: 253161391801343, ref_stop_time: 253161391842293, actual_exe_time: 40950, task_app_start_time:253160102210455, task_sched_time:253161391797413
app_id: 0, app_name: SAR_api-aarch64, task_id: 1176, task_name: DASH_FFT, resource_name: fft1, ref_start_time: 253161392203763, ref_stop_time: 253161392246813, actual_exe_time: 43050, task_app_start_time:253160102210455, task_sched_time:253161392197613
app_id: 0, app_name: SAR_api-aarch64, task_id: 1177, task_name: DASH_FFT, resource_name: fft2, ref_start_time: 253161392538023, ref_stop_time: 253161392579483, actual_exe_time: 41460, task_app_start_time:253160102210455, task_sched_time:253161392529233
app_id: 0, app_name: SAR_api-aarch64, task_id: 1178, task_name: DASH_FFT, resource_name: cpu1, ref_start_time: 253161393114173, ref_stop_time: 253161393159443, actual_exe_time: 45270, task_app_start_time:253160102210455, task_sched_time:253161393111683
app_id: 0, app_name: SAR_api-aarch64, task_id: 1179, task_name: DASH_FFT, resource_name: cpu2, ref_start_time: 253161393316673, ref_stop_time: 253161393360203, actual_exe_time: 43530, task_app_start_time:253160102210455, task_sched_time:253161393313133
app_id: 0, app_name: SAR_api-aarch64, task_id: 1180, task_name: DASH_FFT, resource_name: cpu3, ref_start_time: 253161393940163, ref_stop_time: 253161394010603, actual_exe_time: 70440, task_app_start_time:253160102210455, task_sched_time:253161393887123
app_id: 0, app_name: SAR_api-aarch64, task_id: 1181, task_name: DASH_FFT, resource_name: fft1, ref_start_time: 253161394393613, ref_stop_time: 253161394430753, actual_exe_time: 37140, task_app_start_time:253160102210455, task_sched_time:253161394379573
app_id: 0, app_name: SAR_api-aarch64, task_id: 1182, task_name: DASH_FFT, resource_name: fft2, ref_start_time: 253161394823813, ref_stop_time: 253161394871153, actual_exe_time: 47340, task_app_start_time:253160102210455, task_sched_time:253161394819163
app_id: 0, app_name: SAR_api-aarch64, task_id: 1183, task_name: DASH_FFT, resource_name: cpu1, ref_start_time: 253161395358203, ref_stop_time: 253161395398163, actual_exe_time: 39960, task_app_start_time:253160102210455, task_sched_time:253161395353133
app_id: 0, app_name: SAR_api-aarch64, task_id: 1184, task_name: DASH_FFT, resource_name: cpu2, ref_start_time: 253161395988713, ref_stop_time: 253161396040313, actual_exe_time: 51600, task_app_start_time:253160102210455, task_sched_time:253161395984813
app_id: 0, app_name: SAR_api-aarch64, task_id: 1185, task_name: DASH_FFT, resource_name: cpu3, ref_start_time: 253161396442224, ref_stop_time: 253161396483684, actual_exe_time: 41460, task_app_start_time:253160102210455, task_sched_time:253161396389454
app_id: 0, app_name: SAR_api-aarch64, task_id: 1186, task_name: DASH_FFT, resource_name: fft1, ref_start_time: 253161396870444, ref_stop_time: 253161396915954, actual_exe_time: 45510, task_app_start_time:253160102210455, task_sched_time:253161396862734
app_id: 0, app_name: SAR_api-aarch64, task_id: 1187, task_name: DASH_FFT, resource_name: fft2, ref_start_time: 253161397093404, ref_stop_time: 253161397135704, actual_exe_time: 42300, task_app_start_time:253160102210455, task_sched_time:253161397088034
app_id: 0, app_name: SAR_api-aarch64, task_id: 1188, task_name: DASH_FFT, resource_name: cpu1, ref_start_time: 253161397783704, ref_stop_time: 253161397828944, actual_exe_time: 45240, task_app_start_time:253160102210455, task_sched_time:253161397778214
app_id: 0, app_name: SAR_api-aarch64, task_id: 1189, task_name: DASH_FFT, resource_name: cpu2, ref_start_time: 253161398206224, ref_stop_time: 253161398249454, actual_exe_time: 43230, task_app_start_time:253160102210455, task_sched_time:253161398200074
app_id: 0, app_name: SAR_api-aarch64, task_id: 1190, task_name: DASH_FFT, resource_name: cpu3, ref_start_time: 253161398636604, ref_stop_time: 253161398684484, actual_exe_time: 47880, task_app_start_time:253160102210455, task_sched_time:253161398632014
app_id: 0, app_name: SAR_api-aarch64, task_id: 1191, task_name: DASH_FFT, resource_name: fft1, ref_start_time: 253161399063774, ref_stop_time: 253161399100974, actual_exe_time: 37200, task_app_start_time:253160102210455, task_sched_time:253161399056964
app_id: 0, app_name: SAR_api-aarch64, task_id: 1192, task_name: DASH_FFT, resource_name: fft2, ref_start_time: 253161399479784, ref_stop_time: 253161399526404, actual_exe_time: 46620, task_app_start_time:253160102210455, task_sched_time:253161399473544
app_id: 0, app_name: SAR_api-aarch64, task_id: 1193, task_name: DASH_FFT, resource_name: cpu1, ref_start_time: 253161400063434, ref_stop_time: 253161400103004, actual_exe_time: 39570, task_app_start_time:253160102210455, task_sched_time:253161400054674
app_id: 0, app_name: SAR_api-aarch64, task_id: 1194, task_name: DASH_FFT, resource_name: cpu2, ref_start_time: 253161400459854, ref_stop_time: 253161400511154, actual_exe_time: 51300, task_app_start_time:253160102210455, task_sched_time:253161400456914
app_id: 0, app_name: SAR_api-aarch64, task_id: 1195, task_name: DASH_FFT, resource_name: cpu3, ref_start_time: 253161400687644, ref_stop_time: 253161400728534, actual_exe_time: 40890, task_app_start_time:253160102210455, task_sched_time:253161400682334
app_id: 0, app_name: SAR_api-aarch64, task_id: 1196, task_name: DASH_FFT, resource_name: fft1, ref_start_time: 253161401144004, ref_stop_time: 253161401327844, actual_exe_time: 183840, task_app_start_time:253160102210455, task_sched_time:253161401137644
app_id: 0, app_name: SAR_api-aarch64, task_id: 1197, task_name: DASH_FFT, resource_name: fft2, ref_start_time: 253161401689314, ref_stop_time: 253161401729754, actual_exe_time: 40440, task_app_start_time:253160102210455, task_sched_time:253161401685114
app_id: 0, app_name: SAR_api-aarch64, task_id: 1198, task_name: DASH_FFT, resource_name: cpu1, ref_start_time: 253161402229644, ref_stop_time: 253161402284394, actual_exe_time: 54750, task_app_start_time:253160102210455, task_sched_time:253161402221364
app_id: 0, app_name: SAR_api-aarch64, task_id: 1199, task_name: DASH_FFT, resource_name: cpu2, ref_start_time: 253161402659545, ref_stop_time: 253161402702745, actual_exe_time: 43200, task_app_start_time:253160102210455, task_sched_time:253161402652315
app_id: 0, app_name: SAR_api-aarch64, task_id: 1200, task_name: DASH_FFT, resource_name: cpu3, ref_start_time: 253161403095865, ref_stop_time: 253161403143655, actual_exe_time: 47790, task_app_start_time:253160102210455, task_sched_time:253161403090945
app_id: 0, app_name: SAR_api-aarch64, task_id: 1201, task_name: DASH_FFT, resource_name: fft1, ref_start_time: 253161403521895, ref_stop_time: 253161403559065, actual_exe_time: 37170, task_app_start_time:253160102210455, task_sched_time:253161403516825
app_id: 0, app_name: SAR_api-aarch64, task_id: 1202, task_name: DASH_FFT, resource_name: fft2, ref_start_time: 253161403846675, ref_stop_time: 253161403894075, actual_exe_time: 47400, task_app_start_time:253160102210455, task_sched_time:253161403842955
app_id: 0, app_name: SAR_api-aarch64, task_id: 1203, task_name: DASH_FFT, resource_name: cpu1, ref_start_time: 253161404478115, ref_stop_time: 253161404518105, actual_exe_time: 39990, task_app_start_time:253160102210455, task_sched_time:253161404469415
app_id: 0, app_name: SAR_api-aarch64, task_id: 1204, task_name: DASH_FFT, resource_name: cpu2, ref_start_time: 253161404792935, ref_stop_time: 253161404842615, actual_exe_time: 49680, task_app_start_time:253160102210455, task_sched_time:253161404787235
app_id: 0, app_name: SAR_api-aarch64, task_id: 1205, task_name: DASH_FFT, resource_name: cpu3, ref_start_time: 253161405328765, ref_stop_time: 253161405369835, actual_exe_time: 41070, task_app_start_time:253160102210455, task_sched_time:253161405276505
app_id: 0, app_name: SAR_api-aarch64, task_id: 1206, task_name: DASH_FFT, resource_name: fft1, ref_start_time: 253161405654145, ref_stop_time: 253161405697765, actual_exe_time: 43620, task_app_start_time:253160102210455, task_sched_time:253161405649705
app_id: 0, app_name: SAR_api-aarch64, task_id: 1207, task_name: DASH_FFT, resource_name: fft2, ref_start_time: 253161406148305, ref_stop_time: 253161406188535, actual_exe_time: 40230, task_app_start_time:253160102210455, task_sched_time:253161406143295
app_id: 0, app_name: SAR_api-aarch64, task_id: 1208, task_name: DASH_FFT, resource_name: cpu1, ref_start_time: 253161406659055, ref_stop_time: 253161406705405, actual_exe_time: 46350, task_app_start_time:253160102210455, task_sched_time:253161406652905
app_id: 0, app_name: SAR_api-aarch64, task_id: 1209, task_name: DASH_FFT, resource_name: cpu2, ref_start_time: 253161407156125, ref_stop_time: 253161407199655, actual_exe_time: 43530, task_app_start_time:253160102210455, task_sched_time:253161407150605
app_id: 0, app_name: SAR_api-aarch64, task_id: 1210, task_name: DASH_FFT, resource_name: cpu3, ref_start_time: 253161407511385, ref_stop_time: 253161407558815, actual_exe_time: 47430, task_app_start_time:253160102210455, task_sched_time:253161407483575
app_id: 0, app_name: SAR_api-aarch64, task_id: 1211, task_name: DASH_FFT, resource_name: fft1, ref_start_time: 253161408022105, ref_stop_time: 253161408058825, actual_exe_time: 36720, task_app_start_time:253160102210455, task_sched_time:253161408015925
app_id: 0, app_name: SAR_api-aarch64, task_id: 1212, task_name: DASH_FFT, resource_name: fft2, ref_start_time: 253161408350545, ref_stop_time: 253161408411625, actual_exe_time: 61080, task_app_start_time:253160102210455, task_sched_time:253161408344035
app_id: 0, app_name: SAR_api-aarch64, task_id: 1213, task_name: DASH_FFT, resource_name: cpu1, ref_start_time: 253161408953756, ref_stop_time: 253161408993386, actual_exe_time: 39630, task_app_start_time:253160102210455, task_sched_time:253161408949646
app_id: 0, app_name: SAR_api-aarch64, task_id: 1214, task_name: DASH_FFT, resource_name: cpu2, ref_start_time: 253161409280126, ref_stop_time: 253161409330646, actual_exe_time: 50520, task_app_start_time:253160102210455, task_sched_time:253161409277396
app_id: 0, app_name: SAR_api-aarch64, task_id: 1215, task_name: DASH_FFT, resource_name: cpu3, ref_start_time: 253161409822256, ref_stop_time: 253161409863416, actual_exe_time: 41160, task_app_start_time:253160102210455, task_sched_time:253161409774046
app_id: 0, app_name: SAR_api-aarch64, task_id: 1216, task_name: DASH_FFT, resource_name: fft1, ref_start_time: 253161410088086, ref_stop_time: 253161410131316, actual_exe_time: 43230, task_app_start_time:253160102210455, task_sched_time:253161410080886
app_id: 0, app_name: SAR_api-aarch64, task_id: 1217, task_name: DASH_FFT, resource_name: fft2, ref_start_time: 253161410684696, ref_stop_time: 253161410724986, actual_exe_time: 40290, task_app_start_time:253160102210455, task_sched_time:253161410678126
app_id: 0, app_name: SAR_api-aarch64, task_id: 1218, task_name: DASH_FFT, resource_name: cpu1, ref_start_time: 253161411187796, ref_stop_time: 253161411233996, actual_exe_time: 46200, task_app_start_time:253160102210455, task_sched_time:253161411176126
app_id: 0, app_name: SAR_api-aarch64, task_id: 1219, task_name: DASH_FFT, resource_name: cpu2, ref_start_time: 253161411605636, ref_stop_time: 253161411648746, actual_exe_time: 43110, task_app_start_time:253160102210455, task_sched_time:253161411600806
app_id: 0, app_name: SAR_api-aarch64, task_id: 1220, task_name: DASH_FFT, resource_name: cpu3, ref_start_time: 253161412002596, ref_stop_time: 253161412050386, actual_exe_time: 47790, task_app_start_time:253160102210455, task_sched_time:253161411998546
app_id: 0, app_name: SAR_api-aarch64, task_id: 1221, task_name: DASH_FFT, resource_name: fft1, ref_start_time: 253161412428266, ref_stop_time: 253161412466126, actual_exe_time: 37860, task_app_start_time:253160102210455, task_sched_time:253161412418516
app_id: 0, app_name: SAR_api-aarch64, task_id: 1222, task_name: DASH_FFT, resource_name: fft2, ref_start_time: 253161412844066, ref_stop_time: 253161412897856, actual_exe_time: 53790, task_app_start_time:253160102210455, task_sched_time:253161412841396
app_id: 0, app_name: SAR_api-aarch64, task_id: 1223, task_name: DASH_FFT, resource_name: cpu1, ref_start_time: 253161413394536, ref_stop_time: 253161413434466, actual_exe_time: 39930, task_app_start_time:253160102210455, task_sched_time:253161413383166
app_id: 0, app_name: SAR_api-aarch64, task_id: 1224, task_name: DASH_FFT, resource_name: cpu2, ref_start_time: 253161413623766, ref_stop_time: 253161413673536, actual_exe_time: 49770, task_app_start_time:253160102210455, task_sched_time:253161413620196
app_id: 0, app_name: SAR_api-aarch64, task_id: 1225, task_name: DASH_FFT, resource_name: cpu3, ref_start_time: 253161414074786, ref_stop_time: 253161414115766, actual_exe_time: 40980, task_app_start_time:253160102210455, task_sched_time:253161414019286
app_id: 0, app_name: SAR_api-aarch64, task_id: 1226, task_name: DASH_FFT, resource_name: fft1, ref_start_time: 253161414668966, ref_stop_time: 253161414713096, actual_exe_time: 44130, task_app_start_time:253160102210455, task_sched_time:253161414664586
app_id: 0, app_name: SAR_api-aarch64, task_id: 1227, task_name: DASH_FFT, resource_name: fft2, ref_start_time: 253161415106637, ref_stop_time: 253161415146957, actual_exe_time: 40320, task_app_start_time:253160102210455, task_sched_time:253161415102107
app_id: 0, app_name: SAR_api-aarch64, task_id: 1228, task_name: DASH_FFT, resource_name: cpu1, ref_start_time: 253161415602597, ref_stop_time: 253161415648497, actual_exe_time: 45900, task_app_start_time:253160102210455, task_sched_time:253161415595457
app_id: 0, app_name: SAR_api-aarch64, task_id: 1229, task_name: DASH_FFT, resource_name: cpu2, ref_start_time: 253161416008227, ref_stop_time: 253161416051487, actual_exe_time: 43260, task_app_start_time:253160102210455, task_sched_time:253161416001717
app_id: 0, app_name: SAR_api-aarch64, task_id: 1230, task_name: DASH_FFT, resource_name: cpu3, ref_start_time: 253161416472717, ref_stop_time: 253161416520027, actual_exe_time: 47310, task_app_start_time:253160102210455, task_sched_time:253161416402097
app_id: 0, app_name: SAR_api-aarch64, task_id: 1231, task_name: DASH_FFT, resource_name: fft1, ref_start_time: 253161416897157, ref_stop_time: 253161416934387, actual_exe_time: 37230, task_app_start_time:253160102210455, task_sched_time:253161416888937
app_id: 0, app_name: SAR_api-aarch64, task_id: 1232, task_name: DASH_FFT, resource_name: fft2, ref_start_time: 253161417302007, ref_stop_time: 253161417349497, actual_exe_time: 47490, task_app_start_time:253160102210455, task_sched_time:253161417296697
app_id: 0, app_name: SAR_api-aarch64, task_id: 1233, task_name: DASH_FFT, resource_name: cpu1, ref_start_time: 253161417749307, ref_stop_time: 253161417789027, actual_exe_time: 39720, task_app_start_time:253160102210455, task_sched_time:253161417742587
app_id: 0, app_name: SAR_api-aarch64, task_id: 1234, task_name: DASH_FFT, resource_name: cpu2, ref_start_time: 253161418225137, ref_stop_time: 253161418275147, actual_exe_time: 50010, task_app_start_time:253160102210455, task_sched_time:253161418221657
app_id: 0, app_name: SAR_api-aarch64, task_id: 1235, task_name: DASH_FFT, resource_name: cpu3, ref_start_time: 253161418580157, ref_stop_time: 253161418621017, actual_exe_time: 40860, task_app_start_time:253160102210455, task_sched_time:253161418572147
app_id: 0, app_name: SAR_api-aarch64, task_id: 1236, task_name: DASH_FFT, resource_name: fft1, ref_start_time: 253161419070777, ref_stop_time: 253161419114037, actual_exe_time: 43260, task_app_start_time:253160102210455, task_sched_time:253161419067027
app_id: 0, app_name: SAR_api-aarch64, task_id: 1237, task_name: DASH_FFT, resource_name: fft2, ref_start_time: 253161419405517, ref_stop_time: 253161419446137, actual_exe_time: 40620, task_app_start_time:253160102210455, task_sched_time:253161419400267
app_id: 0, app_name: SAR_api-aarch64, task_id: 1238, task_name: DASH_FFT, resource_name: cpu1, ref_start_time: 253161420021387, ref_stop_time: 253161420067197, actual_exe_time: 45810, task_app_start_time:253160102210455, task_sched_time:253161420009657
app_id: 0, app_name: SAR_api-aarch64, task_id: 1239, task_name: DASH_FFT, resource_name: cpu2, ref_start_time: 253161420290847, ref_stop_time: 253161420334227, actual_exe_time: 43380, task_app_start_time:253160102210455, task_sched_time:253161420281157
app_id: 0, app_name: SAR_api-aarch64, task_id: 1240, task_name: DASH_FFT, resource_name: cpu3, ref_start_time: 253161420875997, ref_stop_time: 253161420923937, actual_exe_time: 47940, task_app_start_time:253160102210455, task_sched_time:253161420860427
app_id: 0, app_name: SAR_api-aarch64, task_id: 1241, task_name: DASH_FFT, resource_name: fft1, ref_start_time: 253161421312558, ref_stop_time: 253161421349818, actual_exe_time: 37260, task_app_start_time:253160102210455, task_sched_time:253161421306528
app_id: 0, app_name: SAR_api-aarch64, task_id: 1242, task_name: DASH_FFT, resource_name: fft2, ref_start_time: 253161421707388, ref_stop_time: 253161421753678, actual_exe_time: 46290, task_app_start_time:253160102210455, task_sched_time:253161421703938
app_id: 0, app_name: SAR_api-aarch64, task_id: 1243, task_name: DASH_FFT, resource_name: cpu1, ref_start_time: 253161422227588, ref_stop_time: 253161422267638, actual_exe_time: 40050, task_app_start_time:253160102210455, task_sched_time:253161422214118
app_id: 0, app_name: SAR_api-aarch64, task_id: 1244, task_name: DASH_FFT, resource_name: cpu2, ref_start_time: 253161422668618, ref_stop_time: 253161422718478, actual_exe_time: 49860, task_app_start_time:253160102210455, task_sched_time:253161422661388
app_id: 0, app_name: SAR_api-aarch64, task_id: 1245, task_name: DASH_FFT, resource_name: cpu3, ref_start_time: 253161423082738, ref_stop_time: 253161423124228, actual_exe_time: 41490, task_app_start_time:253160102210455, task_sched_time:253161423072628
app_id: 0, app_name: SAR_api-aarch64, task_id: 1246, task_name: DASH_FFT, resource_name: fft1, ref_start_time: 253161423485458, ref_stop_time: 253161423528868, actual_exe_time: 43410, task_app_start_time:253160102210455, task_sched_time:253161423480658
app_id: 0, app_name: SAR_api-aarch64, task_id: 1247, task_name: DASH_FFT, resource_name: fft2, ref_start_time: 253161423750778, ref_stop_time: 253161423790828, actual_exe_time: 40050, task_app_start_time:253160102210455, task_sched_time:253161423744148
app_id: 0, app_name: SAR_api-aarch64, task_id: 1248, task_name: DASH_FFT, resource_name: cpu1, ref_start_time: 253161424436218, ref_stop_time: 253161424482148, actual_exe_time: 45930, task_app_start_time:253160102210455, task_sched_time:253161424433098
app_id: 0, app_name: SAR_api-aarch64, task_id: 1249, task_name: DASH_FFT, resource_name: cpu2, ref_start_time: 253161424838368, ref_stop_time: 253161424881388, actual_exe_time: 43020, task_app_start_time:253160102210455, task_sched_time:253161424834768
app_id: 0, app_name: SAR_api-aarch64, task_id: 1250, task_name: DASH_FFT, resource_name: cpu3, ref_start_time: 253161425251588, ref_stop_time: 253161425299198, actual_exe_time: 47610, task_app_start_time:253160102210455, task_sched_time:253161425248498
app_id: 0, app_name: SAR_api-aarch64, task_id: 1251, task_name: DASH_FFT, resource_name: fft1, ref_start_time: 253161425656588, ref_stop_time: 253161425693878, actual_exe_time: 37290, task_app_start_time:253160102210455, task_sched_time:253161425650738
app_id: 0, app_name: SAR_api-aarch64, task_id: 1252, task_name: DASH_FFT, resource_name: fft2, ref_start_time: 253161426064888, ref_stop_time: 253161426111238, actual_exe_time: 46350, task_app_start_time:253160102210455, task_sched_time:253161426060058
app_id: 0, app_name: SAR_api-aarch64, task_id: 1253, task_name: DASH_FFT, resource_name: cpu1, ref_start_time: 253161426588748, ref_stop_time: 253161426628528, actual_exe_time: 39780, task_app_start_time:253160102210455, task_sched_time:253161426584278
app_id: 0, app_name: SAR_api-aarch64, task_id: 1254, task_name: DASH_FFT, resource_name: cpu2, ref_start_time: 253161426991948, ref_stop_time: 253161427044328, actual_exe_time: 52380, task_app_start_time:253160102210455, task_sched_time:253161426987988
app_id: 0, app_name: SAR_api-aarch64, task_id: 1255, task_name: DASH_FFT, resource_name: cpu3, ref_start_time: 253161427482359, ref_stop_time: 253161427523489, actual_exe_time: 41130, task_app_start_time:253160102210455, task_sched_time:253161427479089
app_id: 0, app_name: SAR_api-aarch64, task_id: 1256, task_name: DASH_FFT, resource_name: fft1, ref_start_time: 253161427891829, ref_stop_time: 253161427935299, actual_exe_time: 43470, task_app_start_time:253160102210455, task_sched_time:253161427880579
app_id: 0, app_name: SAR_api-aarch64, task_id: 1257, task_name: DASH_FFT, resource_name: fft2, ref_start_time: 253161428294369, ref_stop_time: 253161428334719, actual_exe_time: 40350, task_app_start_time:253160102210455, task_sched_time:253161428288129
app_id: 0, app_name: SAR_api-aarch64, task_id: 1258, task_name: DASH_FFT, resource_name: cpu1, ref_start_time: 253161428627399, ref_stop_time: 253161428672399, actual_exe_time: 45000, task_app_start_time:253160102210455, task_sched_time:253161428623319
app_id: 0, app_name: SAR_api-aarch64, task_id: 1259, task_name: DASH_FFT, resource_name: cpu2, ref_start_time: 253161429232259, ref_stop_time: 253161429276419, actual_exe_time: 44160, task_app_start_time:253160102210455, task_sched_time:253161429225839
app_id: 0, app_name: SAR_api-aarch64, task_id: 1260, task_name: DASH_FFT, resource_name: cpu3, ref_start_time: 253161429632669, ref_stop_time: 253161429680309, actual_exe_time: 47640, task_app_start_time:253160102210455, task_sched_time:253161429629489
app_id: 0, app_name: SAR_api-aarch64, task_id: 1261, task_name: DASH_FFT, resource_name: fft1, ref_start_time: 253161430061699, ref_stop_time: 253161430098989, actual_exe_time: 37290, task_app_start_time:253160102210455, task_sched_time:253161430049849
app_id: 0, app_name: SAR_api-aarch64, task_id: 1262, task_name: DASH_FFT, resource_name: fft2, ref_start_time: 253161430457849, ref_stop_time: 253161430504979, actual_exe_time: 47130, task_app_start_time:253160102210455, task_sched_time:253161430451339
app_id: 0, app_name: SAR_api-aarch64, task_id: 1263, task_name: DASH_FFT, resource_name: cpu1, ref_start_time: 253161431036579, ref_stop_time: 253161431076749, actual_exe_time: 40170, task_app_start_time:253160102210455, task_sched_time:253161431027819
app_id: 0, app_name: SAR_api-aarch64, task_id: 1264, task_name: DASH_FFT, resource_name: cpu2, ref_start_time: 253161431432669, ref_stop_time: 253161431482919, actual_exe_time: 50250, task_app_start_time:253160102210455, task_sched_time:253161431429099
app_id: 0, app_name: SAR_api-aarch64, task_id: 1265, task_name: DASH_FFT, resource_name: cpu3, ref_start_time: 253161431787539, ref_stop_time: 253161431828759, actual_exe_time: 41220, task_app_start_time:253160102210455, task_sched_time:253161431761199
app_id: 0, app_name: SAR_api-aarch64, task_id: 1266, task_name: DASH_FFT, resource_name: fft1, ref_start_time: 253161432277709, ref_stop_time: 253161432321029, actual_exe_time: 43320, task_app_start_time:253160102210455, task_sched_time:253161432271619
app_id: 0, app_name: SAR_api-aarch64, task_id: 1267, task_name: DASH_FFT, resource_name: fft2, ref_start_time: 253161432599579, ref_stop_time: 253161432640139, actual_exe_time: 40560, task_app_start_time:253160102210455, task_sched_time:253161432591299
app_id: 0, app_name: SAR_api-aarch64, task_id: 1268, task_name: DASH_FFT, resource_name: cpu1, ref_start_time: 253161433207889, ref_stop_time: 253161433252979, actual_exe_time: 45090, task_app_start_time:253160102210455, task_sched_time:253161433204559
app_id: 0, app_name: SAR_api-aarch64, task_id: 1269, task_name: DASH_FFT, resource_name: cpu2, ref_start_time: 253161433435649, ref_stop_time: 253161433480409, actual_exe_time: 44760, task_app_start_time:253160102210455, task_sched_time:253161433427759
app_id: 0, app_name: SAR_api-aarch64, task_id: 1270, task_name: DASH_FFT, resource_name: cpu3, ref_start_time: 253161434053830, ref_stop_time: 253161434101260, actual_exe_time: 47430, task_app_start_time:253160102210455, task_sched_time:253161434015850
app_id: 0, app_name: SAR_api-aarch64, task_id: 1271, task_name: DASH_FFT, resource_name: fft1, ref_start_time: 253161434477190, ref_stop_time: 253161434514750, actual_exe_time: 37560, task_app_start_time:253160102210455, task_sched_time:253161434468970
app_id: 0, app_name: SAR_api-aarch64, task_id: 1272, task_name: DASH_FFT, resource_name: fft2, ref_start_time: 253161434903580, ref_stop_time: 253161434950860, actual_exe_time: 47280, task_app_start_time:253160102210455, task_sched_time:253161434900100
app_id: 0, app_name: SAR_api-aarch64, task_id: 1273, task_name: DASH_FFT, resource_name: cpu1, ref_start_time: 253161435444090, ref_stop_time: 253161435484320, actual_exe_time: 40230, task_app_start_time:253160102210455, task_sched_time:253161435439620
app_id: 0, app_name: SAR_api-aarch64, task_id: 1274, task_name: DASH_FFT, resource_name: cpu2, ref_start_time: 253161435857010, ref_stop_time: 253161435906780, actual_exe_time: 49770, task_app_start_time:253160102210455, task_sched_time:253161435848010
app_id: 0, app_name: SAR_api-aarch64, task_id: 1275, task_name: DASH_FFT, resource_name: cpu3, ref_start_time: 253161436315050, ref_stop_time: 253161436356240, actual_exe_time: 41190, task_app_start_time:253160102210455, task_sched_time:253161436266690
app_id: 0, app_name: SAR_api-aarch64, task_id: 1276, task_name: DASH_FFT, resource_name: fft1, ref_start_time: 253161436729860, ref_stop_time: 253161436780380, actual_exe_time: 50520, task_app_start_time:253160102210455, task_sched_time:253161436717830
app_id: 0, app_name: SAR_api-aarch64, task_id: 1277, task_name: DASH_FFT, resource_name: fft2, ref_start_time: 253161436962480, ref_stop_time: 253161437004540, actual_exe_time: 42060, task_app_start_time:253160102210455, task_sched_time:253161436958790
app_id: 0, app_name: SAR_api-aarch64, task_id: 1278, task_name: DASH_FFT, resource_name: cpu1, ref_start_time: 253161437673570, ref_stop_time: 253161437720250, actual_exe_time: 46680, task_app_start_time:253160102210455, task_sched_time:253161437664150
app_id: 0, app_name: SAR_api-aarch64, task_id: 1279, task_name: DASH_FFT, resource_name: cpu2, ref_start_time: 253161438111960, ref_stop_time: 253161438155520, actual_exe_time: 43560, task_app_start_time:253160102210455, task_sched_time:253161438109050
app_id: 0, app_name: SAR_api-aarch64, task_id: 1280, task_name: DASH_FFT, resource_name: cpu3, ref_start_time: 253161438543300, ref_stop_time: 253161438600690, actual_exe_time: 57390, task_app_start_time:253160102210455, task_sched_time:253161438540180
app_id: 0, app_name: SAR_api-aarch64, task_id: 1281, task_name: DASH_ZIP, resource_name: zip1, ref_start_time: 253161439159320, ref_stop_time: 253161439286400, actual_exe_time: 127080, task_app_start_time:253160102210455, task_sched_time:253161439139700
app_id: 0, app_name: SAR_api-aarch64, task_id: 1282, task_name: DASH_FFT, resource_name: cpu1, ref_start_time: 253161439704750, ref_stop_time: 253161439746600, actual_exe_time: 41850, task_app_start_time:253160102210455, task_sched_time:253161439690980
app_id: 0, app_name: SAR_api-aarch64, task_id: 1283, task_name: DASH_ZIP, resource_name: cpu2, ref_start_time: 253161443056921, ref_stop_time: 253161443136601, actual_exe_time: 79680, task_app_start_time:253160102210455, task_sched_time:253161443048881
app_id: 0, app_name: SAR_api-aarch64, task_id: 1284, task_name: DASH_FFT, resource_name: cpu3, ref_start_time: 253161443414491, ref_stop_time: 253161443466061, actual_exe_time: 51570, task_app_start_time:253160102210455, task_sched_time:253161443388421
app_id: 0, app_name: SAR_api-aarch64, task_id: 1285, task_name: DASH_ZIP, resource_name: zip1, ref_start_time: 253161444190651, ref_stop_time: 253161444308971, actual_exe_time: 118320, task_app_start_time:253160102210455, task_sched_time:253161444143101
app_id: 0, app_name: SAR_api-aarch64, task_id: 1286, task_name: DASH_FFT, resource_name: cpu1, ref_start_time: 253161444624841, ref_stop_time: 253161444666481, actual_exe_time: 41640, task_app_start_time:253160102210455, task_sched_time:253161444618601
app_id: 0, app_name: SAR_api-aarch64, task_id: 1287, task_name: DASH_ZIP, resource_name: cpu2, ref_start_time: 253161445206721, ref_stop_time: 253161445283551, actual_exe_time: 76830, task_app_start_time:253160102210455, task_sched_time:253161445201891
app_id: 0, app_name: SAR_api-aarch64, task_id: 1288, task_name: DASH_FFT, resource_name: cpu3, ref_start_time: 253161445448971, ref_stop_time: 253161445500931, actual_exe_time: 51960, task_app_start_time:253160102210455, task_sched_time:253161445446241
app_id: 0, app_name: SAR_api-aarch64, task_id: 1289, task_name: DASH_ZIP, resource_name: zip1, ref_start_time: 253161446226872, ref_stop_time: 253161446343722, actual_exe_time: 116850, task_app_start_time:253160102210455, task_sched_time:253161446195492
app_id: 0, app_name: SAR_api-aarch64, task_id: 1290, task_name: DASH_FFT, resource_name: cpu1, ref_start_time: 253161446763872, ref_stop_time: 253161446805602, actual_exe_time: 41730, task_app_start_time:253160102210455, task_sched_time:253161446759402
app_id: 0, app_name: SAR_api-aarch64, task_id: 1291, task_name: DASH_ZIP, resource_name: cpu2, ref_start_time: 253161447338732, ref_stop_time: 253161447415712, actual_exe_time: 76980, task_app_start_time:253160102210455, task_sched_time:253161447332852
app_id: 0, app_name: SAR_api-aarch64, task_id: 1292, task_name: DASH_FFT, resource_name: cpu3, ref_start_time: 253161447848042, ref_stop_time: 253161447899612, actual_exe_time: 51570, task_app_start_time:253160102210455, task_sched_time:253161447799802
app_id: 0, app_name: SAR_api-aarch64, task_id: 1293, task_name: DASH_ZIP, resource_name: zip1, ref_start_time: 253161448517942, ref_stop_time: 253161448636802, actual_exe_time: 118860, task_app_start_time:253160102210455, task_sched_time:253161448474082
app_id: 0, app_name: SAR_api-aarch64, task_id: 1294, task_name: DASH_FFT, resource_name: cpu1, ref_start_time: 253161449009822, ref_stop_time: 253161449051072, actual_exe_time: 41250, task_app_start_time:253160102210455, task_sched_time:253161449005622
app_id: 0, app_name: SAR_api-aarch64, task_id: 1295, task_name: DASH_ZIP, resource_name: cpu2, ref_start_time: 253161449431772, ref_stop_time: 253161449508062, actual_exe_time: 76290, task_app_start_time:253160102210455, task_sched_time:253161449427602
app_id: 0, app_name: SAR_api-aarch64, task_id: 1296, task_name: DASH_FFT, resource_name: cpu3, ref_start_time: 253161450090632, ref_stop_time: 253161450150722, actual_exe_time: 60090, task_app_start_time:253160102210455, task_sched_time:253161450084122
app_id: 0, app_name: SAR_api-aarch64, task_id: 1297, task_name: DASH_ZIP, resource_name: zip1, ref_start_time: 253161450986822, ref_stop_time: 253161451122872, actual_exe_time: 136050, task_app_start_time:253160102210455, task_sched_time:253161450983882
app_id: 0, app_name: SAR_api-aarch64, task_id: 1298, task_name: DASH_FFT, resource_name: cpu1, ref_start_time: 253161452200202, ref_stop_time: 253161452245232, actual_exe_time: 45030, task_app_start_time:253160102210455, task_sched_time:253161452193272
app_id: 0, app_name: SAR_api-aarch64, task_id: 1299, task_name: DASH_ZIP, resource_name: cpu2, ref_start_time: 253161452920293, ref_stop_time: 253161452998893, actual_exe_time: 78600, task_app_start_time:253160102210455, task_sched_time:253161452914923
app_id: 0, app_name: SAR_api-aarch64, task_id: 1300, task_name: DASH_FFT, resource_name: cpu3, ref_start_time: 253161453439593, ref_stop_time: 253161453504243, actual_exe_time: 64650, task_app_start_time:253160102210455, task_sched_time:253161453433923
app_id: 0, app_name: SAR_api-aarch64, task_id: 1301, task_name: DASH_ZIP, resource_name: zip1, ref_start_time: 253161454411173, ref_stop_time: 253161454531683, actual_exe_time: 120510, task_app_start_time:253160102210455, task_sched_time:253161454406103
app_id: 0, app_name: SAR_api-aarch64, task_id: 1302, task_name: DASH_FFT, resource_name: cpu1, ref_start_time: 253161455051163, ref_stop_time: 253161455095293, actual_exe_time: 44130, task_app_start_time:253160102210455, task_sched_time:253161455045283
app_id: 0, app_name: SAR_api-aarch64, task_id: 1303, task_name: DASH_ZIP, resource_name: cpu2, ref_start_time: 253161457713453, ref_stop_time: 253161457804503, actual_exe_time: 91050, task_app_start_time:253160102210455, task_sched_time:253161457705773
app_id: 0, app_name: SAR_api-aarch64, task_id: 1304, task_name: DASH_FFT, resource_name: cpu3, ref_start_time: 253161458182473, ref_stop_time: 253161458245053, actual_exe_time: 62580, task_app_start_time:253160102210455, task_sched_time:253161458167533
app_id: 0, app_name: SAR_api-aarch64, task_id: 1305, task_name: DASH_ZIP, resource_name: zip1, ref_start_time: 253161458781514, ref_stop_time: 253161458901364, actual_exe_time: 119850, task_app_start_time:253160102210455, task_sched_time:253161458731984
app_id: 0, app_name: SAR_api-aarch64, task_id: 1306, task_name: DASH_FFT, resource_name: cpu1, ref_start_time: 253161459398164, ref_stop_time: 253161459440464, actual_exe_time: 42300, task_app_start_time:253160102210455, task_sched_time:253161459393064
app_id: 0, app_name: SAR_api-aarch64, task_id: 1307, task_name: DASH_ZIP, resource_name: cpu2, ref_start_time: 253161459797794, ref_stop_time: 253161459874504, actual_exe_time: 76710, task_app_start_time:253160102210455, task_sched_time:253161459789994
app_id: 0, app_name: SAR_api-aarch64, task_id: 1308, task_name: DASH_FFT, resource_name: cpu3, ref_start_time: 253161460103194, ref_stop_time: 253161460155424, actual_exe_time: 52230, task_app_start_time:253160102210455, task_sched_time:253161460100404
app_id: 0, app_name: SAR_api-aarch64, task_id: 1309, task_name: DASH_ZIP, resource_name: zip1, ref_start_time: 253161460848124, ref_stop_time: 253161460964974, actual_exe_time: 116850, task_app_start_time:253160102210455, task_sched_time:253161460840144
app_id: 0, app_name: SAR_api-aarch64, task_id: 1310, task_name: DASH_FFT, resource_name: cpu1, ref_start_time: 253161461172814, ref_stop_time: 253161461214034, actual_exe_time: 41220, task_app_start_time:253160102210455, task_sched_time:253161461170354
app_id: 0, app_name: SAR_api-aarch64, task_id: 1311, task_name: DASH_ZIP, resource_name: cpu2, ref_start_time: 253161461913724, ref_stop_time: 253161461990494, actual_exe_time: 76770, task_app_start_time:253160102210455, task_sched_time:253161461907214
app_id: 0, app_name: SAR_api-aarch64, task_id: 1312, task_name: DASH_FFT, resource_name: cpu3, ref_start_time: 253161462374524, ref_stop_time: 253161462426244, actual_exe_time: 51720, task_app_start_time:253160102210455, task_sched_time:253161462321154
app_id: 0, app_name: SAR_api-aarch64, task_id: 1313, task_name: DASH_ZIP, resource_name: zip1, ref_start_time: 253161463048924, ref_stop_time: 253161463166464, actual_exe_time: 117540, task_app_start_time:253160102210455, task_sched_time:253161463007314
app_id: 0, app_name: SAR_api-aarch64, task_id: 1314, task_name: DASH_FFT, resource_name: cpu1, ref_start_time: 253161463537084, ref_stop_time: 253161463578814, actual_exe_time: 41730, task_app_start_time:253160102210455, task_sched_time:253161463532764
app_id: 0, app_name: SAR_api-aarch64, task_id: 1315, task_name: DASH_ZIP, resource_name: cpu2, ref_start_time: 253161464043424, ref_stop_time: 253161464119804, actual_exe_time: 76380, task_app_start_time:253160102210455, task_sched_time:253161464040424
app_id: 0, app_name: SAR_api-aarch64, task_id: 1316, task_name: DASH_FFT, resource_name: cpu3, ref_start_time: 253161464472784, ref_stop_time: 253161464529034, actual_exe_time: 56250, task_app_start_time:253160102210455, task_sched_time:253161464434504
app_id: 0, app_name: SAR_api-aarch64, task_id: 1317, task_name: DASH_ZIP, resource_name: zip1, ref_start_time: 253161465082685, ref_stop_time: 253161465206705, actual_exe_time: 124020, task_app_start_time:253160102210455, task_sched_time:253161465036515
app_id: 0, app_name: SAR_api-aarch64, task_id: 1318, task_name: DASH_FFT, resource_name: cpu1, ref_start_time: 253161465668945, ref_stop_time: 253161465709865, actual_exe_time: 40920, task_app_start_time:253160102210455, task_sched_time:253161465657665
app_id: 0, app_name: SAR_api-aarch64, task_id: 1319, task_name: DASH_ZIP, resource_name: cpu2, ref_start_time: 253161465924425, ref_stop_time: 253161466002635, actual_exe_time: 78210, task_app_start_time:253160102210455, task_sched_time:253161465918635
app_id: 0, app_name: SAR_api-aarch64, task_id: 1320, task_name: DASH_FFT, resource_name: cpu3, ref_start_time: 253161466614455, ref_stop_time: 253161466666205, actual_exe_time: 51750, task_app_start_time:253160102210455, task_sched_time:253161466541765
app_id: 0, app_name: SAR_api-aarch64, task_id: 1321, task_name: DASH_ZIP, resource_name: zip1, ref_start_time: 253161467250395, ref_stop_time: 253161467367485, actual_exe_time: 117090, task_app_start_time:253160102210455, task_sched_time:253161467220995
app_id: 0, app_name: SAR_api-aarch64, task_id: 1322, task_name: DASH_FFT, resource_name: cpu1, ref_start_time: 253161467719835, ref_stop_time: 253161467761085, actual_exe_time: 41250, task_app_start_time:253160102210455, task_sched_time:253161467715815
app_id: 0, app_name: SAR_api-aarch64, task_id: 1323, task_name: DASH_ZIP, resource_name: cpu2, ref_start_time: 253161468205055, ref_stop_time: 253161468281345, actual_exe_time: 76290, task_app_start_time:253160102210455, task_sched_time:253161468197495
app_id: 0, app_name: SAR_api-aarch64, task_id: 1324, task_name: DASH_FFT, resource_name: cpu3, ref_start_time: 253161468619865, ref_stop_time: 253161468671375, actual_exe_time: 51510, task_app_start_time:253160102210455, task_sched_time:253161468594815
app_id: 0, app_name: SAR_api-aarch64, task_id: 1325, task_name: DASH_ZIP, resource_name: zip1, ref_start_time: 253161469311605, ref_stop_time: 253161469428695, actual_exe_time: 117090, task_app_start_time:253160102210455, task_sched_time:253161469269395
app_id: 0, app_name: SAR_api-aarch64, task_id: 1326, task_name: DASH_FFT, resource_name: cpu1, ref_start_time: 253161469839425, ref_stop_time: 253161469881245, actual_exe_time: 41820, task_app_start_time:253160102210455, task_sched_time:253161469833185
app_id: 0, app_name: SAR_api-aarch64, task_id: 1327, task_name: DASH_ZIP, resource_name: cpu2, ref_start_time: 253161470248205, ref_stop_time: 253161470324945, actual_exe_time: 76740, task_app_start_time:253160102210455, task_sched_time:253161470238785
app_id: 0, app_name: SAR_api-aarch64, task_id: 1328, task_name: DASH_FFT, resource_name: cpu3, ref_start_time: 253161470780915, ref_stop_time: 253161470834465, actual_exe_time: 53550, task_app_start_time:253160102210455, task_sched_time:253161470756855
app_id: 0, app_name: SAR_api-aarch64, task_id: 1329, task_name: DASH_ZIP, resource_name: zip1, ref_start_time: 253161471118056, ref_stop_time: 253161471235206, actual_exe_time: 117150, task_app_start_time:253160102210455, task_sched_time:253161471112086
app_id: 0, app_name: SAR_api-aarch64, task_id: 1330, task_name: DASH_FFT, resource_name: cpu1, ref_start_time: 253161471895536, ref_stop_time: 253161471936576, actual_exe_time: 41040, task_app_start_time:253160102210455, task_sched_time:253161471888786
app_id: 0, app_name: SAR_api-aarch64, task_id: 1331, task_name: DASH_ZIP, resource_name: cpu2, ref_start_time: 253161472394316, ref_stop_time: 253161472470876, actual_exe_time: 76560, task_app_start_time:253160102210455, task_sched_time:253161472384626
app_id: 0, app_name: SAR_api-aarch64, task_id: 1332, task_name: DASH_FFT, resource_name: cpu3, ref_start_time: 253161472800066, ref_stop_time: 253161472851426, actual_exe_time: 51360, task_app_start_time:253160102210455, task_sched_time:253161472788576
app_id: 0, app_name: SAR_api-aarch64, task_id: 1333, task_name: DASH_ZIP, resource_name: zip1, ref_start_time: 253161473508486, ref_stop_time: 253161473625756, actual_exe_time: 117270, task_app_start_time:253160102210455, task_sched_time:253161473502786
app_id: 0, app_name: SAR_api-aarch64, task_id: 1334, task_name: DASH_FFT, resource_name: cpu1, ref_start_time: 253161474022866, ref_stop_time: 253161474063726, actual_exe_time: 40860, task_app_start_time:253160102210455, task_sched_time:253161474012306
app_id: 0, app_name: SAR_api-aarch64, task_id: 1335, task_name: DASH_ZIP, resource_name: cpu2, ref_start_time: 253161474531306, ref_stop_time: 253161474617706, actual_exe_time: 86400, task_app_start_time:253160102210455, task_sched_time:253161474523866
app_id: 0, app_name: SAR_api-aarch64, task_id: 1336, task_name: DASH_FFT, resource_name: cpu3, ref_start_time: 253161474983736, ref_stop_time: 253161475035246, actual_exe_time: 51510, task_app_start_time:253160102210455, task_sched_time:253161474934956
app_id: 0, app_name: SAR_api-aarch64, task_id: 1337, task_name: DASH_ZIP, resource_name: zip1, ref_start_time: 253161475361376, ref_stop_time: 253161475478616, actual_exe_time: 117240, task_app_start_time:253160102210455, task_sched_time:253161475356756
app_id: 0, app_name: SAR_api-aarch64, task_id: 1338, task_name: DASH_FFT, resource_name: cpu1, ref_start_time: 253161476098896, ref_stop_time: 253161476140716, actual_exe_time: 41820, task_app_start_time:253160102210455, task_sched_time:253161476089476
app_id: 0, app_name: SAR_api-aarch64, task_id: 1339, task_name: DASH_ZIP, resource_name: cpu2, ref_start_time: 253161476598276, ref_stop_time: 253161476674866, actual_exe_time: 76590, task_app_start_time:253160102210455, task_sched_time:253161476595216
app_id: 0, app_name: SAR_api-aarch64, task_id: 1340, task_name: DASH_FFT, resource_name: cpu3, ref_start_time: 253161476994426, ref_stop_time: 253161477045186, actual_exe_time: 50760, task_app_start_time:253160102210455, task_sched_time:253161476990526
app_id: 0, app_name: SAR_api-aarch64, task_id: 1341, task_name: DASH_ZIP, resource_name: zip1, ref_start_time: 253161477678817, ref_stop_time: 253161477795277, actual_exe_time: 116460, task_app_start_time:253160102210455, task_sched_time:253161477619507
app_id: 0, app_name: SAR_api-aarch64, task_id: 1342, task_name: DASH_FFT, resource_name: cpu1, ref_start_time: 253161478192837, ref_stop_time: 253161478234027, actual_exe_time: 41190, task_app_start_time:253160102210455, task_sched_time:253161478181107
app_id: 0, app_name: SAR_api-aarch64, task_id: 1343, task_name: DASH_ZIP, resource_name: cpu2, ref_start_time: 253161478689847, ref_stop_time: 253161478766227, actual_exe_time: 76380, task_app_start_time:253160102210455, task_sched_time:253161478686637
app_id: 0, app_name: SAR_api-aarch64, task_id: 1344, task_name: DASH_FFT, resource_name: cpu3, ref_start_time: 253161479090827, ref_stop_time: 253161479141167, actual_exe_time: 50340, task_app_start_time:253160102210455, task_sched_time:253161479087137
app_id: 0, app_name: SAR_api-aarch64, task_id: 1345, task_name: DASH_ZIP, resource_name: zip1, ref_start_time: 253161479481727, ref_stop_time: 253161479598607, actual_exe_time: 116880, task_app_start_time:253160102210455, task_sched_time:253161479463187
app_id: 0, app_name: SAR_api-aarch64, task_id: 1346, task_name: DASH_FFT, resource_name: cpu1, ref_start_time: 253161480218617, ref_stop_time: 253161480260107, actual_exe_time: 41490, task_app_start_time:253160102210455, task_sched_time:253161480209857
app_id: 0, app_name: SAR_api-aarch64, task_id: 1347, task_name: DASH_ZIP, resource_name: cpu2, ref_start_time: 253161480713167, ref_stop_time: 253161480789757, actual_exe_time: 76590, task_app_start_time:253160102210455, task_sched_time:253161480709537
app_id: 0, app_name: SAR_api-aarch64, task_id: 1348, task_name: DASH_FFT, resource_name: cpu3, ref_start_time: 253161481148347, ref_stop_time: 253161481203727, actual_exe_time: 55380, task_app_start_time:253160102210455, task_sched_time:253161481106287
app_id: 0, app_name: SAR_api-aarch64, task_id: 1349, task_name: DASH_ZIP, resource_name: zip1, ref_start_time: 253161481817137, ref_stop_time: 253161481934167, actual_exe_time: 117030, task_app_start_time:253160102210455, task_sched_time:253161481777447
app_id: 0, app_name: SAR_api-aarch64, task_id: 1350, task_name: DASH_FFT, resource_name: cpu1, ref_start_time: 253161482339197, ref_stop_time: 253161482380597, actual_exe_time: 41400, task_app_start_time:253160102210455, task_sched_time:253161482330407
app_id: 0, app_name: SAR_api-aarch64, task_id: 1351, task_name: DASH_ZIP, resource_name: cpu2, ref_start_time: 253161482839717, ref_stop_time: 253161482916637, actual_exe_time: 76920, task_app_start_time:253160102210455, task_sched_time:253161482830597
app_id: 0, app_name: SAR_api-aarch64, task_id: 1352, task_name: DASH_FFT, resource_name: cpu3, ref_start_time: 253161483239977, ref_stop_time: 253161483291307, actual_exe_time: 51330, task_app_start_time:253160102210455, task_sched_time:253161483236947
app_id: 0, app_name: SAR_api-aarch64, task_id: 1353, task_name: DASH_ZIP, resource_name: zip1, ref_start_time: 253161483674078, ref_stop_time: 253161483791108, actual_exe_time: 117030, task_app_start_time:253160102210455, task_sched_time:253161483631838
app_id: 0, app_name: SAR_api-aarch64, task_id: 1354, task_name: DASH_FFT, resource_name: cpu1, ref_start_time: 253161484406468, ref_stop_time: 253161484447598, actual_exe_time: 41130, task_app_start_time:253160102210455, task_sched_time:253161484401668
app_id: 0, app_name: SAR_api-aarch64, task_id: 1355, task_name: DASH_ZIP, resource_name: cpu2, ref_start_time: 253161484912748, ref_stop_time: 253161484988978, actual_exe_time: 76230, task_app_start_time:253160102210455, task_sched_time:253161484904048
app_id: 0, app_name: SAR_api-aarch64, task_id: 1356, task_name: DASH_FFT, resource_name: cpu3, ref_start_time: 253161485327138, ref_stop_time: 253161485386358, actual_exe_time: 59220, task_app_start_time:253160102210455, task_sched_time:253161485304338
app_id: 0, app_name: SAR_api-aarch64, task_id: 1357, task_name: DASH_ZIP, resource_name: zip1, ref_start_time: 253161486004808, ref_stop_time: 253161486121748, actual_exe_time: 116940, task_app_start_time:253160102210455, task_sched_time:253161485962778
app_id: 0, app_name: SAR_api-aarch64, task_id: 1358, task_name: DASH_FFT, resource_name: cpu1, ref_start_time: 253161486596768, ref_stop_time: 253161486638228, actual_exe_time: 41460, task_app_start_time:253160102210455, task_sched_time:253161486576668
app_id: 0, app_name: SAR_api-aarch64, task_id: 1359, task_name: DASH_ZIP, resource_name: cpu2, ref_start_time: 253161487090118, ref_stop_time: 253161487166558, actual_exe_time: 76440, task_app_start_time:253160102210455, task_sched_time:253161487086608
app_id: 0, app_name: SAR_api-aarch64, task_id: 1360, task_name: DASH_FFT, resource_name: cpu3, ref_start_time: 253161487451498, ref_stop_time: 253161487503338, actual_exe_time: 51840, task_app_start_time:253160102210455, task_sched_time:253161487412948
app_id: 0, app_name: SAR_api-aarch64, task_id: 1361, task_name: DASH_ZIP, resource_name: zip1, ref_start_time: 253161488204498, ref_stop_time: 253161488321198, actual_exe_time: 116700, task_app_start_time:253160102210455, task_sched_time:253161488163668
app_id: 0, app_name: SAR_api-aarch64, task_id: 1362, task_name: DASH_FFT, resource_name: cpu1, ref_start_time: 253161488559698, ref_stop_time: 253161488600378, actual_exe_time: 40680, task_app_start_time:253160102210455, task_sched_time:253161488547188
app_id: 0, app_name: SAR_api-aarch64, task_id: 1363, task_name: DASH_ZIP, resource_name: cpu2, ref_start_time: 253161489196148, ref_stop_time: 253161489272498, actual_exe_time: 76350, task_app_start_time:253160102210455, task_sched_time:253161489191678
app_id: 0, app_name: SAR_api-aarch64, task_id: 1364, task_name: DASH_FFT, resource_name: cpu3, ref_start_time: 253161489597729, ref_stop_time: 253161489652839, actual_exe_time: 55110, task_app_start_time:253160102210455, task_sched_time:253161489591099
app_id: 0, app_name: SAR_api-aarch64, task_id: 1365, task_name: DASH_ZIP, resource_name: zip1, ref_start_time: 253161490227309, ref_stop_time: 253161490344189, actual_exe_time: 116880, task_app_start_time:253160102210455, task_sched_time:253161490199589
app_id: 0, app_name: SAR_api-aarch64, task_id: 1366, task_name: DASH_FFT, resource_name: cpu1, ref_start_time: 253161490770399, ref_stop_time: 253161490811319, actual_exe_time: 40920, task_app_start_time:253160102210455, task_sched_time:253161490763469
app_id: 0, app_name: SAR_api-aarch64, task_id: 1367, task_name: DASH_ZIP, resource_name: cpu2, ref_start_time: 253161491277999, ref_stop_time: 253161491354139, actual_exe_time: 76140, task_app_start_time:253160102210455, task_sched_time:253161491274249
app_id: 0, app_name: SAR_api-aarch64, task_id: 1368, task_name: DASH_FFT, resource_name: cpu3, ref_start_time: 253161491683089, ref_stop_time: 253161491734299, actual_exe_time: 51210, task_app_start_time:253160102210455, task_sched_time:253161491669499
app_id: 0, app_name: SAR_api-aarch64, task_id: 1369, task_name: DASH_ZIP, resource_name: zip1, ref_start_time: 253161492238809, ref_stop_time: 253161492355809, actual_exe_time: 117000, task_app_start_time:253160102210455, task_sched_time:253161492235989
app_id: 0, app_name: SAR_api-aarch64, task_id: 1370, task_name: DASH_FFT, resource_name: cpu1, ref_start_time: 253161492836799, ref_stop_time: 253161492877509, actual_exe_time: 40710, task_app_start_time:253160102210455, task_sched_time:253161492826629
app_id: 0, app_name: SAR_api-aarch64, task_id: 1371, task_name: DASH_ZIP, resource_name: cpu2, ref_start_time: 253161493260759, ref_stop_time: 253161493337829, actual_exe_time: 77070, task_app_start_time:253160102210455, task_sched_time:253161493252389
app_id: 0, app_name: SAR_api-aarch64, task_id: 1372, task_name: DASH_FFT, resource_name: cpu3, ref_start_time: 253161493851519, ref_stop_time: 253161493902909, actual_exe_time: 51390, task_app_start_time:253160102210455, task_sched_time:253161493774869
app_id: 0, app_name: SAR_api-aarch64, task_id: 1373, task_name: DASH_ZIP, resource_name: zip1, ref_start_time: 253161494405469, ref_stop_time: 253161494522079, actual_exe_time: 116610, task_app_start_time:253160102210455, task_sched_time:253161494401449
app_id: 0, app_name: SAR_api-aarch64, task_id: 1374, task_name: DASH_FFT, resource_name: cpu1, ref_start_time: 253161495022989, ref_stop_time: 253161495064089, actual_exe_time: 41100, task_app_start_time:253160102210455, task_sched_time:253161495014379
app_id: 0, app_name: SAR_api-aarch64, task_id: 1375, task_name: DASH_ZIP, resource_name: cpu2, ref_start_time: 253161495255909, ref_stop_time: 253161495335949, actual_exe_time: 80040, task_app_start_time:253160102210455, task_sched_time:253161495248109
app_id: 0, app_name: SAR_api-aarch64, task_id: 1376, task_name: DASH_FFT, resource_name: cpu3, ref_start_time: 253161495973600, ref_stop_time: 253161496024510, actual_exe_time: 50910, task_app_start_time:253160102210455, task_sched_time:253161495900070
app_id: 0, app_name: SAR_api-aarch64, task_id: 1377, task_name: DASH_ZIP, resource_name: zip1, ref_start_time: 253161496696900, ref_stop_time: 253161496814200, actual_exe_time: 117300, task_app_start_time:253160102210455, task_sched_time:253161496667860
app_id: 0, app_name: SAR_api-aarch64, task_id: 1378, task_name: DASH_FFT, resource_name: cpu1, ref_start_time: 253161497229730, ref_stop_time: 253161497270290, actual_exe_time: 40560, task_app_start_time:253160102210455, task_sched_time:253161497222500
app_id: 0, app_name: SAR_api-aarch64, task_id: 1379, task_name: DASH_ZIP, resource_name: cpu2, ref_start_time: 253161497734840, ref_stop_time: 253161497812270, actual_exe_time: 77430, task_app_start_time:253160102210455, task_sched_time:253161497727220
app_id: 0, app_name: SAR_api-aarch64, task_id: 1380, task_name: DASH_FFT, resource_name: cpu3, ref_start_time: 253161498189220, ref_stop_time: 253161498240280, actual_exe_time: 51060, task_app_start_time:253160102210455, task_sched_time:253161498136450
app_id: 0, app_name: SAR_api-aarch64, task_id: 1381, task_name: DASH_ZIP, resource_name: zip1, ref_start_time: 253161498855910, ref_stop_time: 253161498978790, actual_exe_time: 122880, task_app_start_time:253160102210455, task_sched_time:253161498812950
app_id: 0, app_name: SAR_api-aarch64, task_id: 1382, task_name: DASH_FFT, resource_name: cpu1, ref_start_time: 253161499356130, ref_stop_time: 253161499397440, actual_exe_time: 41310, task_app_start_time:253160102210455, task_sched_time:253161499353070
app_id: 0, app_name: SAR_api-aarch64, task_id: 1383, task_name: DASH_ZIP, resource_name: cpu2, ref_start_time: 253161499849870, ref_stop_time: 253161499926430, actual_exe_time: 76560, task_app_start_time:253160102210455, task_sched_time:253161499843870
app_id: 0, app_name: SAR_api-aarch64, task_id: 1384, task_name: DASH_FFT, resource_name: cpu3, ref_start_time: 253161500290540, ref_stop_time: 253161500341420, actual_exe_time: 50880, task_app_start_time:253160102210455, task_sched_time:253161500242150
app_id: 0, app_name: SAR_api-aarch64, task_id: 1385, task_name: DASH_ZIP, resource_name: zip1, ref_start_time: 253161500664340, ref_stop_time: 253161500781340, actual_exe_time: 117000, task_app_start_time:253160102210455, task_sched_time:253161500661340
app_id: 0, app_name: SAR_api-aarch64, task_id: 1386, task_name: DASH_FFT, resource_name: cpu1, ref_start_time: 253161501287320, ref_stop_time: 253161501328060, actual_exe_time: 40740, task_app_start_time:253160102210455, task_sched_time:253161501281710
app_id: 0, app_name: SAR_api-aarch64, task_id: 1387, task_name: DASH_ZIP, resource_name: cpu2, ref_start_time: 253161501915910, ref_stop_time: 253161501992020, actual_exe_time: 76110, task_app_start_time:253160102210455, task_sched_time:253161501907780
app_id: 0, app_name: SAR_api-aarch64, task_id: 1388, task_name: DASH_FFT, resource_name: cpu3, ref_start_time: 253161502320881, ref_stop_time: 253161502371791, actual_exe_time: 50910, task_app_start_time:253160102210455, task_sched_time:253161502312571
app_id: 0, app_name: SAR_api-aarch64, task_id: 1389, task_name: DASH_ZIP, resource_name: zip1, ref_start_time: 253161502953491, ref_stop_time: 253161503071121, actual_exe_time: 117630, task_app_start_time:253160102210455, task_sched_time:253161502926521
app_id: 0, app_name: SAR_api-aarch64, task_id: 1390, task_name: DASH_FFT, resource_name: cpu1, ref_start_time: 253161503444621, ref_stop_time: 253161503485451, actual_exe_time: 40830, task_app_start_time:253160102210455, task_sched_time:253161503440511
app_id: 0, app_name: SAR_api-aarch64, task_id: 1391, task_name: DASH_ZIP, resource_name: cpu2, ref_start_time: 253161503954981, ref_stop_time: 253161504031241, actual_exe_time: 76260, task_app_start_time:253160102210455, task_sched_time:253161503946821
app_id: 0, app_name: SAR_api-aarch64, task_id: 1392, task_name: DASH_FFT, resource_name: cpu3, ref_start_time: 253161504351011, ref_stop_time: 253161504401891, actual_exe_time: 50880, task_app_start_time:253160102210455, task_sched_time:253161504347321
app_id: 0, app_name: SAR_api-aarch64, task_id: 1393, task_name: DASH_ZIP, resource_name: zip1, ref_start_time: 253161505039601, ref_stop_time: 253161505156091, actual_exe_time: 116490, task_app_start_time:253160102210455, task_sched_time:253161504979241
app_id: 0, app_name: SAR_api-aarch64, task_id: 1394, task_name: DASH_FFT, resource_name: cpu1, ref_start_time: 253161505427441, ref_stop_time: 253161505468301, actual_exe_time: 40860, task_app_start_time:253160102210455, task_sched_time:253161505415261
app_id: 0, app_name: SAR_api-aarch64, task_id: 1395, task_name: DASH_ZIP, resource_name: cpu2, ref_start_time: 253161506065241, ref_stop_time: 253161506141711, actual_exe_time: 76470, task_app_start_time:253160102210455, task_sched_time:253161506059181
app_id: 0, app_name: SAR_api-aarch64, task_id: 1396, task_name: DASH_FFT, resource_name: cpu3, ref_start_time: 253161506492771, ref_stop_time: 253161506543921, actual_exe_time: 51150, task_app_start_time:253160102210455, task_sched_time:253161506456141
app_id: 0, app_name: SAR_api-aarch64, task_id: 1397, task_name: DASH_ZIP, resource_name: zip1, ref_start_time: 253161507193601, ref_stop_time: 253161507310751, actual_exe_time: 117150, task_app_start_time:253160102210455, task_sched_time:253161507134291
app_id: 0, app_name: SAR_api-aarch64, task_id: 1398, task_name: DASH_FFT, resource_name: cpu1, ref_start_time: 253161507719621, ref_stop_time: 253161507760631, actual_exe_time: 41010, task_app_start_time:253160102210455, task_sched_time:253161507714641
app_id: 0, app_name: SAR_api-aarch64, task_id: 1399, task_name: DASH_ZIP, resource_name: cpu2, ref_start_time: 253161508216812, ref_stop_time: 253161508294032, actual_exe_time: 77220, task_app_start_time:253160102210455, task_sched_time:253161508208832
app_id: 0, app_name: SAR_api-aarch64, task_id: 1400, task_name: DASH_FFT, resource_name: cpu3, ref_start_time: 253161508623192, ref_stop_time: 253161508674582, actual_exe_time: 51390, task_app_start_time:253160102210455, task_sched_time:253161508620162
app_id: 0, app_name: SAR_api-aarch64, task_id: 1401, task_name: DASH_ZIP, resource_name: zip1, ref_start_time: 253161509337732, ref_stop_time: 253161509454432, actual_exe_time: 116700, task_app_start_time:253160102210455, task_sched_time:253161509290452
app_id: 0, app_name: SAR_api-aarch64, task_id: 1402, task_name: DASH_FFT, resource_name: cpu1, ref_start_time: 253161509709972, ref_stop_time: 253161509750772, actual_exe_time: 40800, task_app_start_time:253160102210455, task_sched_time:253161509703372
app_id: 0, app_name: SAR_api-aarch64, task_id: 1403, task_name: DASH_ZIP, resource_name: cpu2, ref_start_time: 253161510353892, ref_stop_time: 253161510430212, actual_exe_time: 76320, task_app_start_time:253160102210455, task_sched_time:253161510344712
app_id: 0, app_name: SAR_api-aarch64, task_id: 1404, task_name: DASH_FFT, resource_name: cpu3, ref_start_time: 253161510836772, ref_stop_time: 253161510887622, actual_exe_time: 50850, task_app_start_time:253160102210455, task_sched_time:253161510780942
app_id: 0, app_name: SAR_api-aarch64, task_id: 1405, task_name: DASH_ZIP, resource_name: zip1, ref_start_time: 253161511546332, ref_stop_time: 253161511663422, actual_exe_time: 117090, task_app_start_time:253160102210455, task_sched_time:253161511500462
app_id: 0, app_name: SAR_api-aarch64, task_id: 1406, task_name: DASH_FFT, resource_name: cpu1, ref_start_time: 253161512243622, ref_stop_time: 253161512285682, actual_exe_time: 42060, task_app_start_time:253160102210455, task_sched_time:253161512240592
app_id: 0, app_name: SAR_api-aarch64, task_id: 1407, task_name: DASH_ZIP, resource_name: cpu2, ref_start_time: 253161512752962, ref_stop_time: 253161512830332, actual_exe_time: 77370, task_app_start_time:253160102210455, task_sched_time:253161512743122
app_id: 0, app_name: SAR_api-aarch64, task_id: 1408, task_name: DASH_FFT, resource_name: cpu3, ref_start_time: 253161513218562, ref_stop_time: 253161513270042, actual_exe_time: 51480, task_app_start_time:253160102210455, task_sched_time:253161513213702
app_id: 0, app_name: SAR_api-aarch64, task_id: 1409, task_name: DASH_ZIP, resource_name: zip1, ref_start_time: 253161513784542, ref_stop_time: 253161513902052, actual_exe_time: 117510, task_app_start_time:253160102210455, task_sched_time:253161513754542
app_id: 0, app_name: SAR_api-aarch64, task_id: 1410, task_name: DASH_FFT, resource_name: cpu1, ref_start_time: 253161514389972, ref_stop_time: 253161514431073, actual_exe_time: 41101, task_app_start_time:253160102210455, task_sched_time:253161514386342
app_id: 0, app_name: SAR_api-aarch64, task_id: 1411, task_name: DASH_ZIP, resource_name: cpu2, ref_start_time: 253161514809673, ref_stop_time: 253161514886383, actual_exe_time: 76710, task_app_start_time:253160102210455, task_sched_time:253161514802173
app_id: 0, app_name: SAR_api-aarch64, task_id: 1412, task_name: DASH_FFT, resource_name: cpu3, ref_start_time: 253161515311303, ref_stop_time: 253161515362513, actual_exe_time: 51210, task_app_start_time:253160102210455, task_sched_time:253161515306203
app_id: 0, app_name: SAR_api-aarch64, task_id: 1413, task_name: DASH_ZIP, resource_name: zip1, ref_start_time: 253161515921773, ref_stop_time: 253161516039163, actual_exe_time: 117390, task_app_start_time:253160102210455, task_sched_time:253161515862673
app_id: 0, app_name: SAR_api-aarch64, task_id: 1414, task_name: DASH_FFT, resource_name: cpu1, ref_start_time: 253161516527203, ref_stop_time: 253161516568123, actual_exe_time: 40920, task_app_start_time:253160102210455, task_sched_time:253161516513523
app_id: 0, app_name: SAR_api-aarch64, task_id: 1415, task_name: DASH_ZIP, resource_name: cpu2, ref_start_time: 253161516781813, ref_stop_time: 253161516858493, actual_exe_time: 76680, task_app_start_time:253160102210455, task_sched_time:253161516777103
app_id: 0, app_name: SAR_api-aarch64, task_id: 1416, task_name: DASH_FFT, resource_name: cpu3, ref_start_time: 253161517488553, ref_stop_time: 253161517548313, actual_exe_time: 59760, task_app_start_time:253160102210455, task_sched_time:253161517432003
app_id: 0, app_name: SAR_api-aarch64, task_id: 1417, task_name: DASH_ZIP, resource_name: zip1, ref_start_time: 253161518161963, ref_stop_time: 253161518280673, actual_exe_time: 118710, task_app_start_time:253160102210455, task_sched_time:253161518113363
app_id: 0, app_name: SAR_api-aarch64, task_id: 1418, task_name: DASH_FFT, resource_name: cpu1, ref_start_time: 253161518749453, ref_stop_time: 253161518790913, actual_exe_time: 41460, task_app_start_time:253160102210455, task_sched_time:253161518736763
app_id: 0, app_name: SAR_api-aarch64, task_id: 1419, task_name: DASH_ZIP, resource_name: cpu2, ref_start_time: 253161519348043, ref_stop_time: 253161519424003, actual_exe_time: 75960, task_app_start_time:253160102210455, task_sched_time:253161519339163
app_id: 0, app_name: SAR_api-aarch64, task_id: 1420, task_name: DASH_FFT, resource_name: cpu3, ref_start_time: 253161519847723, ref_stop_time: 253161519899443, actual_exe_time: 51720, task_app_start_time:253160102210455, task_sched_time:253161519801763
app_id: 0, app_name: SAR_api-aarch64, task_id: 1421, task_name: DASH_ZIP, resource_name: zip1, ref_start_time: 253161520504363, ref_stop_time: 253161520621813, actual_exe_time: 117450, task_app_start_time:253160102210455, task_sched_time:253161520489993
app_id: 0, app_name: SAR_api-aarch64, task_id: 1422, task_name: DASH_FFT, resource_name: cpu1, ref_start_time: 253161521010494, ref_stop_time: 253161521051594, actual_exe_time: 41100, task_app_start_time:253160102210455, task_sched_time:253161521000744
app_id: 0, app_name: SAR_api-aarch64, task_id: 1423, task_name: DASH_ZIP, resource_name: cpu2, ref_start_time: 253161521264294, ref_stop_time: 253161521341154, actual_exe_time: 76860, task_app_start_time:253160102210455, task_sched_time:253161521259404
app_id: 0, app_name: SAR_api-aarch64, task_id: 1424, task_name: DASH_FFT, resource_name: cpu3, ref_start_time: 253161521977964, ref_stop_time: 253161522028544, actual_exe_time: 50580, task_app_start_time:253160102210455, task_sched_time:253161521916224
app_id: 0, app_name: SAR_api-aarch64, task_id: 1425, task_name: DASH_ZIP, resource_name: zip1, ref_start_time: 253161522602984, ref_stop_time: 253161522719864, actual_exe_time: 116880, task_app_start_time:253160102210455, task_sched_time:253161522597704
app_id: 0, app_name: SAR_api-aarch64, task_id: 1426, task_name: DASH_FFT, resource_name: cpu1, ref_start_time: 253161523112564, ref_stop_time: 253161523153604, actual_exe_time: 41040, task_app_start_time:253160102210455, task_sched_time:253161523105184
app_id: 0, app_name: SAR_api-aarch64, task_id: 1427, task_name: DASH_ZIP, resource_name: cpu2, ref_start_time: 253161523988354, ref_stop_time: 253161524065574, actual_exe_time: 77220, task_app_start_time:253160102210455, task_sched_time:253161523985624
app_id: 0, app_name: SAR_api-aarch64, task_id: 1428, task_name: DASH_FFT, resource_name: cpu3, ref_start_time: 253161524392844, ref_stop_time: 253161524446394, actual_exe_time: 53550, task_app_start_time:253160102210455, task_sched_time:253161524387864
app_id: 0, app_name: SAR_api-aarch64, task_id: 1429, task_name: DASH_ZIP, resource_name: zip1, ref_start_time: 253161525085154, ref_stop_time: 253161525203084, actual_exe_time: 117930, task_app_start_time:253160102210455, task_sched_time:253161525030944
app_id: 0, app_name: SAR_api-aarch64, task_id: 1430, task_name: DASH_FFT, resource_name: cpu1, ref_start_time: 253161525537404, ref_stop_time: 253161525578324, actual_exe_time: 40920, task_app_start_time:253160102210455, task_sched_time:253161525525074
app_id: 0, app_name: SAR_api-aarch64, task_id: 1431, task_name: DASH_ZIP, resource_name: cpu2, ref_start_time: 253161526150604, ref_stop_time: 253161526226894, actual_exe_time: 76290, task_app_start_time:253160102210455, task_sched_time:253161526146974
app_id: 0, app_name: SAR_api-aarch64, task_id: 1432, task_name: DASH_FFT, resource_name: cpu3, ref_start_time: 253161526561304, ref_stop_time: 253161526613924, actual_exe_time: 52620, task_app_start_time:253160102210455, task_sched_time:253161526549094
app_id: 0, app_name: SAR_api-aarch64, task_id: 1433, task_name: DASH_ZIP, resource_name: zip1, ref_start_time: 253161527121945, ref_stop_time: 253161527238675, actual_exe_time: 116730, task_app_start_time:253160102210455, task_sched_time:253161527116815
app_id: 0, app_name: SAR_api-aarch64, task_id: 1434, task_name: DASH_FFT, resource_name: cpu1, ref_start_time: 253161527714595, ref_stop_time: 253161527756145, actual_exe_time: 41550, task_app_start_time:253160102210455, task_sched_time:253161527702325
app_id: 0, app_name: SAR_api-aarch64, task_id: 1435, task_name: DASH_ZIP, resource_name: cpu2, ref_start_time: 253161527974005, ref_stop_time: 253161528051525, actual_exe_time: 77520, task_app_start_time:253160102210455, task_sched_time:253161527968815
app_id: 0, app_name: SAR_api-aarch64, task_id: 1436, task_name: DASH_FFT, resource_name: cpu3, ref_start_time: 253161528599535, ref_stop_time: 253161528651165, actual_exe_time: 51630, task_app_start_time:253160102210455, task_sched_time:253161528592395
app_id: 0, app_name: SAR_api-aarch64, task_id: 1437, task_name: DASH_ZIP, resource_name: zip1, ref_start_time: 253161529224285, ref_stop_time: 253161529341195, actual_exe_time: 116910, task_app_start_time:253160102210455, task_sched_time:253161529196685
app_id: 0, app_name: SAR_api-aarch64, task_id: 1438, task_name: DASH_FFT, resource_name: cpu1, ref_start_time: 253161529749525, ref_stop_time: 253161529790355, actual_exe_time: 40830, task_app_start_time:253160102210455, task_sched_time:253161529741965
app_id: 0, app_name: SAR_api-aarch64, task_id: 1439, task_name: DASH_ZIP, resource_name: cpu2, ref_start_time: 253161530247975, ref_stop_time: 253161530323935, actual_exe_time: 75960, task_app_start_time:253160102210455, task_sched_time:253161530238315
app_id: 0, app_name: SAR_api-aarch64, task_id: 1440, task_name: DASH_FFT, resource_name: cpu3, ref_start_time: 253161530753385, ref_stop_time: 253161530804055, actual_exe_time: 50670, task_app_start_time:253160102210455, task_sched_time:253161530675625
app_id: 0, app_name: SAR_api-aarch64, task_id: 1441, task_name: DASH_ZIP, resource_name: zip1, ref_start_time: 253161531384735, ref_stop_time: 253161531502065, actual_exe_time: 117330, task_app_start_time:253160102210455, task_sched_time:253161531355395
app_id: 0, app_name: SAR_api-aarch64, task_id: 1442, task_name: DASH_FFT, resource_name: cpu1, ref_start_time: 253161531910635, ref_stop_time: 253161531951765, actual_exe_time: 41130, task_app_start_time:253160102210455, task_sched_time:253161531905055
app_id: 0, app_name: SAR_api-aarch64, task_id: 1443, task_name: DASH_ZIP, resource_name: cpu2, ref_start_time: 253161532312965, ref_stop_time: 253161532389525, actual_exe_time: 76560, task_app_start_time:253160102210455, task_sched_time:253161532308735
app_id: 0, app_name: SAR_api-aarch64, task_id: 1444, task_name: DASH_FFT, resource_name: cpu3, ref_start_time: 253161532797465, ref_stop_time: 253161532848765, actual_exe_time: 51300, task_app_start_time:253160102210455, task_sched_time:253161532785495
app_id: 0, app_name: SAR_api-aarch64, task_id: 1445, task_name: DASH_ZIP, resource_name: zip1, ref_start_time: 253161533242816, ref_stop_time: 253161533359456, actual_exe_time: 116640, task_app_start_time:253160102210455, task_sched_time:253161533231986
app_id: 0, app_name: SAR_api-aarch64, task_id: 1446, task_name: DASH_FFT, resource_name: cpu1, ref_start_time: 253161534005896, ref_stop_time: 253161534046906, actual_exe_time: 41010, task_app_start_time:253160102210455, task_sched_time:253161533994886
app_id: 0, app_name: SAR_api-aarch64, task_id: 1447, task_name: DASH_ZIP, resource_name: cpu2, ref_start_time: 253161534511126, ref_stop_time: 253161534596206, actual_exe_time: 85080, task_app_start_time:253160102210455, task_sched_time:253161534507496
app_id: 0, app_name: SAR_api-aarch64, task_id: 1448, task_name: DASH_FFT, resource_name: cpu3, ref_start_time: 253161534925606, ref_stop_time: 253161534976486, actual_exe_time: 50880, task_app_start_time:253160102210455, task_sched_time:253161534915946
app_id: 0, app_name: SAR_api-aarch64, task_id: 1449, task_name: DASH_ZIP, resource_name: zip1, ref_start_time: 253161535611736, ref_stop_time: 253161535728676, actual_exe_time: 116940, task_app_start_time:253160102210455, task_sched_time:253161535597966
app_id: 0, app_name: SAR_api-aarch64, task_id: 1450, task_name: DASH_FFT, resource_name: cpu1, ref_start_time: 253161536115136, ref_stop_time: 253161536156176, actual_exe_time: 41040, task_app_start_time:253160102210455, task_sched_time:253161536107696
app_id: 0, app_name: SAR_api-aarch64, task_id: 1451, task_name: DASH_ZIP, resource_name: cpu2, ref_start_time: 253161536614186, ref_stop_time: 253161536692006, actual_exe_time: 77820, task_app_start_time:253160102210455, task_sched_time:253161536607016
app_id: 0, app_name: SAR_api-aarch64, task_id: 1452, task_name: DASH_FFT, resource_name: cpu3, ref_start_time: 253161537066676, ref_stop_time: 253161537118336, actual_exe_time: 51660, task_app_start_time:253160102210455, task_sched_time:253161537016636
app_id: 0, app_name: SAR_api-aarch64, task_id: 1453, task_name: DASH_ZIP, resource_name: zip1, ref_start_time: 253161537487876, ref_stop_time: 253161537604756, actual_exe_time: 116880, task_app_start_time:253160102210455, task_sched_time:253161537480556
app_id: 0, app_name: SAR_api-aarch64, task_id: 1454, task_name: DASH_FFT, resource_name: cpu1, ref_start_time: 253161538256476, ref_stop_time: 253161538297426, actual_exe_time: 40950, task_app_start_time:253160102210455, task_sched_time:253161538241206
app_id: 0, app_name: SAR_api-aarch64, task_id: 1455, task_name: DASH_ZIP, resource_name: cpu2, ref_start_time: 253161538759786, ref_stop_time: 253161538836406, actual_exe_time: 76620, task_app_start_time:253160102210455, task_sched_time:253161538751056
app_id: 0, app_name: SAR_api-aarch64, task_id: 1456, task_name: DASH_FFT, resource_name: cpu3, ref_start_time: 253161539158816, ref_stop_time: 253161539210566, actual_exe_time: 51750, task_app_start_time:253160102210455, task_sched_time:253161539155936
app_id: 0, app_name: SAR_api-aarch64, task_id: 1457, task_name: DASH_ZIP, resource_name: zip1, ref_start_time: 253161539876477, ref_stop_time: 253161539993417, actual_exe_time: 116940, task_app_start_time:253160102210455, task_sched_time:253161539831357
app_id: 0, app_name: SAR_api-aarch64, task_id: 1458, task_name: DASH_FFT, resource_name: cpu1, ref_start_time: 253161540421217, ref_stop_time: 253161540462197, actual_exe_time: 40980, task_app_start_time:253160102210455, task_sched_time:253161540417047
app_id: 0, app_name: SAR_api-aarch64, task_id: 1459, task_name: DASH_ZIP, resource_name: cpu2, ref_start_time: 253161540920297, ref_stop_time: 253161540997037, actual_exe_time: 76740, task_app_start_time:253160102210455, task_sched_time:253161540912377
app_id: 0, app_name: SAR_api-aarch64, task_id: 1460, task_name: DASH_FFT, resource_name: cpu3, ref_start_time: 253161541315547, ref_stop_time: 253161541366457, actual_exe_time: 50910, task_app_start_time:253160102210455, task_sched_time:253161541311437
app_id: 0, app_name: SAR_api-aarch64, task_id: 1461, task_name: DASH_ZIP, resource_name: zip1, ref_start_time: 253161541749197, ref_stop_time: 253161541866137, actual_exe_time: 116940, task_app_start_time:253160102210455, task_sched_time:253161541734407
app_id: 0, app_name: SAR_api-aarch64, task_id: 1462, task_name: DASH_FFT, resource_name: cpu1, ref_start_time: 253161543006797, ref_stop_time: 253161543048257, actual_exe_time: 41460, task_app_start_time:253160102210455, task_sched_time:253161543000437
app_id: 0, app_name: SAR_api-aarch64, task_id: 1463, task_name: DASH_ZIP, resource_name: cpu2, ref_start_time: 253161543704117, ref_stop_time: 253161543783437, actual_exe_time: 79320, task_app_start_time:253160102210455, task_sched_time:253161543699437
app_id: 0, app_name: SAR_api-aarch64, task_id: 1464, task_name: DASH_FFT, resource_name: cpu3, ref_start_time: 253161544345127, ref_stop_time: 253161544401497, actual_exe_time: 56370, task_app_start_time:253160102210455, task_sched_time:253161544339397
app_id: 0, app_name: SAR_api-aarch64, task_id: 1465, task_name: DASH_ZIP, resource_name: zip1, ref_start_time: 253161545372387, ref_stop_time: 253161545493108, actual_exe_time: 120721, task_app_start_time:253160102210455, task_sched_time:253161545359457
app_id: 0, app_name: SAR_api-aarch64, task_id: 1466, task_name: DASH_FFT, resource_name: cpu1, ref_start_time: 253161545976918, ref_stop_time: 253161546020958, actual_exe_time: 44040, task_app_start_time:253160102210455, task_sched_time:253161545966268
app_id: 0, app_name: SAR_api-aarch64, task_id: 1467, task_name: DASH_ZIP, resource_name: cpu2, ref_start_time: 253161546721998, ref_stop_time: 253161546801678, actual_exe_time: 79680, task_app_start_time:253160102210455, task_sched_time:253161546713508
app_id: 0, app_name: SAR_api-aarch64, task_id: 1468, task_name: DASH_FFT, resource_name: cpu3, ref_start_time: 253161547239978, ref_stop_time: 253161547298268, actual_exe_time: 58290, task_app_start_time:253160102210455, task_sched_time:253161547235028
app_id: 0, app_name: SAR_api-aarch64, task_id: 1469, task_name: DASH_ZIP, resource_name: zip1, ref_start_time: 253161548680098, ref_stop_time: 253161548801928, actual_exe_time: 121830, task_app_start_time:253160102210455, task_sched_time:253161548660508
app_id: 0, app_name: SAR_api-aarch64, task_id: 1470, task_name: DASH_FFT, resource_name: cpu1, ref_start_time: 253161549643878, ref_stop_time: 253161549690258, actual_exe_time: 46380, task_app_start_time:253160102210455, task_sched_time:253161549637248
app_id: 0, app_name: SAR_api-aarch64, task_id: 1471, task_name: DASH_ZIP, resource_name: cpu2, ref_start_time: 253161550433388, ref_stop_time: 253161550513728, actual_exe_time: 80340, task_app_start_time:253160102210455, task_sched_time:253161550428918
app_id: 0, app_name: SAR_api-aarch64, task_id: 1472, task_name: DASH_FFT, resource_name: cpu3, ref_start_time: 253161551047788, ref_stop_time: 253161551105088, actual_exe_time: 57300, task_app_start_time:253160102210455, task_sched_time:253161551044098
app_id: 0, app_name: SAR_api-aarch64, task_id: 1473, task_name: DASH_ZIP, resource_name: zip1, ref_start_time: 253161551911039, ref_stop_time: 253161552033739, actual_exe_time: 122700, task_app_start_time:253160102210455, task_sched_time:253161551876599
app_id: 0, app_name: SAR_api-aarch64, task_id: 1474, task_name: DASH_FFT, resource_name: cpu1, ref_start_time: 253161552905089, ref_stop_time: 253161552949909, actual_exe_time: 44820, task_app_start_time:253160102210455, task_sched_time:253161552898459
app_id: 0, app_name: SAR_api-aarch64, task_id: 1475, task_name: DASH_ZIP, resource_name: cpu2, ref_start_time: 253161553519579, ref_stop_time: 253161553599109, actual_exe_time: 79530, task_app_start_time:253160102210455, task_sched_time:253161553510279
app_id: 0, app_name: SAR_api-aarch64, task_id: 1476, task_name: DASH_FFT, resource_name: cpu3, ref_start_time: 253161556066009, ref_stop_time: 253161556140199, actual_exe_time: 74190, task_app_start_time:253160102210455, task_sched_time:253161556060099
app_id: 0, app_name: SAR_api-aarch64, task_id: 1477, task_name: DASH_ZIP, resource_name: zip1, ref_start_time: 253161556556179, ref_stop_time: 253161556675429, actual_exe_time: 119250, task_app_start_time:253160102210455, task_sched_time:253161556552429
app_id: 0, app_name: SAR_api-aarch64, task_id: 1478, task_name: DASH_FFT, resource_name: cpu1, ref_start_time: 253161557363719, ref_stop_time: 253161557405869, actual_exe_time: 42150, task_app_start_time:253160102210455, task_sched_time:253161557353219
app_id: 0, app_name: SAR_api-aarch64, task_id: 1479, task_name: DASH_ZIP, resource_name: cpu2, ref_start_time: 253161557862109, ref_stop_time: 253161557939000, actual_exe_time: 76891, task_app_start_time:253160102210455, task_sched_time:253161557857339
app_id: 0, app_name: SAR_api-aarch64, task_id: 1480, task_name: DASH_FFT, resource_name: cpu3, ref_start_time: 253161558313520, ref_stop_time: 253161558367550, actual_exe_time: 54030, task_app_start_time:253160102210455, task_sched_time:253161558257120
app_id: 0, app_name: SAR_api-aarch64, task_id: 1481, task_name: DASH_ZIP, resource_name: zip1, ref_start_time: 253161558975620, ref_stop_time: 253161559092650, actual_exe_time: 117030, task_app_start_time:253160102210455, task_sched_time:253161558928610
app_id: 0, app_name: SAR_api-aarch64, task_id: 1482, task_name: DASH_FFT, resource_name: cpu1, ref_start_time: 253161559498040, ref_stop_time: 253161559539170, actual_exe_time: 41130, task_app_start_time:253160102210455, task_sched_time:253161559489790
app_id: 0, app_name: SAR_api-aarch64, task_id: 1483, task_name: DASH_ZIP, resource_name: cpu2, ref_start_time: 253161559996280, ref_stop_time: 253161560073110, actual_exe_time: 76830, task_app_start_time:253160102210455, task_sched_time:253161559989380
app_id: 0, app_name: SAR_api-aarch64, task_id: 1484, task_name: DASH_FFT, resource_name: cpu3, ref_start_time: 253161560404460, ref_stop_time: 253161560455640, actual_exe_time: 51180, task_app_start_time:253160102210455, task_sched_time:253161560394980
app_id: 0, app_name: SAR_api-aarch64, task_id: 1485, task_name: DASH_ZIP, resource_name: zip1, ref_start_time: 253161560825930, ref_stop_time: 253161560942840, actual_exe_time: 116910, task_app_start_time:253160102210455, task_sched_time:253161560770280
app_id: 0, app_name: SAR_api-aarch64, task_id: 1486, task_name: DASH_FFT, resource_name: cpu1, ref_start_time: 253161561573140, ref_stop_time: 253161561613820, actual_exe_time: 40680, task_app_start_time:253160102210455, task_sched_time:253161561567830
app_id: 0, app_name: SAR_api-aarch64, task_id: 1487, task_name: DASH_ZIP, resource_name: cpu2, ref_start_time: 253161562069760, ref_stop_time: 253161562146110, actual_exe_time: 76350, task_app_start_time:253160102210455, task_sched_time:253161562063100
app_id: 0, app_name: SAR_api-aarch64, task_id: 1488, task_name: DASH_FFT, resource_name: cpu3, ref_start_time: 253161562496480, ref_stop_time: 253161562571720, actual_exe_time: 75240, task_app_start_time:253160102210455, task_sched_time:253161562463450
app_id: 0, app_name: SAR_api-aarch64, task_id: 1489, task_name: DASH_ZIP, resource_name: zip1, ref_start_time: 253161562961090, ref_stop_time: 253161563078450, actual_exe_time: 117360, task_app_start_time:253160102210455, task_sched_time:253161562957130
app_id: 0, app_name: SAR_api-aarch64, task_id: 1490, task_name: DASH_FFT, resource_name: cpu1, ref_start_time: 253161563690060, ref_stop_time: 253161563731640, actual_exe_time: 41580, task_app_start_time:253160102210455, task_sched_time:253161563680430
app_id: 0, app_name: SAR_api-aarch64, task_id: 1491, task_name: DASH_ZIP, resource_name: cpu2, ref_start_time: 253161564182181, ref_stop_time: 253161564258891, actual_exe_time: 76710, task_app_start_time:253160102210455, task_sched_time:253161564175341
app_id: 0, app_name: SAR_api-aarch64, task_id: 1492, task_name: DASH_FFT, resource_name: cpu3, ref_start_time: 253161564580161, ref_stop_time: 253161564631191, actual_exe_time: 51030, task_app_start_time:253160102210455, task_sched_time:253161564576441
app_id: 0, app_name: SAR_api-aarch64, task_id: 1493, task_name: DASH_ZIP, resource_name: zip1, ref_start_time: 253161565263321, ref_stop_time: 253161565380141, actual_exe_time: 116820, task_app_start_time:253160102210455, task_sched_time:253161565205751
app_id: 0, app_name: SAR_api-aarch64, task_id: 1494, task_name: DASH_FFT, resource_name: cpu1, ref_start_time: 253161565603071, ref_stop_time: 253161565643721, actual_exe_time: 40650, task_app_start_time:253160102210455, task_sched_time:253161565596441
app_id: 0, app_name: SAR_api-aarch64, task_id: 1495, task_name: DASH_ZIP, resource_name: cpu2, ref_start_time: 253161566244141, ref_stop_time: 253161566320491, actual_exe_time: 76350, task_app_start_time:253160102210455, task_sched_time:253161566235141
app_id: 0, app_name: SAR_api-aarch64, task_id: 1496, task_name: DASH_FFT, resource_name: cpu3, ref_start_time: 253161566648511, ref_stop_time: 253161566700081, actual_exe_time: 51570, task_app_start_time:253160102210455, task_sched_time:253161566642961
app_id: 0, app_name: SAR_api-aarch64, task_id: 1497, task_name: DASH_ZIP, resource_name: zip1, ref_start_time: 253161567335721, ref_stop_time: 253161567452421, actual_exe_time: 116700, task_app_start_time:253160102210455, task_sched_time:253161567280341
app_id: 0, app_name: SAR_api-aarch64, task_id: 1498, task_name: DASH_FFT, resource_name: cpu1, ref_start_time: 253161567845331, ref_stop_time: 253161567886281, actual_exe_time: 40950, task_app_start_time:253160102210455, task_sched_time:253161567837141
app_id: 0, app_name: SAR_api-aarch64, task_id: 1499, task_name: DASH_ZIP, resource_name: cpu2, ref_start_time: 253161568347711, ref_stop_time: 253161568424031, actual_exe_time: 76320, task_app_start_time:253160102210455, task_sched_time:253161568342911
app_id: 0, app_name: SAR_api-aarch64, task_id: 1500, task_name: DASH_FFT, resource_name: cpu3, ref_start_time: 253161568747371, ref_stop_time: 253161568798161, actual_exe_time: 50790, task_app_start_time:253160102210455, task_sched_time:253161568739301
app_id: 0, app_name: SAR_api-aarch64, task_id: 1501, task_name: DASH_ZIP, resource_name: zip1, ref_start_time: 253161569432361, ref_stop_time: 253161569549631, actual_exe_time: 117270, task_app_start_time:253160102210455, task_sched_time:253161569376921
app_id: 0, app_name: SAR_api-aarch64, task_id: 1502, task_name: DASH_FFT, resource_name: cpu1, ref_start_time: 253161569830611, ref_stop_time: 253161569871621, actual_exe_time: 41010, task_app_start_time:253160102210455, task_sched_time:253161569825151
app_id: 0, app_name: SAR_api-aarch64, task_id: 1503, task_name: DASH_ZIP, resource_name: cpu2, ref_start_time: 253161570522382, ref_stop_time: 253161570611662, actual_exe_time: 89280, task_app_start_time:253160102210455, task_sched_time:253161570517912
app_id: 0, app_name: SAR_api-aarch64, task_id: 1504, task_name: DASH_FFT, resource_name: cpu3, ref_start_time: 253161570799432, ref_stop_time: 253161570850372, actual_exe_time: 50940, task_app_start_time:253160102210455, task_sched_time:253161570745912
app_id: 0, app_name: SAR_api-aarch64, task_id: 1505, task_name: DASH_ZIP, resource_name: zip1, ref_start_time: 253161571675402, ref_stop_time: 253161571792672, actual_exe_time: 117270, task_app_start_time:253160102210455, task_sched_time:253161571662652
app_id: 0, app_name: SAR_api-aarch64, task_id: 1506, task_name: DASH_FFT, resource_name: cpu1, ref_start_time: 253161572184112, ref_stop_time: 253161572225002, actual_exe_time: 40890, task_app_start_time:253160102210455, task_sched_time:253161572177002
app_id: 0, app_name: SAR_api-aarch64, task_id: 1507, task_name: DASH_ZIP, resource_name: cpu2, ref_start_time: 253161572643682, ref_stop_time: 253161572720272, actual_exe_time: 76590, task_app_start_time:253160102210455, task_sched_time:253161572640472
app_id: 0, app_name: SAR_api-aarch64, task_id: 1508, task_name: DASH_FFT, resource_name: cpu3, ref_start_time: 253161573106822, ref_stop_time: 253161573157552, actual_exe_time: 50730, task_app_start_time:253160102210455, task_sched_time:253161573053482
app_id: 0, app_name: SAR_api-aarch64, task_id: 1509, task_name: DASH_ZIP, resource_name: zip1, ref_start_time: 253161573738922, ref_stop_time: 253161573855832, actual_exe_time: 116910, task_app_start_time:253160102210455, task_sched_time:253161573696412
app_id: 0, app_name: SAR_api-aarch64, task_id: 1510, task_name: DASH_FFT, resource_name: cpu1, ref_start_time: 253161574271482, ref_stop_time: 253161574312402, actual_exe_time: 40920, task_app_start_time:253160102210455, task_sched_time:253161574257832
app_id: 0, app_name: SAR_api-aarch64, task_id: 1511, task_name: DASH_ZIP, resource_name: cpu2, ref_start_time: 253161574693762, ref_stop_time: 253161574771132, actual_exe_time: 77370, task_app_start_time:253160102210455, task_sched_time:253161574687432
app_id: 0, app_name: SAR_api-aarch64, task_id: 1512, task_name: DASH_FFT, resource_name: cpu3, ref_start_time: 253161575219482, ref_stop_time: 253161575270272, actual_exe_time: 50790, task_app_start_time:253160102210455, task_sched_time:253161575210872
app_id: 0, app_name: SAR_api-aarch64, task_id: 1513, task_name: DASH_ZIP, resource_name: zip1, ref_start_time: 253161575731012, ref_stop_time: 253161575848372, actual_exe_time: 117360, task_app_start_time:253160102210455, task_sched_time:253161575716942
app_id: 0, app_name: SAR_api-aarch64, task_id: 1514, task_name: DASH_FFT, resource_name: cpu1, ref_start_time: 253161576324202, ref_stop_time: 253161576365842, actual_exe_time: 41640, task_app_start_time:253160102210455, task_sched_time:253161576317122
app_id: 0, app_name: SAR_api-aarch64, task_id: 1515, task_name: DASH_ZIP, resource_name: cpu2, ref_start_time: 253161576558142, ref_stop_time: 253161576635183, actual_exe_time: 77041, task_app_start_time:253160102210455, task_sched_time:253161576551332
app_id: 0, app_name: SAR_api-aarch64, task_id: 1516, task_name: DASH_FFT, resource_name: cpu3, ref_start_time: 253161577214873, ref_stop_time: 253161577265933, actual_exe_time: 51060, task_app_start_time:253160102210455, task_sched_time:253161577212263
app_id: 0, app_name: SAR_api-aarch64, task_id: 1517, task_name: DASH_ZIP, resource_name: zip1, ref_start_time: 253161577925573, ref_stop_time: 253161578043203, actual_exe_time: 117630, task_app_start_time:253160102210455, task_sched_time:253161577896113
app_id: 0, app_name: SAR_api-aarch64, task_id: 1518, task_name: DASH_FFT, resource_name: cpu1, ref_start_time: 253161578454773, ref_stop_time: 253161578495633, actual_exe_time: 40860, task_app_start_time:253160102210455, task_sched_time:253161578442533
app_id: 0, app_name: SAR_api-aarch64, task_id: 1519, task_name: DASH_ZIP, resource_name: cpu2, ref_start_time: 253161579030263, ref_stop_time: 253161579106943, actual_exe_time: 76680, task_app_start_time:253160102210455, task_sched_time:253161579024113
app_id: 0, app_name: SAR_api-aarch64, task_id: 1520, task_name: DASH_FFT, resource_name: cpu3, ref_start_time: 253161579478253, ref_stop_time: 253161579529973, actual_exe_time: 51720, task_app_start_time:253160102210455, task_sched_time:253161579437963
app_id: 0, app_name: SAR_api-aarch64, task_id: 1521, task_name: DASH_ZIP, resource_name: zip1, ref_start_time: 253161580114043, ref_stop_time: 253161580230863, actual_exe_time: 116820, task_app_start_time:253160102210455, task_sched_time:253161580110053
app_id: 0, app_name: SAR_api-aarch64, task_id: 1522, task_name: DASH_FFT, resource_name: cpu1, ref_start_time: 253161580658063, ref_stop_time: 253161580699283, actual_exe_time: 41220, task_app_start_time:253160102210455, task_sched_time:253161580650563
app_id: 0, app_name: SAR_api-aarch64, task_id: 1523, task_name: DASH_ZIP, resource_name: cpu2, ref_start_time: 253161581055593, ref_stop_time: 253161581132423, actual_exe_time: 76830, task_app_start_time:253160102210455, task_sched_time:253161581049443
app_id: 0, app_name: SAR_api-aarch64, task_id: 1524, task_name: DASH_FFT, resource_name: cpu3, ref_start_time: 253161581540123, ref_stop_time: 253161581591213, actual_exe_time: 51090, task_app_start_time:253160102210455, task_sched_time:253161581534093
app_id: 0, app_name: SAR_api-aarch64, task_id: 1525, task_name: DASH_ZIP, resource_name: zip1, ref_start_time: 253161582101273, ref_stop_time: 253161582218483, actual_exe_time: 117210, task_app_start_time:253160102210455, task_sched_time:253161582097943
app_id: 0, app_name: SAR_api-aarch64, task_id: 1526, task_name: DASH_FFT, resource_name: cpu1, ref_start_time: 253161582691013, ref_stop_time: 253161582732623, actual_exe_time: 41610, task_app_start_time:253160102210455, task_sched_time:253161582684503
app_id: 0, app_name: SAR_api-aarch64, task_id: 1527, task_name: DASH_ZIP, resource_name: cpu2, ref_start_time: 253161582944514, ref_stop_time: 253161583021614, actual_exe_time: 77100, task_app_start_time:253160102210455, task_sched_time:253161582940494
app_id: 0, app_name: SAR_api-aarch64, task_id: 1528, task_name: DASH_FFT, resource_name: cpu3, ref_start_time: 253161583635414, ref_stop_time: 253161583686894, actual_exe_time: 51480, task_app_start_time:253160102210455, task_sched_time:253161583578114
app_id: 0, app_name: SAR_api-aarch64, task_id: 1529, task_name: DASH_ZIP, resource_name: zip1, ref_start_time: 253161584244504, ref_stop_time: 253161584360994, actual_exe_time: 116490, task_app_start_time:253160102210455, task_sched_time:253161584240424
app_id: 0, app_name: SAR_api-aarch64, task_id: 1530, task_name: DASH_FFT, resource_name: cpu1, ref_start_time: 253161584750904, ref_stop_time: 253161584791764, actual_exe_time: 40860, task_app_start_time:253160102210455, task_sched_time:253161584746884
app_id: 0, app_name: SAR_api-aarch64, task_id: 1531, task_name: DASH_ZIP, resource_name: cpu2, ref_start_time: 253161585256104, ref_stop_time: 253161585332544, actual_exe_time: 76440, task_app_start_time:253160102210455, task_sched_time:253161585251154
app_id: 0, app_name: SAR_api-aarch64, task_id: 1532, task_name: DASH_FFT, resource_name: cpu3, ref_start_time: 253161585679194, ref_stop_time: 253161585736044, actual_exe_time: 56850, task_app_start_time:253160102210455, task_sched_time:253161585641964
app_id: 0, app_name: SAR_api-aarch64, task_id: 1533, task_name: DASH_ZIP, resource_name: zip1, ref_start_time: 253161586308864, ref_stop_time: 253161586425324, actual_exe_time: 116460, task_app_start_time:253160102210455, task_sched_time:253161586286694
app_id: 0, app_name: SAR_api-aarch64, task_id: 1534, task_name: DASH_FFT, resource_name: cpu1, ref_start_time: 253161586820994, ref_stop_time: 253161586862304, actual_exe_time: 41310, task_app_start_time:253160102210455, task_sched_time:253161586817544
app_id: 0, app_name: SAR_api-aarch64, task_id: 1535, task_name: DASH_ZIP, resource_name: cpu2, ref_start_time: 253161587080404, ref_stop_time: 253161587157594, actual_exe_time: 77190, task_app_start_time:253160102210455, task_sched_time:253161587073414
app_id: 0, app_name: SAR_api-aarch64, task_id: 1536, task_name: DASH_FFT, resource_name: cpu3, ref_start_time: 253161587714964, ref_stop_time: 253161587773974, actual_exe_time: 59010, task_app_start_time:253160102210455, task_sched_time:253161587708844
app_id: 0, app_name: SAR_api-aarch64, task_id: 1537, task_name: DASH_ZIP, resource_name: zip1, ref_start_time: 253161588426264, ref_stop_time: 253161588543024, actual_exe_time: 116760, task_app_start_time:253160102210455, task_sched_time:253161588393114
app_id: 0, app_name: SAR_api-aarch64, task_id: 1538, task_name: DASH_FFT, resource_name: cpu1, ref_start_time: 253161588948654, ref_stop_time: 253161588989455, actual_exe_time: 40801, task_app_start_time:253160102210455, task_sched_time:253161588942024
app_id: 0, app_name: SAR_api-aarch64, task_id: 1539, task_name: DASH_ZIP, resource_name: cpu2, ref_start_time: 253161589444825, ref_stop_time: 253161589521595, actual_exe_time: 76770, task_app_start_time:253160102210455, task_sched_time:253161589440925
app_id: 0, app_name: SAR_api-aarch64, task_id: 1540, task_name: DASH_FFT, resource_name: cpu3, ref_start_time: 253161590182915, ref_stop_time: 253161590234605, actual_exe_time: 51690, task_app_start_time:253160102210455, task_sched_time:253161590176195
app_id: 0, app_name: SAR_api-aarch64, task_id: 1541, task_name: DASH_ZIP, resource_name: zip1, ref_start_time: 253161590825035, ref_stop_time: 253161590942005, actual_exe_time: 116970, task_app_start_time:253160102210455, task_sched_time:253161590796745
app_id: 0, app_name: SAR_api-aarch64, task_id: 1542, task_name: DASH_FFT, resource_name: cpu1, ref_start_time: 253161591375595, ref_stop_time: 253161591417265, actual_exe_time: 41670, task_app_start_time:253160102210455, task_sched_time:253161591371245
app_id: 0, app_name: SAR_api-aarch64, task_id: 1543, task_name: DASH_ZIP, resource_name: cpu2, ref_start_time: 253161591637495, ref_stop_time: 253161591714295, actual_exe_time: 76800, task_app_start_time:253160102210455, task_sched_time:253161591628405
app_id: 0, app_name: SAR_api-aarch64, task_id: 1544, task_name: DASH_FFT, resource_name: cpu3, ref_start_time: 253161592268635, ref_stop_time: 253161592319425, actual_exe_time: 50790, task_app_start_time:253160102210455, task_sched_time:253161592263685
app_id: 0, app_name: SAR_api-aarch64, task_id: 1545, task_name: DASH_ZIP, resource_name: zip1, ref_start_time: 253161592901995, ref_stop_time: 253161593018545, actual_exe_time: 116550, task_app_start_time:253160102210455, task_sched_time:253161592875835
app_id: 0, app_name: SAR_api-aarch64, task_id: 1546, task_name: DASH_FFT, resource_name: cpu1, ref_start_time: 253161593411455, ref_stop_time: 253161593452015, actual_exe_time: 40560, task_app_start_time:253160102210455, task_sched_time:253161593400865
app_id: 0, app_name: SAR_api-aarch64, task_id: 1547, task_name: DASH_ZIP, resource_name: cpu2, ref_start_time: 253161593972395, ref_stop_time: 253161594048865, actual_exe_time: 76470, task_app_start_time:253160102210455, task_sched_time:253161593966665
app_id: 0, app_name: SAR_api-aarch64, task_id: 1548, task_name: DASH_FFT, resource_name: cpu3, ref_start_time: 253161594430195, ref_stop_time: 253161594486535, actual_exe_time: 56340, task_app_start_time:253160102210455, task_sched_time:253161594389155
app_id: 0, app_name: SAR_api-aarch64, task_id: 1549, task_name: DASH_ZIP, resource_name: zip1, ref_start_time: 253161595106815, ref_stop_time: 253161595223666, actual_exe_time: 116851, task_app_start_time:253160102210455, task_sched_time:253161595064785
app_id: 0, app_name: SAR_api-aarch64, task_id: 1550, task_name: DASH_FFT, resource_name: cpu1, ref_start_time: 253161595632086, ref_stop_time: 253161595672856, actual_exe_time: 40770, task_app_start_time:253160102210455, task_sched_time:253161595629296
app_id: 0, app_name: SAR_api-aarch64, task_id: 1551, task_name: DASH_ZIP, resource_name: cpu2, ref_start_time: 253161595866236, ref_stop_time: 253161595942526, actual_exe_time: 76290, task_app_start_time:253160102210455, task_sched_time:253161595856756
app_id: 0, app_name: SAR_api-aarch64, task_id: 1552, task_name: DASH_FFT, resource_name: cpu3, ref_start_time: 253161596581166, ref_stop_time: 253161596631476, actual_exe_time: 50310, task_app_start_time:253160102210455, task_sched_time:253161596521106
app_id: 0, app_name: SAR_api-aarch64, task_id: 1553, task_name: DASH_ZIP, resource_name: zip1, ref_start_time: 253161597295076, ref_stop_time: 253161597412136, actual_exe_time: 117060, task_app_start_time:253160102210455, task_sched_time:253161597246836
app_id: 0, app_name: SAR_api-aarch64, task_id: 1554, task_name: DASH_FFT, resource_name: cpu1, ref_start_time: 253161597810056, ref_stop_time: 253161597850706, actual_exe_time: 40650, task_app_start_time:253160102210455, task_sched_time:253161597798416
app_id: 0, app_name: SAR_api-aarch64, task_id: 1555, task_name: DASH_ZIP, resource_name: cpu2, ref_start_time: 253161598309496, ref_stop_time: 253161598386026, actual_exe_time: 76530, task_app_start_time:253160102210455, task_sched_time:253161598304876
app_id: 0, app_name: SAR_api-aarch64, task_id: 1556, task_name: DASH_FFT, resource_name: cpu3, ref_start_time: 253161598788746, ref_stop_time: 253161598840106, actual_exe_time: 51360, task_app_start_time:253160102210455, task_sched_time:253161598739486
app_id: 0, app_name: SAR_api-aarch64, task_id: 1557, task_name: DASH_ZIP, resource_name: zip1, ref_start_time: 253161599473046, ref_stop_time: 253161599594006, actual_exe_time: 120960, task_app_start_time:253160102210455, task_sched_time:253161599419076
app_id: 0, app_name: SAR_api-aarch64, task_id: 1558, task_name: DASH_FFT, resource_name: cpu1, ref_start_time: 253161600156566, ref_stop_time: 253161600198446, actual_exe_time: 41880, task_app_start_time:253160102210455, task_sched_time:253161600146666
app_id: 0, app_name: SAR_api-aarch64, task_id: 1559, task_name: DASH_ZIP, resource_name: cpu2, ref_start_time: 253161600552026, ref_stop_time: 253161600628976, actual_exe_time: 76950, task_app_start_time:253160102210455, task_sched_time:253161600549476
app_id: 0, app_name: SAR_api-aarch64, task_id: 1560, task_name: DASH_FFT, resource_name: cpu3, ref_start_time: 253161601258376, ref_stop_time: 253161601311446, actual_exe_time: 53070, task_app_start_time:253160102210455, task_sched_time:253161601203176
app_id: 0, app_name: SAR_api-aarch64, task_id: 1561, task_name: DASH_ZIP, resource_name: zip1, ref_start_time: 253161601935447, ref_stop_time: 253161602054937, actual_exe_time: 119490, task_app_start_time:253160102210455, task_sched_time:253161601894557
app_id: 0, app_name: SAR_api-aarch64, task_id: 1562, task_name: DASH_FFT, resource_name: cpu1, ref_start_time: 253161602427897, ref_stop_time: 253161602469447, actual_exe_time: 41550, task_app_start_time:253160102210455, task_sched_time:253161602424477
app_id: 0, app_name: SAR_api-aarch64, task_id: 1563, task_name: DASH_ZIP, resource_name: cpu2, ref_start_time: 253161602961777, ref_stop_time: 253161603038067, actual_exe_time: 76290, task_app_start_time:253160102210455, task_sched_time:253161602959107
app_id: 0, app_name: SAR_api-aarch64, task_id: 1564, task_name: DASH_FFT, resource_name: cpu3, ref_start_time: 253161603357507, ref_stop_time: 253161603408867, actual_exe_time: 51360, task_app_start_time:253160102210455, task_sched_time:253161603354207
app_id: 0, app_name: SAR_api-aarch64, task_id: 1565, task_name: DASH_ZIP, resource_name: zip1, ref_start_time: 253161604010457, ref_stop_time: 253161604127277, actual_exe_time: 116820, task_app_start_time:253160102210455, task_sched_time:253161603966747
app_id: 0, app_name: SAR_api-aarch64, task_id: 1566, task_name: DASH_FFT, resource_name: cpu1, ref_start_time: 253161604539297, ref_stop_time: 253161604580817, actual_exe_time: 41520, task_app_start_time:253160102210455, task_sched_time:253161604534797
app_id: 0, app_name: SAR_api-aarch64, task_id: 1567, task_name: DASH_ZIP, resource_name: cpu2, ref_start_time: 253161604773717, ref_stop_time: 253161604850427, actual_exe_time: 76710, task_app_start_time:253160102210455, task_sched_time:253161604764927
app_id: 0, app_name: SAR_api-aarch64, task_id: 1568, task_name: DASH_FFT, resource_name: cpu3, ref_start_time: 253161605409657, ref_stop_time: 253161605460927, actual_exe_time: 51270, task_app_start_time:253160102210455, task_sched_time:253161605396547
app_id: 0, app_name: SAR_api-aarch64, task_id: 1569, task_name: DASH_ZIP, resource_name: zip1, ref_start_time: 253161606198417, ref_stop_time: 253161606315327, actual_exe_time: 116910, task_app_start_time:253160102210455, task_sched_time:253161606173307
app_id: 0, app_name: SAR_api-aarch64, task_id: 1570, task_name: DASH_FFT, resource_name: cpu1, ref_start_time: 253161606705597, ref_stop_time: 253161606747087, actual_exe_time: 41490, task_app_start_time:253160102210455, task_sched_time:253161606699897
app_id: 0, app_name: SAR_api-aarch64, task_id: 1571, task_name: DASH_ZIP, resource_name: cpu2, ref_start_time: 253161607210497, ref_stop_time: 253161607288287, actual_exe_time: 77790, task_app_start_time:253160102210455, task_sched_time:253161607207077
app_id: 0, app_name: SAR_api-aarch64, task_id: 1572, task_name: DASH_FFT, resource_name: cpu3, ref_start_time: 253161607639738, ref_stop_time: 253161607691638, actual_exe_time: 51900, task_app_start_time:253160102210455, task_sched_time:253161607625667
app_id: 0, app_name: SAR_api-aarch64, task_id: 1573, task_name: DASH_ZIP, resource_name: zip1, ref_start_time: 253161608273668, ref_stop_time: 253161608391178, actual_exe_time: 117510, task_app_start_time:253160102210455, task_sched_time:253161608245438
app_id: 0, app_name: SAR_api-aarch64, task_id: 1574, task_name: DASH_FFT, resource_name: cpu1, ref_start_time: 253161608803618, ref_stop_time: 253161608844538, actual_exe_time: 40920, task_app_start_time:253160102210455, task_sched_time:253161608796058
app_id: 0, app_name: SAR_api-aarch64, task_id: 1575, task_name: DASH_ZIP, resource_name: cpu2, ref_start_time: 253161609060838, ref_stop_time: 253161609138238, actual_exe_time: 77400, task_app_start_time:253160102210455, task_sched_time:253161609054508
app_id: 0, app_name: SAR_api-aarch64, task_id: 1576, task_name: DASH_FFT, resource_name: cpu3, ref_start_time: 253161609705538, ref_stop_time: 253161609756118, actual_exe_time: 50580, task_app_start_time:253160102210455, task_sched_time:253161609680368
app_id: 0, app_name: SAR_api-aarch64, task_id: 1577, task_name: DASH_ZIP, resource_name: zip1, ref_start_time: 253161610335718, ref_stop_time: 253161610453048, actual_exe_time: 117330, task_app_start_time:253160102210455, task_sched_time:253161610306048
app_id: 0, app_name: SAR_api-aarch64, task_id: 1578, task_name: DASH_FFT, resource_name: cpu1, ref_start_time: 253161610846498, ref_stop_time: 253161610887448, actual_exe_time: 40950, task_app_start_time:253160102210455, task_sched_time:253161610838548
app_id: 0, app_name: SAR_api-aarch64, task_id: 1579, task_name: DASH_ZIP, resource_name: cpu2, ref_start_time: 253161611347558, ref_stop_time: 253161611423938, actual_exe_time: 76380, task_app_start_time:253160102210455, task_sched_time:253161611340538
app_id: 0, app_name: SAR_api-aarch64, task_id: 1580, task_name: DASH_FFT, resource_name: cpu3, ref_start_time: 253161611996968, ref_stop_time: 253161612048988, actual_exe_time: 52020, task_app_start_time:253160102210455, task_sched_time:253161611974678
app_id: 0, app_name: SAR_api-aarch64, task_id: 1581, task_name: DASH_ZIP, resource_name: zip1, ref_start_time: 253161612674458, ref_stop_time: 253161612792208, actual_exe_time: 117750, task_app_start_time:253160102210455, task_sched_time:253161612635608
app_id: 0, app_name: SAR_api-aarch64, task_id: 1582, task_name: DASH_FFT, resource_name: cpu1, ref_start_time: 253161613093048, ref_stop_time: 253161613134658, actual_exe_time: 41610, task_app_start_time:253160102210455, task_sched_time:253161613086148
app_id: 0, app_name: SAR_api-aarch64, task_id: 1583, task_name: DASH_ZIP, resource_name: cpu2, ref_start_time: 253161613728028, ref_stop_time: 253161613804198, actual_exe_time: 76170, task_app_start_time:253160102210455, task_sched_time:253161613722328
app_id: 0, app_name: SAR_api-aarch64, task_id: 1584, task_name: DASH_FFT, resource_name: cpu3, ref_start_time: 253161613996679, ref_stop_time: 253161614055239, actual_exe_time: 58560, task_app_start_time:253160102210455, task_sched_time:253161613965629
app_id: 0, app_name: SAR_api-aarch64, task_id: 1585, task_name: DASH_ZIP, resource_name: zip1, ref_start_time: 253161614755529, ref_stop_time: 253161614872769, actual_exe_time: 117240, task_app_start_time:253160102210455, task_sched_time:253161614746469
app_id: 0, app_name: SAR_api-aarch64, task_id: 1586, task_name: DASH_FFT, resource_name: cpu1, ref_start_time: 253161615271319, ref_stop_time: 253161615312419, actual_exe_time: 41100, task_app_start_time:253160102210455, task_sched_time:253161615266849
app_id: 0, app_name: SAR_api-aarch64, task_id: 1587, task_name: DASH_ZIP, resource_name: cpu2, ref_start_time: 253161615778859, ref_stop_time: 253161615855179, actual_exe_time: 76320, task_app_start_time:253160102210455, task_sched_time:253161615775349
app_id: 0, app_name: SAR_api-aarch64, task_id: 1588, task_name: DASH_FFT, resource_name: cpu3, ref_start_time: 253161616187759, ref_stop_time: 253161616238429, actual_exe_time: 50670, task_app_start_time:253160102210455, task_sched_time:253161616173029
app_id: 0, app_name: SAR_api-aarch64, task_id: 1589, task_name: DASH_ZIP, resource_name: zip1, ref_start_time: 253161616905659, ref_stop_time: 253161617022539, actual_exe_time: 116880, task_app_start_time:253160102210455, task_sched_time:253161616876829
app_id: 0, app_name: SAR_api-aarch64, task_id: 1590, task_name: DASH_FFT, resource_name: cpu1, ref_start_time: 253161617438339, ref_stop_time: 253161617479439, actual_exe_time: 41100, task_app_start_time:253160102210455, task_sched_time:253161617429219
app_id: 0, app_name: SAR_api-aarch64, task_id: 1591, task_name: DASH_ZIP, resource_name: cpu2, ref_start_time: 253161618449219, ref_stop_time: 253161618527129, actual_exe_time: 77910, task_app_start_time:253160102210455, task_sched_time:253161618439559
app_id: 0, app_name: SAR_api-aarch64, task_id: 1592, task_name: DASH_FFT, resource_name: cpu3, ref_start_time: 253161618684749, ref_stop_time: 253161618737429, actual_exe_time: 52680, task_app_start_time:253160102210455, task_sched_time:253161618679979
app_id: 0, app_name: SAR_api-aarch64, task_id: 1593, task_name: DASH_ZIP, resource_name: zip1, ref_start_time: 253161619497959, ref_stop_time: 253161619614989, actual_exe_time: 117030, task_app_start_time:253160102210455, task_sched_time:253161619470959
app_id: 0, app_name: SAR_api-aarch64, task_id: 1594, task_name: DASH_FFT, resource_name: cpu1, ref_start_time: 253161620024339, ref_stop_time: 253161620065080, actual_exe_time: 40741, task_app_start_time:253160102210455, task_sched_time:253161620019959
app_id: 0, app_name: SAR_api-aarch64, task_id: 1595, task_name: DASH_ZIP, resource_name: cpu2, ref_start_time: 253161620551920, ref_stop_time: 253161620628510, actual_exe_time: 76590, task_app_start_time:253160102210455, task_sched_time:253161620549070
app_id: 0, app_name: SAR_api-aarch64, task_id: 1596, task_name: DASH_FFT, resource_name: cpu3, ref_start_time: 253161620959680, ref_stop_time: 253161621020970, actual_exe_time: 61290, task_app_start_time:253160102210455, task_sched_time:253161620945010
app_id: 0, app_name: SAR_api-aarch64, task_id: 1597, task_name: DASH_ZIP, resource_name: zip1, ref_start_time: 253161621600540, ref_stop_time: 253161621717330, actual_exe_time: 116790, task_app_start_time:253160102210455, task_sched_time:253161621570750
app_id: 0, app_name: SAR_api-aarch64, task_id: 1598, task_name: DASH_FFT, resource_name: cpu1, ref_start_time: 253161622111140, ref_stop_time: 253161622151790, actual_exe_time: 40650, task_app_start_time:253160102210455, task_sched_time:253161622101960
app_id: 0, app_name: SAR_api-aarch64, task_id: 1599, task_name: DASH_ZIP, resource_name: cpu2, ref_start_time: 253161622636950, ref_stop_time: 253161622713150, actual_exe_time: 76200, task_app_start_time:253160102210455, task_sched_time:253161622630470
app_id: 0, app_name: SAR_api-aarch64, task_id: 1600, task_name: DASH_FFT, resource_name: cpu3, ref_start_time: 253161622902870, ref_stop_time: 253161622953900, actual_exe_time: 51030, task_app_start_time:253160102210455, task_sched_time:253161622848810
app_id: 0, app_name: SAR_api-aarch64, task_id: 1601, task_name: DASH_ZIP, resource_name: zip1, ref_start_time: 253161623692740, ref_stop_time: 253161623809710, actual_exe_time: 116970, task_app_start_time:253160102210455, task_sched_time:253161623688930
app_id: 0, app_name: SAR_api-aarch64, task_id: 1602, task_name: DASH_FFT, resource_name: cpu1, ref_start_time: 253161624223560, ref_stop_time: 253161624264510, actual_exe_time: 40950, task_app_start_time:253160102210455, task_sched_time:253161624220260
app_id: 0, app_name: SAR_api-aarch64, task_id: 1603, task_name: DASH_ZIP, resource_name: cpu2, ref_start_time: 253161624734280, ref_stop_time: 253161624810990, actual_exe_time: 76710, task_app_start_time:253160102210455, task_sched_time:253161624724500
app_id: 0, app_name: SAR_api-aarch64, task_id: 1604, task_name: DASH_FFT, resource_name: cpu3, ref_start_time: 253161625163760, ref_stop_time: 253161625215240, actual_exe_time: 51480, task_app_start_time:253160102210455, task_sched_time:253161625118190
app_id: 0, app_name: SAR_api-aarch64, task_id: 1605, task_name: DASH_ZIP, resource_name: zip1, ref_start_time: 253161625806120, ref_stop_time: 253161625922670, actual_exe_time: 116550, task_app_start_time:253160102210455, task_sched_time:253161625801020
app_id: 0, app_name: SAR_api-aarch64, task_id: 1606, task_name: DASH_FFT, resource_name: cpu1, ref_start_time: 253161626307061, ref_stop_time: 253161626348251, actual_exe_time: 41190, task_app_start_time:253160102210455, task_sched_time:253161626301901
app_id: 0, app_name: SAR_api-aarch64, task_id: 1607, task_name: DASH_ZIP, resource_name: cpu2, ref_start_time: 253161626804821, ref_stop_time: 253161626881981, actual_exe_time: 77160, task_app_start_time:253160102210455, task_sched_time:253161626795071
app_id: 0, app_name: SAR_api-aarch64, task_id: 1608, task_name: DASH_FFT, resource_name: cpu3, ref_start_time: 253161627021661, ref_stop_time: 253161627072661, actual_exe_time: 51000, task_app_start_time:253160102210455, task_sched_time:253161627018151
app_id: 0, app_name: SAR_api-aarch64, task_id: 1609, task_name: DASH_ZIP, resource_name: zip1, ref_start_time: 253161627795631, ref_stop_time: 253161627912421, actual_exe_time: 116790, task_app_start_time:253160102210455, task_sched_time:253161627768901
app_id: 0, app_name: SAR_api-aarch64, task_id: 1610, task_name: DASH_FFT, resource_name: cpu1, ref_start_time: 253161628320811, ref_stop_time: 253161628361731, actual_exe_time: 40920, task_app_start_time:253160102210455, task_sched_time:253161628308931
app_id: 0, app_name: SAR_api-aarch64, task_id: 1611, task_name: DASH_ZIP, resource_name: cpu2, ref_start_time: 253161628814941, ref_stop_time: 253161628891051, actual_exe_time: 76110, task_app_start_time:253160102210455, task_sched_time:253161628810051
app_id: 0, app_name: SAR_api-aarch64, task_id: 1612, task_name: DASH_FFT, resource_name: cpu3, ref_start_time: 253161629252221, ref_stop_time: 253161629303041, actual_exe_time: 50820, task_app_start_time:253160102210455, task_sched_time:253161629210581
app_id: 0, app_name: SAR_api-aarch64, task_id: 1613, task_name: DASH_ZIP, resource_name: zip1, ref_start_time: 253161629927761, ref_stop_time: 253161630044551, actual_exe_time: 116790, task_app_start_time:253160102210455, task_sched_time:253161629885671
app_id: 0, app_name: SAR_api-aarch64, task_id: 1614, task_name: DASH_FFT, resource_name: cpu1, ref_start_time: 253161630431401, ref_stop_time: 253161630472261, actual_exe_time: 40860, task_app_start_time:253160102210455, task_sched_time:253161630418591
app_id: 0, app_name: SAR_api-aarch64, task_id: 1615, task_name: DASH_ZIP, resource_name: cpu2, ref_start_time: 253161630953401, ref_stop_time: 253161631030021, actual_exe_time: 76620, task_app_start_time:253160102210455, task_sched_time:253161630949771
app_id: 0, app_name: SAR_api-aarch64, task_id: 1616, task_name: DASH_FFT, resource_name: cpu3, ref_start_time: 253161631220311, ref_stop_time: 253161631270921, actual_exe_time: 50610, task_app_start_time:253160102210455, task_sched_time:253161631189381
app_id: 0, app_name: SAR_api-aarch64, task_id: 1617, task_name: DASH_ZIP, resource_name: zip1, ref_start_time: 253161632074201, ref_stop_time: 253161632190901, actual_exe_time: 116700, task_app_start_time:253160102210455, task_sched_time:253161632029141
app_id: 0, app_name: SAR_api-aarch64, task_id: 1618, task_name: DASH_FFT, resource_name: cpu1, ref_start_time: 253161632604092, ref_stop_time: 253161632645372, actual_exe_time: 41280, task_app_start_time:253160102210455, task_sched_time:253161632601662
app_id: 0, app_name: SAR_api-aarch64, task_id: 1619, task_name: DASH_ZIP, resource_name: cpu2, ref_start_time: 253161633115982, ref_stop_time: 253161633192182, actual_exe_time: 76200, task_app_start_time:253160102210455, task_sched_time:253161633108272
app_id: 0, app_name: SAR_api-aarch64, task_id: 1620, task_name: DASH_FFT, resource_name: cpu3, ref_start_time: 253161633516842, ref_stop_time: 253161633568772, actual_exe_time: 51930, task_app_start_time:253160102210455, task_sched_time:253161633503192
app_id: 0, app_name: SAR_api-aarch64, task_id: 1621, task_name: DASH_ZIP, resource_name: zip1, ref_start_time: 253161634172822, ref_stop_time: 253161634289642, actual_exe_time: 116820, task_app_start_time:253160102210455, task_sched_time:253161634147022
app_id: 0, app_name: SAR_api-aarch64, task_id: 1622, task_name: DASH_FFT, resource_name: cpu1, ref_start_time: 253161634693712, ref_stop_time: 253161634734692, actual_exe_time: 40980, task_app_start_time:253160102210455, task_sched_time:253161634680542
app_id: 0, app_name: SAR_api-aarch64, task_id: 1623, task_name: DASH_ZIP, resource_name: cpu2, ref_start_time: 253161635187452, ref_stop_time: 253161635263952, actual_exe_time: 76500, task_app_start_time:253160102210455, task_sched_time:253161635184332
app_id: 0, app_name: SAR_api-aarch64, task_id: 1624, task_name: DASH_FFT, resource_name: cpu3, ref_start_time: 253161635455832, ref_stop_time: 253161635506802, actual_exe_time: 50970, task_app_start_time:253160102210455, task_sched_time:253161635399642
app_id: 0, app_name: SAR_api-aarch64, task_id: 1625, task_name: DASH_ZIP, resource_name: zip1, ref_start_time: 253161636233612, ref_stop_time: 253161636351212, actual_exe_time: 117600, task_app_start_time:253160102210455, task_sched_time:253161636213152
app_id: 0, app_name: SAR_api-aarch64, task_id: 1626, task_name: DASH_FFT, resource_name: cpu1, ref_start_time: 253161636724772, ref_stop_time: 253161636765242, actual_exe_time: 40470, task_app_start_time:253160102210455, task_sched_time:253161636714692
app_id: 0, app_name: SAR_api-aarch64, task_id: 1627, task_name: DASH_ZIP, resource_name: cpu2, ref_start_time: 253161637232882, ref_stop_time: 253161637309112, actual_exe_time: 76230, task_app_start_time:253160102210455, task_sched_time:253161637224722
app_id: 0, app_name: SAR_api-aarch64, task_id: 1628, task_name: DASH_FFT, resource_name: cpu3, ref_start_time: 253161637672352, ref_stop_time: 253161637724162, actual_exe_time: 51810, task_app_start_time:253160102210455, task_sched_time:253161637650662
app_id: 0, app_name: SAR_api-aarch64, task_id: 1629, task_name: DASH_ZIP, resource_name: zip1, ref_start_time: 253161638273822, ref_stop_time: 253161638390792, actual_exe_time: 116970, task_app_start_time:253160102210455, task_sched_time:253161638267792
app_id: 0, app_name: SAR_api-aarch64, task_id: 1630, task_name: DASH_FFT, resource_name: cpu1, ref_start_time: 253161638734923, ref_stop_time: 253161638776143, actual_exe_time: 41220, task_app_start_time:253160102210455, task_sched_time:253161638722863
app_id: 0, app_name: SAR_api-aarch64, task_id: 1631, task_name: DASH_ZIP, resource_name: cpu2, ref_start_time: 253161639366273, ref_stop_time: 253161639443013, actual_exe_time: 76740, task_app_start_time:253160102210455, task_sched_time:253161639359823
app_id: 0, app_name: SAR_api-aarch64, task_id: 1632, task_name: DASH_FFT, resource_name: cpu3, ref_start_time: 253161639722793, ref_stop_time: 253161639774753, actual_exe_time: 51960, task_app_start_time:253160102210455, task_sched_time:253161639687093
app_id: 0, app_name: SAR_api-aarch64, task_id: 1633, task_name: DASH_ZIP, resource_name: zip1, ref_start_time: 253161640521543, ref_stop_time: 253161640638603, actual_exe_time: 117060, task_app_start_time:253160102210455, task_sched_time:253161640492413
app_id: 0, app_name: SAR_api-aarch64, task_id: 1634, task_name: DASH_FFT, resource_name: cpu1, ref_start_time: 253161640945443, ref_stop_time: 253161640986483, actual_exe_time: 41040, task_app_start_time:253160102210455, task_sched_time:253161640935633
app_id: 0, app_name: SAR_api-aarch64, task_id: 1635, task_name: DASH_ZIP, resource_name: cpu2, ref_start_time: 253161641526513, ref_stop_time: 253161641603253, actual_exe_time: 76740, task_app_start_time:253160102210455, task_sched_time:253161641515953
app_id: 0, app_name: SAR_api-aarch64, task_id: 1636, task_name: DASH_FFT, resource_name: cpu3, ref_start_time: 253161642182913, ref_stop_time: 253161642234213, actual_exe_time: 51300, task_app_start_time:253160102210455, task_sched_time:253161642098403
app_id: 0, app_name: SAR_api-aarch64, task_id: 1637, task_name: DASH_ZIP, resource_name: zip1, ref_start_time: 253161643136733, ref_stop_time: 253161643255203, actual_exe_time: 118470, task_app_start_time:253160102210455, task_sched_time:253161643103043
app_id: 0, app_name: SAR_api-aarch64, task_id: 1638, task_name: DASH_FFT, resource_name: cpu1, ref_start_time: 253161643719063, ref_stop_time: 253161643761753, actual_exe_time: 42690, task_app_start_time:253160102210455, task_sched_time:253161643706763
app_id: 0, app_name: SAR_api-aarch64, task_id: 1639, task_name: DASH_ZIP, resource_name: cpu2, ref_start_time: 253161645855514, ref_stop_time: 253161645937504, actual_exe_time: 81990, task_app_start_time:253160102210455, task_sched_time:253161645850744
app_id: 0, app_name: SAR_api-aarch64, task_id: 1640, task_name: DASH_FFT, resource_name: cpu3, ref_start_time: 253161646164904, ref_stop_time: 253161646225324, actual_exe_time: 60420, task_app_start_time:253160102210455, task_sched_time:253161646093324
app_id: 0, app_name: SAR_api-aarch64, task_id: 1641, task_name: DASH_ZIP, resource_name: zip1, ref_start_time: 253161647127604, ref_stop_time: 253161647248324, actual_exe_time: 120720, task_app_start_time:253160102210455, task_sched_time:253161647077864
app_id: 0, app_name: SAR_api-aarch64, task_id: 1642, task_name: DASH_FFT, resource_name: cpu1, ref_start_time: 253161647711704, ref_stop_time: 253161647753914, actual_exe_time: 42210, task_app_start_time:253160102210455, task_sched_time:253161647690884
app_id: 0, app_name: SAR_api-aarch64, task_id: 1643, task_name: DASH_ZIP, resource_name: cpu2, ref_start_time: 253161648214444, ref_stop_time: 253161648290974, actual_exe_time: 76530, task_app_start_time:253160102210455, task_sched_time:253161648208534
app_id: 0, app_name: SAR_api-aarch64, task_id: 1644, task_name: DASH_FFT, resource_name: cpu3, ref_start_time: 253161648634204, ref_stop_time: 253161648686854, actual_exe_time: 52650, task_app_start_time:253160102210455, task_sched_time:253161648604084
app_id: 0, app_name: SAR_api-aarch64, task_id: 1645, task_name: DASH_ZIP, resource_name: zip1, ref_start_time: 253161649281484, ref_stop_time: 253161649398634, actual_exe_time: 117150, task_app_start_time:253160102210455, task_sched_time:253161649267414
app_id: 0, app_name: SAR_api-aarch64, task_id: 1646, task_name: DASH_FFT, resource_name: cpu1, ref_start_time: 253161649779304, ref_stop_time: 253161649820164, actual_exe_time: 40860, task_app_start_time:253160102210455, task_sched_time:253161649767814
app_id: 0, app_name: SAR_api-aarch64, task_id: 1647, task_name: DASH_ZIP, resource_name: cpu2, ref_start_time: 253161650280004, ref_stop_time: 253161650356654, actual_exe_time: 76650, task_app_start_time:253160102210455, task_sched_time:253161650273044
app_id: 0, app_name: SAR_api-aarch64, task_id: 1648, task_name: DASH_FFT, resource_name: cpu3, ref_start_time: 253161650710834, ref_stop_time: 253161650762284, actual_exe_time: 51450, task_app_start_time:253160102210455, task_sched_time:253161650705794
app_id: 0, app_name: SAR_api-aarch64, task_id: 1649, task_name: DASH_ZIP, resource_name: zip1, ref_start_time: 253161651150545, ref_stop_time: 253161651267185, actual_exe_time: 116640, task_app_start_time:253160102210455, task_sched_time:253161651141395
app_id: 0, app_name: SAR_api-aarch64, task_id: 1650, task_name: DASH_FFT, resource_name: cpu1, ref_start_time: 253161651943685, ref_stop_time: 253161651984635, actual_exe_time: 40950, task_app_start_time:253160102210455, task_sched_time:253161651930845
app_id: 0, app_name: SAR_api-aarch64, task_id: 1651, task_name: DASH_ZIP, resource_name: cpu2, ref_start_time: 253161652439525, ref_stop_time: 253161652516235, actual_exe_time: 76710, task_app_start_time:253160102210455, task_sched_time:253161652432685
app_id: 0, app_name: SAR_api-aarch64, task_id: 1652, task_name: DASH_FFT, resource_name: cpu3, ref_start_time: 253161652845365, ref_stop_time: 253161652896215, actual_exe_time: 50850, task_app_start_time:253160102210455, task_sched_time:253161652834025
app_id: 0, app_name: SAR_api-aarch64, task_id: 1653, task_name: DASH_ZIP, resource_name: zip1, ref_start_time: 253161653492075, ref_stop_time: 253161653608775, actual_exe_time: 116700, task_app_start_time:253160102210455, task_sched_time:253161653473235
app_id: 0, app_name: SAR_api-aarch64, task_id: 1654, task_name: DASH_FFT, resource_name: cpu1, ref_start_time: 253161654025175, ref_stop_time: 253161654066005, actual_exe_time: 40830, task_app_start_time:253160102210455, task_sched_time:253161654014195
app_id: 0, app_name: SAR_api-aarch64, task_id: 1655, task_name: DASH_ZIP, resource_name: cpu2, ref_start_time: 253161654516365, ref_stop_time: 253161654602045, actual_exe_time: 85680, task_app_start_time:253160102210455, task_sched_time:253161654513665
app_id: 0, app_name: SAR_api-aarch64, task_id: 1656, task_name: DASH_FFT, resource_name: cpu3, ref_start_time: 253161654957725, ref_stop_time: 253161655016585, actual_exe_time: 58860, task_app_start_time:253160102210455, task_sched_time:253161654920885
app_id: 0, app_name: SAR_api-aarch64, task_id: 1657, task_name: DASH_ZIP, resource_name: zip1, ref_start_time: 253161655357175, ref_stop_time: 253161655473815, actual_exe_time: 116640, task_app_start_time:253160102210455, task_sched_time:253161655352495
app_id: 0, app_name: SAR_api-aarch64, task_id: 1658, task_name: DASH_FFT, resource_name: cpu1, ref_start_time: 253161656093555, ref_stop_time: 253161656134655, actual_exe_time: 41100, task_app_start_time:253160102210455, task_sched_time:253161656088395
app_id: 0, app_name: SAR_api-aarch64, task_id: 1659, task_name: DASH_ZIP, resource_name: cpu2, ref_start_time: 253161656601395, ref_stop_time: 253161656677805, actual_exe_time: 76410, task_app_start_time:253160102210455, task_sched_time:253161656591525
app_id: 0, app_name: SAR_api-aarch64, task_id: 1660, task_name: DASH_FFT, resource_name: cpu3, ref_start_time: 253161657015815, ref_stop_time: 253161657066725, actual_exe_time: 50910, task_app_start_time:253160102210455, task_sched_time:253161657012965
app_id: 0, app_name: SAR_api-aarch64, task_id: 1661, task_name: DASH_ZIP, resource_name: zip1, ref_start_time: 253161657770046, ref_stop_time: 253161657888006, actual_exe_time: 117960, task_app_start_time:253160102210455, task_sched_time:253161657756876
app_id: 0, app_name: SAR_api-aarch64, task_id: 1662, task_name: DASH_FFT, resource_name: cpu1, ref_start_time: 253161658302366, ref_stop_time: 253161658343616, actual_exe_time: 41250, task_app_start_time:253160102210455, task_sched_time:253161658291236
app_id: 0, app_name: SAR_api-aarch64, task_id: 1663, task_name: DASH_ZIP, resource_name: cpu2, ref_start_time: 253161658795686, ref_stop_time: 253161658872456, actual_exe_time: 76770, task_app_start_time:253160102210455, task_sched_time:253161658790136
app_id: 0, app_name: SAR_api-aarch64, task_id: 1664, task_name: DASH_FFT, resource_name: cpu3, ref_start_time: 253161659196546, ref_stop_time: 253161659247576, actual_exe_time: 51030, task_app_start_time:253160102210455, task_sched_time:253161659192466
app_id: 0, app_name: SAR_api-aarch64, task_id: 1665, task_name: DASH_ZIP, resource_name: zip1, ref_start_time: 253161659753796, ref_stop_time: 253161659871126, actual_exe_time: 117330, task_app_start_time:253160102210455, task_sched_time:253161659749626
app_id: 0, app_name: SAR_api-aarch64, task_id: 1666, task_name: DASH_FFT, resource_name: cpu1, ref_start_time: 253161660404826, ref_stop_time: 253161660446466, actual_exe_time: 41640, task_app_start_time:253160102210455, task_sched_time:253161660392736
app_id: 0, app_name: SAR_api-aarch64, task_id: 1667, task_name: DASH_ZIP, resource_name: cpu2, ref_start_time: 253161660801996, ref_stop_time: 253161660879546, actual_exe_time: 77550, task_app_start_time:253160102210455, task_sched_time:253161660799326
app_id: 0, app_name: SAR_api-aarch64, task_id: 1668, task_name: DASH_FFT, resource_name: cpu3, ref_start_time: 253161661289766, ref_stop_time: 253161661340706, actual_exe_time: 50940, task_app_start_time:253160102210455, task_sched_time:253161661279926
app_id: 0, app_name: SAR_api-aarch64, task_id: 1669, task_name: DASH_ZIP, resource_name: zip1, ref_start_time: 253161661704336, ref_stop_time: 253161661821756, actual_exe_time: 117420, task_app_start_time:253160102210455, task_sched_time:253161661654536
app_id: 0, app_name: SAR_api-aarch64, task_id: 1670, task_name: DASH_FFT, resource_name: cpu1, ref_start_time: 253161662487516, ref_stop_time: 253161662528826, actual_exe_time: 41310, task_app_start_time:253160102210455, task_sched_time:253161662484696
app_id: 0, app_name: SAR_api-aarch64, task_id: 1671, task_name: DASH_ZIP, resource_name: cpu2, ref_start_time: 253161663045576, ref_stop_time: 253161663123126, actual_exe_time: 77550, task_app_start_time:253160102210455, task_sched_time:253161663038466
app_id: 0, app_name: SAR_api-aarch64, task_id: 1672, task_name: DASH_FFT, resource_name: cpu3, ref_start_time: 253161663480816, ref_stop_time: 253161663532566, actual_exe_time: 51750, task_app_start_time:253160102210455, task_sched_time:253161663476976
app_id: 0, app_name: SAR_api-aarch64, task_id: 1673, task_name: DASH_ZIP, resource_name: zip1, ref_start_time: 253161664263517, ref_stop_time: 253161664383157, actual_exe_time: 119640, task_app_start_time:253160102210455, task_sched_time:253161664229227
app_id: 0, app_name: SAR_api-aarch64, task_id: 1674, task_name: DASH_FFT, resource_name: cpu1, ref_start_time: 253161664792687, ref_stop_time: 253161664833997, actual_exe_time: 41310, task_app_start_time:253160102210455, task_sched_time:253161664784707
app_id: 0, app_name: SAR_api-aarch64, task_id: 1675, task_name: DASH_ZIP, resource_name: cpu2, ref_start_time: 253161665375977, ref_stop_time: 253161665452417, actual_exe_time: 76440, task_app_start_time:253160102210455, task_sched_time:253161665367607
app_id: 0, app_name: SAR_api-aarch64, task_id: 1676, task_name: DASH_FFT, resource_name: cpu3, ref_start_time: 253161665810767, ref_stop_time: 253161665862877, actual_exe_time: 52110, task_app_start_time:253160102210455, task_sched_time:253161665799067
app_id: 0, app_name: SAR_api-aarch64, task_id: 1677, task_name: DASH_ZIP, resource_name: zip1, ref_start_time: 253161666416287, ref_stop_time: 253161666532897, actual_exe_time: 116610, task_app_start_time:253160102210455, task_sched_time:253161666412417
app_id: 0, app_name: SAR_api-aarch64, task_id: 1678, task_name: DASH_FFT, resource_name: cpu1, ref_start_time: 253161667006777, ref_stop_time: 253161667048027, actual_exe_time: 41250, task_app_start_time:253160102210455, task_sched_time:253161667002697
app_id: 0, app_name: SAR_api-aarch64, task_id: 1679, task_name: DASH_ZIP, resource_name: cpu2, ref_start_time: 253161667266247, ref_stop_time: 253161667344547, actual_exe_time: 78300, task_app_start_time:253160102210455, task_sched_time:253161667257607
app_id: 0, app_name: SAR_api-aarch64, task_id: 1680, task_name: DASH_FFT, resource_name: cpu3, ref_start_time: 253161667777297, ref_stop_time: 253161667976107, actual_exe_time: 198810, task_app_start_time:253160102210455, task_sched_time:253161667774477
app_id: 0, app_name: SAR_api-aarch64, task_id: 1681, task_name: DASH_ZIP, resource_name: zip1, ref_start_time: 253161668605297, ref_stop_time: 253161668721847, actual_exe_time: 116550, task_app_start_time:253160102210455, task_sched_time:253161668602477
app_id: 0, app_name: SAR_api-aarch64, task_id: 1682, task_name: DASH_FFT, resource_name: cpu1, ref_start_time: 253161669117547, ref_stop_time: 253161669158167, actual_exe_time: 40620, task_app_start_time:253160102210455, task_sched_time:253161669107497
app_id: 0, app_name: SAR_api-aarch64, task_id: 1683, task_name: DASH_ZIP, resource_name: cpu2, ref_start_time: 253161669613777, ref_stop_time: 253161669690127, actual_exe_time: 76350, task_app_start_time:253160102210455, task_sched_time:253161669603757
app_id: 0, app_name: SAR_api-aarch64, task_id: 1684, task_name: DASH_FFT, resource_name: cpu3, ref_start_time: 253161670200098, ref_stop_time: 253161670251158, actual_exe_time: 51060, task_app_start_time:253160102210455, task_sched_time:253161670197338
app_id: 0, app_name: SAR_api-aarch64, task_id: 1685, task_name: DASH_ZIP, resource_name: zip1, ref_start_time: 253161670867868, ref_stop_time: 253161670985018, actual_exe_time: 117150, task_app_start_time:253160102210455, task_sched_time:253161670824938
app_id: 0, app_name: SAR_api-aarch64, task_id: 1686, task_name: DASH_FFT, resource_name: cpu1, ref_start_time: 253161671411708, ref_stop_time: 253161671452898, actual_exe_time: 41190, task_app_start_time:253160102210455, task_sched_time:253161671398748
app_id: 0, app_name: SAR_api-aarch64, task_id: 1687, task_name: DASH_ZIP, resource_name: cpu2, ref_start_time: 253161671800208, ref_stop_time: 253161672095798, actual_exe_time: 295590, task_app_start_time:253160102210455, task_sched_time:253161671796518
app_id: 0, app_name: SAR_api-aarch64, task_id: 1688, task_name: DASH_FFT, resource_name: cpu3, ref_start_time: 253161672341708, ref_stop_time: 253161672393248, actual_exe_time: 51540, task_app_start_time:253160102210455, task_sched_time:253161672338708
app_id: 0, app_name: SAR_api-aarch64, task_id: 1689, task_name: DASH_ZIP, resource_name: zip1, ref_start_time: 253161673030268, ref_stop_time: 253161673147448, actual_exe_time: 117180, task_app_start_time:253160102210455, task_sched_time:253161673014398
app_id: 0, app_name: SAR_api-aarch64, task_id: 1690, task_name: DASH_FFT, resource_name: cpu1, ref_start_time: 253161673409318, ref_stop_time: 253161673450058, actual_exe_time: 40740, task_app_start_time:253160102210455, task_sched_time:253161673400978
app_id: 0, app_name: SAR_api-aarch64, task_id: 1691, task_name: DASH_ZIP, resource_name: cpu2, ref_start_time: 253161674046848, ref_stop_time: 253161674123048, actual_exe_time: 76200, task_app_start_time:253160102210455, task_sched_time:253161674039948
app_id: 0, app_name: SAR_api-aarch64, task_id: 1692, task_name: DASH_FFT, resource_name: cpu3, ref_start_time: 253161674294858, ref_stop_time: 253161674345858, actual_exe_time: 51000, task_app_start_time:253160102210455, task_sched_time:253161674291018
app_id: 0, app_name: SAR_api-aarch64, task_id: 1693, task_name: DASH_ZIP, resource_name: zip1, ref_start_time: 253161675103658, ref_stop_time: 253161675220988, actual_exe_time: 117330, task_app_start_time:253160102210455, task_sched_time:253161675090848
app_id: 0, app_name: SAR_api-aarch64, task_id: 1694, task_name: DASH_FFT, resource_name: cpu1, ref_start_time: 253161675609218, ref_stop_time: 253161675650318, actual_exe_time: 41100, task_app_start_time:253160102210455, task_sched_time:253161675601808
app_id: 0, app_name: SAR_api-aarch64, task_id: 1695, task_name: DASH_ZIP, resource_name: cpu2, ref_start_time: 253161676122369, ref_stop_time: 253161676198629, actual_exe_time: 76260, task_app_start_time:253160102210455, task_sched_time:253161676117389
app_id: 0, app_name: SAR_api-aarch64, task_id: 1696, task_name: DASH_FFT, resource_name: cpu3, ref_start_time: 253161676528059, ref_stop_time: 253161676578999, actual_exe_time: 50940, task_app_start_time:253160102210455, task_sched_time:253161676523259
app_id: 0, app_name: SAR_api-aarch64, task_id: 1697, task_name: DASH_ZIP, resource_name: zip1, ref_start_time: 253161677206149, ref_stop_time: 253161677323359, actual_exe_time: 117210, task_app_start_time:253160102210455, task_sched_time:253161677154639
app_id: 0, app_name: SAR_api-aarch64, task_id: 1698, task_name: DASH_FFT, resource_name: cpu1, ref_start_time: 253161677923959, ref_stop_time: 253161677965269, actual_exe_time: 41310, task_app_start_time:253160102210455, task_sched_time:253161677910909
app_id: 0, app_name: SAR_api-aarch64, task_id: 1699, task_name: DASH_ZIP, resource_name: cpu2, ref_start_time: 253161678530529, ref_stop_time: 253161678618369, actual_exe_time: 87840, task_app_start_time:253160102210455, task_sched_time:253161678522879
app_id: 0, app_name: SAR_api-aarch64, task_id: 1700, task_name: DASH_FFT, resource_name: cpu3, ref_start_time: 253161678812619, ref_stop_time: 253161678867489, actual_exe_time: 54870, task_app_start_time:253160102210455, task_sched_time:253161678809109
app_id: 0, app_name: SAR_api-aarch64, task_id: 1701, task_name: DASH_ZIP, resource_name: zip1, ref_start_time: 253161679644009, ref_stop_time: 253161679761939, actual_exe_time: 117930, task_app_start_time:253160102210455, task_sched_time:253161679590039
app_id: 0, app_name: SAR_api-aarch64, task_id: 1702, task_name: DASH_FFT, resource_name: cpu1, ref_start_time: 253161680160639, ref_stop_time: 253161680202369, actual_exe_time: 41730, task_app_start_time:253160102210455, task_sched_time:253161680155239
app_id: 0, app_name: SAR_api-aarch64, task_id: 1703, task_name: DASH_ZIP, resource_name: cpu2, ref_start_time: 253161680667789, ref_stop_time: 253161680743869, actual_exe_time: 76080, task_app_start_time:253160102210455, task_sched_time:253161680661099
app_id: 0, app_name: SAR_api-aarch64, task_id: 1704, task_name: DASH_FFT, resource_name: cpu3, ref_start_time: 253161681086199, ref_stop_time: 253161681136659, actual_exe_time: 50460, task_app_start_time:253160102210455, task_sched_time:253161681082659
app_id: 0, app_name: SAR_api-aarch64, task_id: 1705, task_name: DASH_ZIP, resource_name: zip1, ref_start_time: 253161681729609, ref_stop_time: 253161681846609, actual_exe_time: 117000, task_app_start_time:253160102210455, task_sched_time:253161681686409
app_id: 0, app_name: SAR_api-aarch64, task_id: 1706, task_name: DASH_FFT, resource_name: cpu1, ref_start_time: 253161682219600, ref_stop_time: 253161682260520, actual_exe_time: 40920, task_app_start_time:253160102210455, task_sched_time:253161682216060
app_id: 0, app_name: SAR_api-aarch64, task_id: 1707, task_name: DASH_ZIP, resource_name: cpu2, ref_start_time: 253161682656820, ref_stop_time: 253161682733230, actual_exe_time: 76410, task_app_start_time:253160102210455, task_sched_time:253161682648540
app_id: 0, app_name: SAR_api-aarch64, task_id: 1708, task_name: DASH_FFT, resource_name: cpu3, ref_start_time: 253161683177140, ref_stop_time: 253161683227810, actual_exe_time: 50670, task_app_start_time:253160102210455, task_sched_time:253161683154130
app_id: 0, app_name: SAR_api-aarch64, task_id: 1709, task_name: DASH_ZIP, resource_name: zip1, ref_start_time: 253161683936740, ref_stop_time: 253161684056380, actual_exe_time: 119640, task_app_start_time:253160102210455, task_sched_time:253161683933290
app_id: 0, app_name: SAR_api-aarch64, task_id: 1710, task_name: DASH_FFT, resource_name: cpu1, ref_start_time: 253161684517840, ref_stop_time: 253161684559120, actual_exe_time: 41280, task_app_start_time:253160102210455, task_sched_time:253161684513910
app_id: 0, app_name: SAR_api-aarch64, task_id: 1711, task_name: DASH_ZIP, resource_name: cpu2, ref_start_time: 253161684756160, ref_stop_time: 253161684833080, actual_exe_time: 76920, task_app_start_time:253160102210455, task_sched_time:253161684746650
app_id: 0, app_name: SAR_api-aarch64, task_id: 1712, task_name: DASH_FFT, resource_name: cpu3, ref_start_time: 253161685475170, ref_stop_time: 253161685526620, actual_exe_time: 51450, task_app_start_time:253160102210455, task_sched_time:253161685416550
app_id: 0, app_name: SAR_api-aarch64, task_id: 1713, task_name: DASH_ZIP, resource_name: zip1, ref_start_time: 253161686114470, ref_stop_time: 253161686232430, actual_exe_time: 117960, task_app_start_time:253160102210455, task_sched_time:253161686110600
app_id: 0, app_name: SAR_api-aarch64, task_id: 1714, task_name: DASH_FFT, resource_name: cpu1, ref_start_time: 253161686643310, ref_stop_time: 253161686684860, actual_exe_time: 41550, task_app_start_time:253160102210455, task_sched_time:253161686636830
app_id: 0, app_name: SAR_api-aarch64, task_id: 1715, task_name: DASH_ZIP, resource_name: cpu2, ref_start_time: 253161687148840, ref_stop_time: 253161687226270, actual_exe_time: 77430, task_app_start_time:253160102210455, task_sched_time:253161687144010
app_id: 0, app_name: SAR_api-aarch64, task_id: 1716, task_name: DASH_FFT, resource_name: cpu3, ref_start_time: 253161687562570, ref_stop_time: 253161687622450, actual_exe_time: 59880, task_app_start_time:253160102210455, task_sched_time:253161687546160
app_id: 0, app_name: SAR_api-aarch64, task_id: 1717, task_name: DASH_ZIP, resource_name: zip1, ref_start_time: 253161688236970, ref_stop_time: 253161688354930, actual_exe_time: 117960, task_app_start_time:253160102210455, task_sched_time:253161688195360
app_id: 0, app_name: SAR_api-aarch64, task_id: 1718, task_name: DASH_FFT, resource_name: cpu1, ref_start_time: 253161688768631, ref_stop_time: 253161688809521, actual_exe_time: 40890, task_app_start_time:253160102210455, task_sched_time:253161688758911
app_id: 0, app_name: SAR_api-aarch64, task_id: 1719, task_name: DASH_ZIP, resource_name: cpu2, ref_start_time: 253161689202791, ref_stop_time: 253161689279231, actual_exe_time: 76440, task_app_start_time:253160102210455, task_sched_time:253161689193851
app_id: 0, app_name: SAR_api-aarch64, task_id: 1720, task_name: DASH_FFT, resource_name: cpu3, ref_start_time: 253161689780621, ref_stop_time: 253161689831891, actual_exe_time: 51270, task_app_start_time:253160102210455, task_sched_time:253161689759171
app_id: 0, app_name: SAR_api-aarch64, task_id: 1721, task_name: DASH_ZIP, resource_name: zip1, ref_start_time: 253161690736961, ref_stop_time: 253161690854231, actual_exe_time: 117270, task_app_start_time:253160102210455, task_sched_time:253161690731351
app_id: 0, app_name: SAR_api-aarch64, task_id: 1722, task_name: DASH_FFT, resource_name: cpu1, ref_start_time: 253161691305401, ref_stop_time: 253161691346681, actual_exe_time: 41280, task_app_start_time:253160102210455, task_sched_time:253161691297331
app_id: 0, app_name: SAR_api-aarch64, task_id: 1723, task_name: DASH_ZIP, resource_name: cpu2, ref_start_time: 253161691803971, ref_stop_time: 253161691880771, actual_exe_time: 76800, task_app_start_time:253160102210455, task_sched_time:253161691799651
app_id: 0, app_name: SAR_api-aarch64, task_id: 1724, task_name: DASH_FFT, resource_name: cpu3, ref_start_time: 253161692048471, ref_stop_time: 253161692100971, actual_exe_time: 52500, task_app_start_time:253160102210455, task_sched_time:253161692039171
app_id: 0, app_name: SAR_api-aarch64, task_id: 1725, task_name: DASH_ZIP, resource_name: zip1, ref_start_time: 253161692824811, ref_stop_time: 253161692941961, actual_exe_time: 117150, task_app_start_time:253160102210455, task_sched_time:253161692791781
app_id: 0, app_name: SAR_api-aarch64, task_id: 1726, task_name: DASH_FFT, resource_name: cpu1, ref_start_time: 253161693461681, ref_stop_time: 253161693502271, actual_exe_time: 40590, task_app_start_time:253160102210455, task_sched_time:253161693454541
app_id: 0, app_name: SAR_api-aarch64, task_id: 1727, task_name: DASH_ZIP, resource_name: cpu2, ref_start_time: 253161693981161, ref_stop_time: 253161694058381, actual_exe_time: 77220, task_app_start_time:253160102210455, task_sched_time:253161693972221
app_id: 0, app_name: SAR_api-aarch64, task_id: 1728, task_name: DASH_FFT, resource_name: cpu3, ref_start_time: 253161694415951, ref_stop_time: 253161694466681, actual_exe_time: 50730, task_app_start_time:253160102210455, task_sched_time:253161694393241
app_id: 0, app_name: SAR_api-aarch64, task_id: 1729, task_name: DASH_ZIP, resource_name: zip1, ref_start_time: 253161695121372, ref_stop_time: 253161695240472, actual_exe_time: 119100, task_app_start_time:253160102210455, task_sched_time:253161695081772
app_id: 0, app_name: SAR_api-aarch64, task_id: 1730, task_name: DASH_FFT, resource_name: cpu1, ref_start_time: 253161695654982, ref_stop_time: 253161695696742, actual_exe_time: 41760, task_app_start_time:253160102210455, task_sched_time:253161695645742
app_id: 0, app_name: SAR_api-aarch64, task_id: 1731, task_name: DASH_ZIP, resource_name: cpu2, ref_start_time: 253161696276102, ref_stop_time: 253161696353232, actual_exe_time: 77130, task_app_start_time:253160102210455, task_sched_time:253161696271332
app_id: 0, app_name: SAR_api-aarch64, task_id: 1732, task_name: DASH_FFT, resource_name: cpu3, ref_start_time: 253161696490812, ref_stop_time: 253161696542172, actual_exe_time: 51360, task_app_start_time:253160102210455, task_sched_time:253161696481782
app_id: 0, app_name: SAR_api-aarch64, task_id: 1733, task_name: DASH_ZIP, resource_name: zip1, ref_start_time: 253161697244802, ref_stop_time: 253161697362192, actual_exe_time: 117390, task_app_start_time:253160102210455, task_sched_time:253161697234002
app_id: 0, app_name: SAR_api-aarch64, task_id: 1734, task_name: DASH_FFT, resource_name: cpu1, ref_start_time: 253161697806912, ref_stop_time: 253161697847652, actual_exe_time: 40740, task_app_start_time:253160102210455, task_sched_time:253161697795992
app_id: 0, app_name: SAR_api-aarch64, task_id: 1735, task_name: DASH_ZIP, resource_name: cpu2, ref_start_time: 253161698295162, ref_stop_time: 253161698371092, actual_exe_time: 75930, task_app_start_time:253160102210455, task_sched_time:253161698291262
app_id: 0, app_name: SAR_api-aarch64, task_id: 1736, task_name: DASH_FFT, resource_name: cpu3, ref_start_time: 253161698678832, ref_stop_time: 253161698730522, actual_exe_time: 51690, task_app_start_time:253160102210455, task_sched_time:253161698597112
app_id: 0, app_name: SAR_api-aarch64, task_id: 1737, task_name: DASH_ZIP, resource_name: zip1, ref_start_time: 253161699469662, ref_stop_time: 253161699587022, actual_exe_time: 117360, task_app_start_time:253160102210455, task_sched_time:253161699449772
app_id: 0, app_name: SAR_api-aarch64, task_id: 1738, task_name: DASH_FFT, resource_name: cpu1, ref_start_time: 253161699996522, ref_stop_time: 253161700037382, actual_exe_time: 40860, task_app_start_time:253160102210455, task_sched_time:253161699988332
app_id: 0, app_name: SAR_api-aarch64, task_id: 1739, task_name: DASH_ZIP, resource_name: cpu2, ref_start_time: 253161700501392, ref_stop_time: 253161700577862, actual_exe_time: 76470, task_app_start_time:253160102210455, task_sched_time:253161700493352
app_id: 0, app_name: SAR_api-aarch64, task_id: 1740, task_name: DASH_FFT, resource_name: cpu3, ref_start_time: 253161700861393, ref_stop_time: 253161700925713, actual_exe_time: 64320, task_app_start_time:253160102210455, task_sched_time:253161700805922
app_id: 0, app_name: SAR_api-aarch64, task_id: 1741, task_name: DASH_ZIP, resource_name: zip1, ref_start_time: 253161701630773, ref_stop_time: 253161701747533, actual_exe_time: 116760, task_app_start_time:253160102210455, task_sched_time:253161701585173
app_id: 0, app_name: SAR_api-aarch64, task_id: 1742, task_name: DASH_FFT, resource_name: cpu1, ref_start_time: 253161702016513, ref_stop_time: 253161702057253, actual_exe_time: 40740, task_app_start_time:253160102210455, task_sched_time:253161702006103
app_id: 0, app_name: SAR_api-aarch64, task_id: 1743, task_name: DASH_ZIP, resource_name: cpu2, ref_start_time: 253161702674203, ref_stop_time: 253161702750523, actual_exe_time: 76320, task_app_start_time:253160102210455, task_sched_time:253161702669013
app_id: 0, app_name: SAR_api-aarch64, task_id: 1744, task_name: DASH_FFT, resource_name: cpu3, ref_start_time: 253161703123393, ref_stop_time: 253161703174183, actual_exe_time: 50790, task_app_start_time:253160102210455, task_sched_time:253161703077433
app_id: 0, app_name: SAR_api-aarch64, task_id: 1745, task_name: DASH_ZIP, resource_name: zip1, ref_start_time: 253161703780723, ref_stop_time: 253161703900183, actual_exe_time: 119460, task_app_start_time:253160102210455, task_sched_time:253161703755823
app_id: 0, app_name: SAR_api-aarch64, task_id: 1746, task_name: DASH_FFT, resource_name: cpu1, ref_start_time: 253161704302483, ref_stop_time: 253161704343343, actual_exe_time: 40860, task_app_start_time:253160102210455, task_sched_time:253161704293273
app_id: 0, app_name: SAR_api-aarch64, task_id: 1747, task_name: DASH_ZIP, resource_name: cpu2, ref_start_time: 253161704803423, ref_stop_time: 253161704880043, actual_exe_time: 76620, task_app_start_time:253160102210455, task_sched_time:253161704794633
app_id: 0, app_name: SAR_api-aarch64, task_id: 1748, task_name: DASH_FFT, resource_name: cpu3, ref_start_time: 253161705249073, ref_stop_time: 253161705299893, actual_exe_time: 50820, task_app_start_time:253160102210455, task_sched_time:253161705200383
app_id: 0, app_name: SAR_api-aarch64, task_id: 1749, task_name: DASH_ZIP, resource_name: zip1, ref_start_time: 253161705916513, ref_stop_time: 253161706033903, actual_exe_time: 117390, task_app_start_time:253160102210455, task_sched_time:253161705874843
app_id: 0, app_name: SAR_api-aarch64, task_id: 1750, task_name: DASH_FFT, resource_name: cpu1, ref_start_time: 253161706299583, ref_stop_time: 253161706340893, actual_exe_time: 41310, task_app_start_time:253160102210455, task_sched_time:253161706294543
app_id: 0, app_name: SAR_api-aarch64, task_id: 1751, task_name: DASH_ZIP, resource_name: cpu2, ref_start_time: 253161706969903, ref_stop_time: 253161707046643, actual_exe_time: 76740, task_app_start_time:253160102210455, task_sched_time:253161706966393
app_id: 0, app_name: SAR_api-aarch64, task_id: 1752, task_name: DASH_FFT, resource_name: cpu3, ref_start_time: 253161707406734, ref_stop_time: 253161707462354, actual_exe_time: 55620, task_app_start_time:253160102210455, task_sched_time:253161707366204
app_id: 0, app_name: SAR_api-aarch64, task_id: 1753, task_name: DASH_ZIP, resource_name: zip1, ref_start_time: 253161708082874, ref_stop_time: 253161708199634, actual_exe_time: 116760, task_app_start_time:253160102210455, task_sched_time:253161708046844
app_id: 0, app_name: SAR_api-aarch64, task_id: 1754, task_name: DASH_FFT, resource_name: cpu1, ref_start_time: 253161708614954, ref_stop_time: 253161708655814, actual_exe_time: 40860, task_app_start_time:253160102210455, task_sched_time:253161708605414
app_id: 0, app_name: SAR_api-aarch64, task_id: 1755, task_name: DASH_ZIP, resource_name: cpu2, ref_start_time: 253161709114784, ref_stop_time: 253161709191404, actual_exe_time: 76620, task_app_start_time:253160102210455, task_sched_time:253161709108724
app_id: 0, app_name: SAR_api-aarch64, task_id: 1756, task_name: DASH_FFT, resource_name: cpu3, ref_start_time: 253161709519784, ref_stop_time: 253161709571174, actual_exe_time: 51390, task_app_start_time:253160102210455, task_sched_time:253161709511504
app_id: 0, app_name: SAR_api-aarch64, task_id: 1757, task_name: DASH_ZIP, resource_name: zip1, ref_start_time: 253161710229674, ref_stop_time: 253161710346494, actual_exe_time: 116820, task_app_start_time:253160102210455, task_sched_time:253161710179304
app_id: 0, app_name: SAR_api-aarch64, task_id: 1758, task_name: DASH_FFT, resource_name: cpu1, ref_start_time: 253161710578424, ref_stop_time: 253161710619524, actual_exe_time: 41100, task_app_start_time:253160102210455, task_sched_time:253161710574944
app_id: 0, app_name: SAR_api-aarch64, task_id: 1759, task_name: DASH_ZIP, resource_name: cpu2, ref_start_time: 253161711228494, ref_stop_time: 253161711305114, actual_exe_time: 76620, task_app_start_time:253160102210455, task_sched_time:253161711219314
app_id: 0, app_name: SAR_api-aarch64, task_id: 1760, task_name: DASH_FFT, resource_name: cpu3, ref_start_time: 253161711628454, ref_stop_time: 253161711679964, actual_exe_time: 51510, task_app_start_time:253160102210455, task_sched_time:253161711624614
app_id: 0, app_name: SAR_api-aarch64, task_id: 1761, task_name: DASH_ZIP, resource_name: zip1, ref_start_time: 253161712363004, ref_stop_time: 253161712480034, actual_exe_time: 117030, task_app_start_time:253160102210455, task_sched_time:253161712326164
app_id: 0, app_name: SAR_api-aarch64, task_id: 1762, task_name: DASH_FFT, resource_name: cpu1, ref_start_time: 253161712893854, ref_stop_time: 253161712935344, actual_exe_time: 41490, task_app_start_time:253160102210455, task_sched_time:253161712891064
app_id: 0, app_name: SAR_api-aarch64, task_id: 1763, task_name: DASH_ZIP, resource_name: cpu2, ref_start_time: 253161713396175, ref_stop_time: 253161713473725, actual_exe_time: 77550, task_app_start_time:253160102210455, task_sched_time:253161713386935
app_id: 0, app_name: SAR_api-aarch64, task_id: 1764, task_name: DASH_FFT, resource_name: cpu3, ref_start_time: 253161713800035, ref_stop_time: 253161713851095, actual_exe_time: 51060, task_app_start_time:253160102210455, task_sched_time:253161713791335
app_id: 0, app_name: SAR_api-aarch64, task_id: 1765, task_name: DASH_ZIP, resource_name: zip1, ref_start_time: 253161714488025, ref_stop_time: 253161714606045, actual_exe_time: 118020, task_app_start_time:253160102210455, task_sched_time:253161714469725
app_id: 0, app_name: SAR_api-aarch64, task_id: 1766, task_name: DASH_FFT, resource_name: cpu1, ref_start_time: 253161714873825, ref_stop_time: 253161714915225, actual_exe_time: 41400, task_app_start_time:253160102210455, task_sched_time:253161714868305
app_id: 0, app_name: SAR_api-aarch64, task_id: 1767, task_name: DASH_ZIP, resource_name: cpu2, ref_start_time: 253161715517985, ref_stop_time: 253161715595625, actual_exe_time: 77640, task_app_start_time:253160102210455, task_sched_time:253161715512435
app_id: 0, app_name: SAR_api-aarch64, task_id: 1768, task_name: DASH_FFT, resource_name: cpu3, ref_start_time: 253161715926765, ref_stop_time: 253161715978365, actual_exe_time: 51600, task_app_start_time:253160102210455, task_sched_time:253161715915815
app_id: 0, app_name: SAR_api-aarch64, task_id: 1769, task_name: DASH_ZIP, resource_name: zip1, ref_start_time: 253161716660745, ref_stop_time: 253161716777445, actual_exe_time: 116700, task_app_start_time:253160102210455, task_sched_time:253161716595435
app_id: 0, app_name: SAR_api-aarch64, task_id: 1770, task_name: DASH_FFT, resource_name: cpu1, ref_start_time: 253161717148605, ref_stop_time: 253161717189435, actual_exe_time: 40830, task_app_start_time:253160102210455, task_sched_time:253161717143955
app_id: 0, app_name: SAR_api-aarch64, task_id: 1771, task_name: DASH_ZIP, resource_name: cpu2, ref_start_time: 253161717646125, ref_stop_time: 253161717723375, actual_exe_time: 77250, task_app_start_time:253160102210455, task_sched_time:253161717640125
app_id: 0, app_name: SAR_api-aarch64, task_id: 1772, task_name: DASH_FFT, resource_name: cpu3, ref_start_time: 253161718090815, ref_stop_time: 253161718142265, actual_exe_time: 51450, task_app_start_time:253160102210455, task_sched_time:253161718044405
app_id: 0, app_name: SAR_api-aarch64, task_id: 1773, task_name: DASH_ZIP, resource_name: zip1, ref_start_time: 253161718734945, ref_stop_time: 253161718856925, actual_exe_time: 121980, task_app_start_time:253160102210455, task_sched_time:253161718697445
app_id: 0, app_name: SAR_api-aarch64, task_id: 1774, task_name: DASH_FFT, resource_name: cpu1, ref_start_time: 253161719117925, ref_stop_time: 253161719159295, actual_exe_time: 41370, task_app_start_time:253160102210455, task_sched_time:253161719108445
app_id: 0, app_name: SAR_api-aarch64, task_id: 1775, task_name: DASH_ZIP, resource_name: cpu2, ref_start_time: 253161719765236, ref_stop_time: 253161719842876, actual_exe_time: 77640, task_app_start_time:253160102210455, task_sched_time:253161719760376
app_id: 0, app_name: SAR_api-aarch64, task_id: 1776, task_name: DASH_FFT, resource_name: cpu3, ref_start_time: 253161720215236, ref_stop_time: 253161720274546, actual_exe_time: 59310, task_app_start_time:253160102210455, task_sched_time:253161720165676
app_id: 0, app_name: SAR_api-aarch64, task_id: 1777, task_name: DASH_ZIP, resource_name: zip1, ref_start_time: 253161720841636, ref_stop_time: 253161720958366, actual_exe_time: 116730, task_app_start_time:253160102210455, task_sched_time:253161720833506
app_id: 0, app_name: SAR_api-aarch64, task_id: 1778, task_name: DASH_FFT, resource_name: cpu1, ref_start_time: 253161721380826, ref_stop_time: 253161721421656, actual_exe_time: 40830, task_app_start_time:253160102210455, task_sched_time:253161721375216
app_id: 0, app_name: SAR_api-aarch64, task_id: 1779, task_name: DASH_ZIP, resource_name: cpu2, ref_start_time: 253161721897336, ref_stop_time: 253161721973746, actual_exe_time: 76410, task_app_start_time:253160102210455, task_sched_time:253161721890076
app_id: 0, app_name: SAR_api-aarch64, task_id: 1780, task_name: DASH_FFT, resource_name: cpu3, ref_start_time: 253161722289886, ref_stop_time: 253161722340436, actual_exe_time: 50550, task_app_start_time:253160102210455, task_sched_time:253161722286946
app_id: 0, app_name: SAR_api-aarch64, task_id: 1781, task_name: DASH_ZIP, resource_name: zip1, ref_start_time: 253161722847736, ref_stop_time: 253161722964286, actual_exe_time: 116550, task_app_start_time:253160102210455, task_sched_time:253161722842576
app_id: 0, app_name: SAR_api-aarch64, task_id: 1782, task_name: DASH_FFT, resource_name: cpu1, ref_start_time: 253161723448696, ref_stop_time: 253161723489796, actual_exe_time: 41100, task_app_start_time:253160102210455, task_sched_time:253161723435736
app_id: 0, app_name: SAR_api-aarch64, task_id: 1783, task_name: DASH_ZIP, resource_name: cpu2, ref_start_time: 253161723873676, ref_stop_time: 253161723951436, actual_exe_time: 77760, task_app_start_time:253160102210455, task_sched_time:253161723864136
app_id: 0, app_name: SAR_api-aarch64, task_id: 1784, task_name: DASH_FFT, resource_name: cpu3, ref_start_time: 253161724787146, ref_stop_time: 253161724844356, actual_exe_time: 57210, task_app_start_time:253160102210455, task_sched_time:253161724778896
app_id: 0, app_name: SAR_api-aarch64, task_id: 1785, task_name: DASH_ZIP, resource_name: zip1, ref_start_time: 253161725363686, ref_stop_time: 253161725480866, actual_exe_time: 117180, task_app_start_time:253160102210455, task_sched_time:253161725358466
app_id: 0, app_name: SAR_api-aarch64, task_id: 1786, task_name: DASH_FFT, resource_name: cpu1, ref_start_time: 253161726021587, ref_stop_time: 253161726062387, actual_exe_time: 40800, task_app_start_time:253160102210455, task_sched_time:253161726012617
app_id: 0, app_name: SAR_api-aarch64, task_id: 1787, task_name: DASH_ZIP, resource_name: cpu2, ref_start_time: 253161726245807, ref_stop_time: 253161726322577, actual_exe_time: 76770, task_app_start_time:253160102210455, task_sched_time:253161726239387
app_id: 0, app_name: SAR_api-aarch64, task_id: 1788, task_name: DASH_FFT, resource_name: cpu3, ref_start_time: 253161726830327, ref_stop_time: 253161726894107, actual_exe_time: 63780, task_app_start_time:253160102210455, task_sched_time:253161726821777
app_id: 0, app_name: SAR_api-aarch64, task_id: 1789, task_name: DASH_ZIP, resource_name: zip1, ref_start_time: 253161727572047, ref_stop_time: 253161727689137, actual_exe_time: 117090, task_app_start_time:253160102210455, task_sched_time:253161727528907
app_id: 0, app_name: SAR_api-aarch64, task_id: 1790, task_name: DASH_FFT, resource_name: cpu1, ref_start_time: 253161727950437, ref_stop_time: 253161727991417, actual_exe_time: 40980, task_app_start_time:253160102210455, task_sched_time:253161727943177
app_id: 0, app_name: SAR_api-aarch64, task_id: 1791, task_name: DASH_ZIP, resource_name: cpu2, ref_start_time: 253161728601677, ref_stop_time: 253161728678177, actual_exe_time: 76500, task_app_start_time:253160102210455, task_sched_time:253161728595617
app_id: 0, app_name: SAR_api-aarch64, task_id: 1792, task_name: DASH_FFT, resource_name: cpu3, ref_start_time: 253161728997557, ref_stop_time: 253161729048077, actual_exe_time: 50520, task_app_start_time:253160102210455, task_sched_time:253161728992667
app_id: 0, app_name: SAR_api-aarch64, task_id: 1793, task_name: DASH_ZIP, resource_name: zip1, ref_start_time: 253161729630227, ref_stop_time: 253161729747137, actual_exe_time: 116910, task_app_start_time:253160102210455, task_sched_time:253161729605807
app_id: 0, app_name: SAR_api-aarch64, task_id: 1794, task_name: DASH_FFT, resource_name: cpu1, ref_start_time: 253161730137437, ref_stop_time: 253161730178087, actual_exe_time: 40650, task_app_start_time:253160102210455, task_sched_time:253161730130267
app_id: 0, app_name: SAR_api-aarch64, task_id: 1795, task_name: DASH_ZIP, resource_name: cpu2, ref_start_time: 253161730662887, ref_stop_time: 253161730739987, actual_exe_time: 77100, task_app_start_time:253160102210455, task_sched_time:253161730655537
app_id: 0, app_name: SAR_api-aarch64, task_id: 1796, task_name: DASH_FFT, resource_name: cpu3, ref_start_time: 253161731102657, ref_stop_time: 253161731154287, actual_exe_time: 51630, task_app_start_time:253160102210455, task_sched_time:253161731092997
app_id: 0, app_name: SAR_api-aarch64, task_id: 1797, task_name: DASH_ZIP, resource_name: zip1, ref_start_time: 253161731757017, ref_stop_time: 253161731874347, actual_exe_time: 117330, task_app_start_time:253160102210455, task_sched_time:253161731713637
app_id: 0, app_name: SAR_api-aarch64, task_id: 1798, task_name: DASH_FFT, resource_name: cpu1, ref_start_time: 253161732099738, ref_stop_time: 253161732140628, actual_exe_time: 40890, task_app_start_time:253160102210455, task_sched_time:253161732094308
app_id: 0, app_name: SAR_api-aarch64, task_id: 1799, task_name: DASH_ZIP, resource_name: cpu2, ref_start_time: 253161733788318, ref_stop_time: 253161733866018, actual_exe_time: 77700, task_app_start_time:253160102210455, task_sched_time:253161733784238
app_id: 0, app_name: SAR_api-aarch64, task_id: 1800, task_name: DASH_FFT, resource_name: cpu3, ref_start_time: 253161734233158, ref_stop_time: 253161734292588, actual_exe_time: 59430, task_app_start_time:253160102210455, task_sched_time:253161734190288
app_id: 0, app_name: SAR_api-aarch64, task_id: 1801, task_name: DASH_ZIP, resource_name: zip1, ref_start_time: 253161734928018, ref_stop_time: 253161735045858, actual_exe_time: 117840, task_app_start_time:253160102210455, task_sched_time:253161734887548
app_id: 0, app_name: SAR_api-aarch64, task_id: 1802, task_name: DASH_FFT, resource_name: cpu1, ref_start_time: 253161735462138, ref_stop_time: 253161735503088, actual_exe_time: 40950, task_app_start_time:253160102210455, task_sched_time:253161735456198
app_id: 0, app_name: SAR_api-aarch64, task_id: 1803, task_name: DASH_ZIP, resource_name: cpu2, ref_start_time: 253161736043628, ref_stop_time: 253161736120608, actual_exe_time: 76980, task_app_start_time:253160102210455, task_sched_time:253161736038018
app_id: 0, app_name: SAR_api-aarch64, task_id: 1804, task_name: DASH_FFT, resource_name: cpu3, ref_start_time: 253161736522728, ref_stop_time: 253161736579818, actual_exe_time: 57090, task_app_start_time:253160102210455, task_sched_time:253161736478238
app_id: 0, app_name: SAR_api-aarch64, task_id: 1805, task_name: DASH_ZIP, resource_name: zip1, ref_start_time: 253161737100018, ref_stop_time: 253161737216358, actual_exe_time: 116340, task_app_start_time:253160102210455, task_sched_time:253161737094738
app_id: 0, app_name: SAR_api-aarch64, task_id: 1806, task_name: DASH_FFT, resource_name: cpu1, ref_start_time: 253161737698638, ref_stop_time: 253161737739408, actual_exe_time: 40770, task_app_start_time:253160102210455, task_sched_time:253161737687808
app_id: 0, app_name: SAR_api-aarch64, task_id: 1807, task_name: DASH_ZIP, resource_name: cpu2, ref_start_time: 253161738121909, ref_stop_time: 253161738199099, actual_exe_time: 77190, task_app_start_time:253160102210455, task_sched_time:253161738116028
app_id: 0, app_name: SAR_api-aarch64, task_id: 1808, task_name: DASH_FFT, resource_name: cpu3, ref_start_time: 253161738629119, ref_stop_time: 253161738680719, actual_exe_time: 51600, task_app_start_time:253160102210455, task_sched_time:253161738624379
app_id: 0, app_name: SAR_api-aarch64, task_id: 1809, task_name: DASH_ZIP, resource_name: zip1, ref_start_time: 253161739251619, ref_stop_time: 253161739370299, actual_exe_time: 118680, task_app_start_time:253160102210455, task_sched_time:253161739209949
app_id: 0, app_name: SAR_api-aarch64, task_id: 1810, task_name: DASH_FFT, resource_name: cpu1, ref_start_time: 253161739834549, ref_stop_time: 253161739875529, actual_exe_time: 40980, task_app_start_time:253160102210455, task_sched_time:253161739826779
app_id: 0, app_name: SAR_api-aarch64, task_id: 1811, task_name: DASH_ZIP, resource_name: cpu2, ref_start_time: 253161740254909, ref_stop_time: 253161740331919, actual_exe_time: 77010, task_app_start_time:253160102210455, task_sched_time:253161740249389
app_id: 0, app_name: SAR_api-aarch64, task_id: 1812, task_name: DASH_FFT, resource_name: cpu3, ref_start_time: 253161740733259, ref_stop_time: 253161740784349, actual_exe_time: 51090, task_app_start_time:253160102210455, task_sched_time:253161740730589
app_id: 0, app_name: SAR_api-aarch64, task_id: 1813, task_name: DASH_ZIP, resource_name: zip1, ref_start_time: 253161741293149, ref_stop_time: 253161741409759, actual_exe_time: 116610, task_app_start_time:253160102210455, task_sched_time:253161741289099
app_id: 0, app_name: SAR_api-aarch64, task_id: 1814, task_name: DASH_FFT, resource_name: cpu1, ref_start_time: 253161742205989, ref_stop_time: 253161742246729, actual_exe_time: 40740, task_app_start_time:253160102210455, task_sched_time:253161742199539
app_id: 0, app_name: SAR_api-aarch64, task_id: 1815, task_name: DASH_ZIP, resource_name: cpu2, ref_start_time: 253161742435369, ref_stop_time: 253161742512589, actual_exe_time: 77220, task_app_start_time:253160102210455, task_sched_time:253161742428259
app_id: 0, app_name: SAR_api-aarch64, task_id: 1816, task_name: DASH_FFT, resource_name: cpu3, ref_start_time: 253161743067709, ref_stop_time: 253161743125159, actual_exe_time: 57450, task_app_start_time:253160102210455, task_sched_time:253161743058859
app_id: 0, app_name: SAR_api-aarch64, task_id: 1817, task_name: DASH_ZIP, resource_name: zip1, ref_start_time: 253161743779879, ref_stop_time: 253161743902459, actual_exe_time: 122580, task_app_start_time:253160102210455, task_sched_time:253161743741569
app_id: 0, app_name: SAR_api-aarch64, task_id: 1818, task_name: DASH_FFT, resource_name: cpu1, ref_start_time: 253161744297349, ref_stop_time: 253161744337940, actual_exe_time: 40591, task_app_start_time:253160102210455, task_sched_time:253161744289939
app_id: 0, app_name: SAR_api-aarch64, task_id: 1819, task_name: DASH_ZIP, resource_name: cpu2, ref_start_time: 253161744795140, ref_stop_time: 253161744872030, actual_exe_time: 76890, task_app_start_time:253160102210455, task_sched_time:253161744787160
app_id: 0, app_name: SAR_api-aarch64, task_id: 1820, task_name: DASH_FFT, resource_name: cpu3, ref_start_time: 253161745253270, ref_stop_time: 253161745304210, actual_exe_time: 50940, task_app_start_time:253160102210455, task_sched_time:253161745204070
app_id: 0, app_name: SAR_api-aarch64, task_id: 1821, task_name: DASH_ZIP, resource_name: zip1, ref_start_time: 253161745939820, ref_stop_time: 253161746057210, actual_exe_time: 117390, task_app_start_time:253160102210455, task_sched_time:253161745883090
app_id: 0, app_name: SAR_api-aarch64, task_id: 1822, task_name: DASH_FFT, resource_name: cpu1, ref_start_time: 253161746459270, ref_stop_time: 253161746500220, actual_exe_time: 40950, task_app_start_time:253160102210455, task_sched_time:253161746455190
app_id: 0, app_name: SAR_api-aarch64, task_id: 1823, task_name: DASH_ZIP, resource_name: cpu2, ref_start_time: 253161746729630, ref_stop_time: 253161746806700, actual_exe_time: 77070, task_app_start_time:253160102210455, task_sched_time:253161746721830
app_id: 0, app_name: SAR_api-aarch64, task_id: 1824, task_name: DASH_FFT, resource_name: cpu3, ref_start_time: 253161747980660, ref_stop_time: 253161748045250, actual_exe_time: 64590, task_app_start_time:253160102210455, task_sched_time:253161747973970
app_id: 0, app_name: SAR_api-aarch64, task_id: 1825, task_name: DASH_ZIP, resource_name: zip1, ref_start_time: 253161748665050, ref_stop_time: 253161748783130, actual_exe_time: 118080, task_app_start_time:253160102210455, task_sched_time:253161748655900
app_id: 0, app_name: SAR_api-aarch64, task_id: 1826, task_name: DASH_FFT, resource_name: cpu1, ref_start_time: 253161749174060, ref_stop_time: 253161749215130, actual_exe_time: 41070, task_app_start_time:253160102210455, task_sched_time:253161749165720
app_id: 0, app_name: SAR_api-aarch64, task_id: 1827, task_name: DASH_ZIP, resource_name: cpu2, ref_start_time: 253161749672240, ref_stop_time: 253161749749730, actual_exe_time: 77490, task_app_start_time:253160102210455, task_sched_time:253161749666180
app_id: 0, app_name: SAR_api-aarch64, task_id: 1828, task_name: DASH_FFT, resource_name: cpu3, ref_start_time: 253161750102680, ref_stop_time: 253161750154130, actual_exe_time: 51450, task_app_start_time:253160102210455, task_sched_time:253161750073340
app_id: 0, app_name: SAR_api-aarch64, task_id: 1829, task_name: DASH_ZIP, resource_name: zip1, ref_start_time: 253161750755121, ref_stop_time: 253161750873711, actual_exe_time: 118590, task_app_start_time:253160102210455, task_sched_time:253161750714231
app_id: 0, app_name: SAR_api-aarch64, task_id: 1830, task_name: DASH_FFT, resource_name: cpu1, ref_start_time: 253161751276941, ref_stop_time: 253161751318071, actual_exe_time: 41130, task_app_start_time:253160102210455, task_sched_time:253161751274121
app_id: 0, app_name: SAR_api-aarch64, task_id: 1831, task_name: DASH_ZIP, resource_name: cpu2, ref_start_time: 253161751508541, ref_stop_time: 253161751586091, actual_exe_time: 77550, task_app_start_time:253160102210455, task_sched_time:253161751502151
app_id: 0, app_name: SAR_api-aarch64, task_id: 1832, task_name: DASH_FFT, resource_name: cpu3, ref_start_time: 253161752177421, ref_stop_time: 253161752228301, actual_exe_time: 50880, task_app_start_time:253160102210455, task_sched_time:253161752166591
app_id: 0, app_name: SAR_api-aarch64, task_id: 1833, task_name: DASH_ZIP, resource_name: zip1, ref_start_time: 253161752788851, ref_stop_time: 253161752905731, actual_exe_time: 116880, task_app_start_time:253160102210455, task_sched_time:253161752783091
app_id: 0, app_name: SAR_api-aarch64, task_id: 1834, task_name: DASH_FFT, resource_name: cpu1, ref_start_time: 253161753102231, ref_stop_time: 253161753143001, actual_exe_time: 40770, task_app_start_time:253160102210455, task_sched_time:253161753092241
app_id: 0, app_name: SAR_api-aarch64, task_id: 1835, task_name: DASH_ZIP, resource_name: cpu2, ref_start_time: 253161753747861, ref_stop_time: 253161753824721, actual_exe_time: 76860, task_app_start_time:253160102210455, task_sched_time:253161753743211
app_id: 0, app_name: SAR_api-aarch64, task_id: 1836, task_name: DASH_FFT, resource_name: cpu3, ref_start_time: 253161754197321, ref_stop_time: 253161754258071, actual_exe_time: 60750, task_app_start_time:253160102210455, task_sched_time:253161754163331
app_id: 0, app_name: SAR_api-aarch64, task_id: 1837, task_name: DASH_ZIP, resource_name: zip1, ref_start_time: 253161754910331, ref_stop_time: 253161755027421, actual_exe_time: 117090, task_app_start_time:253160102210455, task_sched_time:253161754901841
app_id: 0, app_name: SAR_api-aarch64, task_id: 1838, task_name: DASH_FFT, resource_name: cpu1, ref_start_time: 253161755448561, ref_stop_time: 253161755489601, actual_exe_time: 41040, task_app_start_time:253160102210455, task_sched_time:253161755444301
app_id: 0, app_name: SAR_api-aarch64, task_id: 1839, task_name: DASH_ZIP, resource_name: cpu2, ref_start_time: 253161755963181, ref_stop_time: 253161756039801, actual_exe_time: 76620, task_app_start_time:253160102210455, task_sched_time:253161755956221
app_id: 0, app_name: SAR_api-aarch64, task_id: 1840, task_name: DASH_FFT, resource_name: cpu3, ref_start_time: 253161756229881, ref_stop_time: 253161756283881, actual_exe_time: 54000, task_app_start_time:253160102210455, task_sched_time:253161756203511
app_id: 0, app_name: SAR_api-aarch64, task_id: 1841, task_name: DASH_ZIP, resource_name: zip1, ref_start_time: 253161757069132, ref_stop_time: 253161757186222, actual_exe_time: 117090, task_app_start_time:253160102210455, task_sched_time:253161757059832
app_id: 0, app_name: SAR_api-aarch64, task_id: 1842, task_name: DASH_FFT, resource_name: cpu1, ref_start_time: 253161757633822, ref_stop_time: 253161757675222, actual_exe_time: 41400, task_app_start_time:253160102210455, task_sched_time:253161757624732
app_id: 0, app_name: SAR_api-aarch64, task_id: 1843, task_name: DASH_ZIP, resource_name: cpu2, ref_start_time: 253161758133832, ref_stop_time: 253161758210692, actual_exe_time: 76860, task_app_start_time:253160102210455, task_sched_time:253161758128672
app_id: 0, app_name: SAR_api-aarch64, task_id: 1844, task_name: DASH_FFT, resource_name: cpu3, ref_start_time: 253161758580532, ref_stop_time: 253161758632522, actual_exe_time: 51990, task_app_start_time:253160102210455, task_sched_time:253161758537632
app_id: 0, app_name: SAR_api-aarch64, task_id: 1845, task_name: DASH_ZIP, resource_name: zip1, ref_start_time: 253161759297652, ref_stop_time: 253161759414502, actual_exe_time: 116850, task_app_start_time:253160102210455, task_sched_time:253161759250252
app_id: 0, app_name: SAR_api-aarch64, task_id: 1846, task_name: DASH_FFT, resource_name: cpu1, ref_start_time: 253161759838672, ref_stop_time: 253161759879592, actual_exe_time: 40920, task_app_start_time:253160102210455, task_sched_time:253161759835252
app_id: 0, app_name: SAR_api-aarch64, task_id: 1847, task_name: DASH_ZIP, resource_name: cpu2, ref_start_time: 253161760272172, ref_stop_time: 253161760348942, actual_exe_time: 76770, task_app_start_time:253160102210455, task_sched_time:253161760269442
app_id: 0, app_name: SAR_api-aarch64, task_id: 1848, task_name: DASH_FFT, resource_name: cpu3, ref_start_time: 253161760903642, ref_stop_time: 253161760954162, actual_exe_time: 50520, task_app_start_time:253160102210455, task_sched_time:253161760900912
app_id: 0, app_name: SAR_api-aarch64, task_id: 1849, task_name: DASH_ZIP, resource_name: zip1, ref_start_time: 253161761466322, ref_stop_time: 253161761583832, actual_exe_time: 117510, task_app_start_time:253160102210455, task_sched_time:253161761457412
app_id: 0, app_name: SAR_api-aarch64, task_id: 1850, task_name: DASH_FFT, resource_name: cpu1, ref_start_time: 253161762054442, ref_stop_time: 253161762095152, actual_exe_time: 40710, task_app_start_time:253160102210455, task_sched_time:253161762050392
app_id: 0, app_name: SAR_api-aarch64, task_id: 1851, task_name: DASH_ZIP, resource_name: cpu2, ref_start_time: 253161762477412, ref_stop_time: 253161762563182, actual_exe_time: 85770, task_app_start_time:253160102210455, task_sched_time:253161762472852
app_id: 0, app_name: SAR_api-aarch64, task_id: 1852, task_name: DASH_FFT, resource_name: cpu3, ref_start_time: 253161762960892, ref_stop_time: 253161763011953, actual_exe_time: 51061, task_app_start_time:253160102210455, task_sched_time:253161762957532
app_id: 0, app_name: SAR_api-aarch64, task_id: 1853, task_name: DASH_ZIP, resource_name: zip1, ref_start_time: 253161763357103, ref_stop_time: 253161763473743, actual_exe_time: 116640, task_app_start_time:253160102210455, task_sched_time:253161763352063
app_id: 0, app_name: SAR_api-aarch64, task_id: 1854, task_name: DASH_FFT, resource_name: cpu1, ref_start_time: 253161764099393, ref_stop_time: 253161764141093, actual_exe_time: 41700, task_app_start_time:253160102210455, task_sched_time:253161764087153
app_id: 0, app_name: SAR_api-aarch64, task_id: 1855, task_name: DASH_ZIP, resource_name: cpu2, ref_start_time: 253161764604593, ref_stop_time: 253161764681423, actual_exe_time: 76830, task_app_start_time:253160102210455, task_sched_time:253161764595563
app_id: 0, app_name: SAR_api-aarch64, task_id: 1856, task_name: DASH_FFT, resource_name: cpu3, ref_start_time: 253161765015083, ref_stop_time: 253161765065843, actual_exe_time: 50760, task_app_start_time:253160102210455, task_sched_time:253161765012593
app_id: 0, app_name: SAR_api-aarch64, task_id: 1857, task_name: DASH_ZIP, resource_name: zip1, ref_start_time: 253161765701693, ref_stop_time: 253161765819803, actual_exe_time: 118110, task_app_start_time:253160102210455, task_sched_time:253161765685373
app_id: 0, app_name: SAR_api-aarch64, task_id: 1858, task_name: DASH_FFT, resource_name: cpu1, ref_start_time: 253161766237373, ref_stop_time: 253161766278173, actual_exe_time: 40800, task_app_start_time:253160102210455, task_sched_time:253161766233623
app_id: 0, app_name: SAR_api-aarch64, task_id: 1859, task_name: DASH_ZIP, resource_name: cpu2, ref_start_time: 253161766767143, ref_stop_time: 253161766843463, actual_exe_time: 76320, task_app_start_time:253160102210455, task_sched_time:253161766758443
app_id: 0, app_name: SAR_api-aarch64, task_id: 1860, task_name: DASH_FFT, resource_name: cpu3, ref_start_time: 253161767198693, ref_stop_time: 253161767250773, actual_exe_time: 52080, task_app_start_time:253160102210455, task_sched_time:253161767164883
app_id: 0, app_name: SAR_api-aarch64, task_id: 1861, task_name: DASH_ZIP, resource_name: zip1, ref_start_time: 253161767593223, ref_stop_time: 253161767710463, actual_exe_time: 117240, task_app_start_time:253160102210455, task_sched_time:253161767566493
app_id: 0, app_name: SAR_api-aarch64, task_id: 1862, task_name: DASH_FFT, resource_name: cpu1, ref_start_time: 253161768331733, ref_stop_time: 253161768372593, actual_exe_time: 40860, task_app_start_time:253160102210455, task_sched_time:253161768327863
app_id: 0, app_name: SAR_api-aarch64, task_id: 1863, task_name: DASH_ZIP, resource_name: cpu2, ref_start_time: 253161768841853, ref_stop_time: 253161768918173, actual_exe_time: 76320, task_app_start_time:253160102210455, task_sched_time:253161768833963
app_id: 0, app_name: SAR_api-aarch64, task_id: 1864, task_name: DASH_FFT, resource_name: cpu3, ref_start_time: 253161769131503, ref_stop_time: 253161769323834, actual_exe_time: 192331, task_app_start_time:253160102210455, task_sched_time:253161769123163
app_id: 0, app_name: SAR_api-aarch64, task_id: 1865, task_name: DASH_ZIP, resource_name: zip1, ref_start_time: 253161769951464, ref_stop_time: 253161770070354, actual_exe_time: 118890, task_app_start_time:253160102210455, task_sched_time:253161769907424
app_id: 0, app_name: SAR_api-aarch64, task_id: 1866, task_name: DASH_FFT, resource_name: cpu1, ref_start_time: 253161770458104, ref_stop_time: 253161770498874, actual_exe_time: 40770, task_app_start_time:253160102210455, task_sched_time:253161770453724
app_id: 0, app_name: SAR_api-aarch64, task_id: 1867, task_name: DASH_ZIP, resource_name: cpu2, ref_start_time: 253161770980044, ref_stop_time: 253161771056364, actual_exe_time: 76320, task_app_start_time:253160102210455, task_sched_time:253161770977374
app_id: 0, app_name: SAR_api-aarch64, task_id: 1868, task_name: DASH_FFT, resource_name: cpu3, ref_start_time: 253161771372744, ref_stop_time: 253161771423954, actual_exe_time: 51210, task_app_start_time:253160102210455, task_sched_time:253161771369114
app_id: 0, app_name: SAR_api-aarch64, task_id: 1869, task_name: DASH_ZIP, resource_name: zip1, ref_start_time: 253161771781764, ref_stop_time: 253161771900354, actual_exe_time: 118590, task_app_start_time:253160102210455, task_sched_time:253161771767304
app_id: 0, app_name: SAR_api-aarch64, task_id: 1870, task_name: DASH_FFT, resource_name: cpu1, ref_start_time: 253161772578894, ref_stop_time: 253161772619934, actual_exe_time: 41040, task_app_start_time:253160102210455, task_sched_time:253161772566204
app_id: 0, app_name: SAR_api-aarch64, task_id: 1871, task_name: DASH_ZIP, resource_name: cpu2, ref_start_time: 253161773078094, ref_stop_time: 253161773154444, actual_exe_time: 76350, task_app_start_time:253160102210455, task_sched_time:253161773073384
app_id: 0, app_name: SAR_api-aarch64, task_id: 1872, task_name: DASH_FFT, resource_name: cpu3, ref_start_time: 253161773488674, ref_stop_time: 253161773539584, actual_exe_time: 50910, task_app_start_time:253160102210455, task_sched_time:253161773476764
app_id: 0, app_name: SAR_api-aarch64, task_id: 1873, task_name: DASH_ZIP, resource_name: zip1, ref_start_time: 253161774172944, ref_stop_time: 253161774289614, actual_exe_time: 116670, task_app_start_time:253160102210455, task_sched_time:253161774155694
app_id: 0, app_name: SAR_api-aarch64, task_id: 1874, task_name: DASH_FFT, resource_name: cpu1, ref_start_time: 253161774686274, ref_stop_time: 253161774727374, actual_exe_time: 41100, task_app_start_time:253160102210455, task_sched_time:253161774683214
app_id: 0, app_name: SAR_api-aarch64, task_id: 1875, task_name: DASH_ZIP, resource_name: cpu2, ref_start_time: 253161775186224, ref_stop_time: 253161775263144, actual_exe_time: 76920, task_app_start_time:253160102210455, task_sched_time:253161775183314
app_id: 0, app_name: SAR_api-aarch64, task_id: 1876, task_name: DASH_FFT, resource_name: cpu3, ref_start_time: 253161775619335, ref_stop_time: 253161775670635, actual_exe_time: 51300, task_app_start_time:253160102210455, task_sched_time:253161775588825
app_id: 0, app_name: SAR_api-aarch64, task_id: 1877, task_name: DASH_ZIP, resource_name: zip1, ref_start_time: 253161775992625, ref_stop_time: 253161776110945, actual_exe_time: 118320, task_app_start_time:253160102210455, task_sched_time:253161775942465
app_id: 0, app_name: SAR_api-aarch64, task_id: 1878, task_name: DASH_FFT, resource_name: cpu1, ref_start_time: 253161776747365, ref_stop_time: 253161776787865, actual_exe_time: 40500, task_app_start_time:253160102210455, task_sched_time:253161776743225
app_id: 0, app_name: SAR_api-aarch64, task_id: 1879, task_name: DASH_ZIP, resource_name: cpu2, ref_start_time: 253161777246385, ref_stop_time: 253161777323275, actual_exe_time: 76890, task_app_start_time:253160102210455, task_sched_time:253161777239575
app_id: 0, app_name: SAR_api-aarch64, task_id: 1880, task_name: DASH_FFT, resource_name: cpu3, ref_start_time: 253161777662605, ref_stop_time: 253161777713305, actual_exe_time: 50700, task_app_start_time:253160102210455, task_sched_time:253161777657745
app_id: 0, app_name: SAR_api-aarch64, task_id: 1881, task_name: DASH_ZIP, resource_name: zip1, ref_start_time: 253161778308385, ref_stop_time: 253161778425235, actual_exe_time: 116850, task_app_start_time:253160102210455, task_sched_time:253161778264645
app_id: 0, app_name: SAR_api-aarch64, task_id: 1882, task_name: DASH_FFT, resource_name: cpu1, ref_start_time: 253161778843045, ref_stop_time: 253161778884445, actual_exe_time: 41400, task_app_start_time:253160102210455, task_sched_time:253161778837285
app_id: 0, app_name: SAR_api-aarch64, task_id: 1883, task_name: DASH_ZIP, resource_name: cpu2, ref_start_time: 253161779334475, ref_stop_time: 253161779411785, actual_exe_time: 77310, task_app_start_time:253160102210455, task_sched_time:253161779331445
app_id: 0, app_name: SAR_api-aarch64, task_id: 1884, task_name: DASH_FFT, resource_name: cpu3, ref_start_time: 253161779817775, ref_stop_time: 253161779868655, actual_exe_time: 50880, task_app_start_time:253160102210455, task_sched_time:253161779762635
app_id: 0, app_name: SAR_api-aarch64, task_id: 1885, task_name: DASH_ZIP, resource_name: zip1, ref_start_time: 253161780213025, ref_stop_time: 253161780330355, actual_exe_time: 117330, task_app_start_time:253160102210455, task_sched_time:253161780208405
app_id: 0, app_name: SAR_api-aarch64, task_id: 1886, task_name: DASH_FFT, resource_name: cpu1, ref_start_time: 253161780943225, ref_stop_time: 253161780984325, actual_exe_time: 41100, task_app_start_time:253160102210455, task_sched_time:253161780940015
app_id: 0, app_name: SAR_api-aarch64, task_id: 1887, task_name: DASH_ZIP, resource_name: cpu2, ref_start_time: 253161781450915, ref_stop_time: 253161781527265, actual_exe_time: 76350, task_app_start_time:253160102210455, task_sched_time:253161781440985
app_id: 0, app_name: SAR_api-aarch64, task_id: 1888, task_name: DASH_FFT, resource_name: cpu3, ref_start_time: 253161781863806, ref_stop_time: 253161781914896, actual_exe_time: 51090, task_app_start_time:253160102210455, task_sched_time:253161781860206
app_id: 0, app_name: SAR_api-aarch64, task_id: 1889, task_name: DASH_ZIP, resource_name: zip1, ref_start_time: 253161782585666, ref_stop_time: 253161782702636, actual_exe_time: 116970, task_app_start_time:253160102210455, task_sched_time:253161782532986
app_id: 0, app_name: SAR_api-aarch64, task_id: 1890, task_name: DASH_FFT, resource_name: cpu1, ref_start_time: 253161783117296, ref_stop_time: 253161783158336, actual_exe_time: 41040, task_app_start_time:253160102210455, task_sched_time:253161783110576
app_id: 0, app_name: SAR_api-aarch64, task_id: 1891, task_name: DASH_ZIP, resource_name: cpu2, ref_start_time: 253161784562756, ref_stop_time: 253161784641836, actual_exe_time: 79080, task_app_start_time:253160102210455, task_sched_time:253161784555196
app_id: 0, app_name: SAR_api-aarch64, task_id: 1892, task_name: DASH_FFT, resource_name: cpu3, ref_start_time: 253161785023676, ref_stop_time: 253161785078666, actual_exe_time: 54990, task_app_start_time:253160102210455, task_sched_time:253161784973366
app_id: 0, app_name: SAR_api-aarch64, task_id: 1893, task_name: DASH_ZIP, resource_name: zip1, ref_start_time: 253161785405966, ref_stop_time: 253161785523476, actual_exe_time: 117510, task_app_start_time:253160102210455, task_sched_time:253161785397476
app_id: 0, app_name: SAR_api-aarch64, task_id: 1894, task_name: DASH_FFT, resource_name: cpu1, ref_start_time: 253161786228476, ref_stop_time: 253161786269456, actual_exe_time: 40980, task_app_start_time:253160102210455, task_sched_time:253161786219146
app_id: 0, app_name: SAR_api-aarch64, task_id: 1895, task_name: DASH_ZIP, resource_name: cpu2, ref_start_time: 253161786759026, ref_stop_time: 253161786836246, actual_exe_time: 77220, task_app_start_time:253160102210455, task_sched_time:253161786751436
app_id: 0, app_name: SAR_api-aarch64, task_id: 1896, task_name: DASH_FFT, resource_name: cpu3, ref_start_time: 253161787165466, ref_stop_time: 253161787227236, actual_exe_time: 61770, task_app_start_time:253160102210455, task_sched_time:253161787158656
app_id: 0, app_name: SAR_api-aarch64, task_id: 1897, task_name: DASH_ZIP, resource_name: zip1, ref_start_time: 253161787880547, ref_stop_time: 253161787997427, actual_exe_time: 116880, task_app_start_time:253160102210455, task_sched_time:253161787847997
app_id: 0, app_name: SAR_api-aarch64, task_id: 1898, task_name: DASH_FFT, resource_name: cpu1, ref_start_time: 253161788406237, ref_stop_time: 253161788447127, actual_exe_time: 40890, task_app_start_time:253160102210455, task_sched_time:253161788393757
app_id: 0, app_name: SAR_api-aarch64, task_id: 1899, task_name: DASH_ZIP, resource_name: cpu2, ref_start_time: 253161788893707, ref_stop_time: 253161788970837, actual_exe_time: 77130, task_app_start_time:253160102210455, task_sched_time:253161788890857
app_id: 0, app_name: SAR_api-aarch64, task_id: 1900, task_name: DASH_FFT, resource_name: cpu3, ref_start_time: 253161789291747, ref_stop_time: 253161789343617, actual_exe_time: 51870, task_app_start_time:253160102210455, task_sched_time:253161789287877
app_id: 0, app_name: SAR_api-aarch64, task_id: 1901, task_name: DASH_ZIP, resource_name: zip1, ref_start_time: 253161789925527, ref_stop_time: 253161790042377, actual_exe_time: 116850, task_app_start_time:253160102210455, task_sched_time:253161789921237
app_id: 0, app_name: SAR_api-aarch64, task_id: 1902, task_name: DASH_FFT, resource_name: cpu1, ref_start_time: 253161790313487, ref_stop_time: 253161790354137, actual_exe_time: 40650, task_app_start_time:253160102210455, task_sched_time:253161790299777
app_id: 0, app_name: SAR_api-aarch64, task_id: 1903, task_name: DASH_ZIP, resource_name: cpu2, ref_start_time: 253161790993857, ref_stop_time: 253161791071407, actual_exe_time: 77550, task_app_start_time:253160102210455, task_sched_time:253161790985337
app_id: 0, app_name: SAR_api-aarch64, task_id: 1904, task_name: DASH_FFT, resource_name: cpu3, ref_start_time: 253161791425077, ref_stop_time: 253161791477097, actual_exe_time: 52020, task_app_start_time:253160102210455, task_sched_time:253161791401497
app_id: 0, app_name: SAR_api-aarch64, task_id: 1905, task_name: DASH_ZIP, resource_name: zip1, ref_start_time: 253161792063387, ref_stop_time: 253161792180597, actual_exe_time: 117210, task_app_start_time:253160102210455, task_sched_time:253161792035937
app_id: 0, app_name: SAR_api-aarch64, task_id: 1906, task_name: DASH_FFT, resource_name: cpu1, ref_start_time: 253161792600657, ref_stop_time: 253161792642057, actual_exe_time: 41400, task_app_start_time:253160102210455, task_sched_time:253161792595467
app_id: 0, app_name: SAR_api-aarch64, task_id: 1907, task_name: DASH_ZIP, resource_name: cpu2, ref_start_time: 253161793099767, ref_stop_time: 253161793177017, actual_exe_time: 77250, task_app_start_time:253160102210455, task_sched_time:253161793091247
app_id: 0, app_name: SAR_api-aarch64, task_id: 1908, task_name: DASH_FFT, resource_name: cpu3, ref_start_time: 253161793501317, ref_stop_time: 253161793552257, actual_exe_time: 50940, task_app_start_time:253160102210455, task_sched_time:253161793490397
app_id: 0, app_name: SAR_api-aarch64, task_id: 1909, task_name: DASH_ZIP, resource_name: zip1, ref_start_time: 253161794219308, ref_stop_time: 253161794336008, actual_exe_time: 116700, task_app_start_time:253160102210455, task_sched_time:253161794165218
app_id: 0, app_name: SAR_api-aarch64, task_id: 1910, task_name: DASH_FFT, resource_name: cpu1, ref_start_time: 253161794628628, ref_stop_time: 253161794669668, actual_exe_time: 41040, task_app_start_time:253160102210455, task_sched_time:253161794617468
app_id: 0, app_name: SAR_api-aarch64, task_id: 1911, task_name: DASH_ZIP, resource_name: cpu2, ref_start_time: 253161795269788, ref_stop_time: 253161795346828, actual_exe_time: 77040, task_app_start_time:253160102210455, task_sched_time:253161795261688
app_id: 0, app_name: SAR_api-aarch64, task_id: 1912, task_name: DASH_FFT, resource_name: cpu3, ref_start_time: 253161795672208, ref_stop_time: 253161795723058, actual_exe_time: 50850, task_app_start_time:253160102210455, task_sched_time:253161795660808
app_id: 0, app_name: SAR_api-aarch64, task_id: 1913, task_name: DASH_ZIP, resource_name: zip1, ref_start_time: 253161796389058, ref_stop_time: 253161796505968, actual_exe_time: 116910, task_app_start_time:253160102210455, task_sched_time:253161796338898
app_id: 0, app_name: SAR_api-aarch64, task_id: 1914, task_name: DASH_FFT, resource_name: cpu1, ref_start_time: 253161796881538, ref_stop_time: 253161796922338, actual_exe_time: 40800, task_app_start_time:253160102210455, task_sched_time:253161796874098
app_id: 0, app_name: SAR_api-aarch64, task_id: 1915, task_name: DASH_ZIP, resource_name: cpu2, ref_start_time: 253161797365828, ref_stop_time: 253161797442538, actual_exe_time: 76710, task_app_start_time:253160102210455, task_sched_time:253161797358118
app_id: 0, app_name: SAR_api-aarch64, task_id: 1916, task_name: DASH_FFT, resource_name: cpu3, ref_start_time: 253161797645338, ref_stop_time: 253161797696128, actual_exe_time: 50790, task_app_start_time:253160102210455, task_sched_time:253161797576998
app_id: 0, app_name: SAR_api-aarch64, task_id: 1917, task_name: DASH_ZIP, resource_name: zip1, ref_start_time: 253161798408028, ref_stop_time: 253161798524938, actual_exe_time: 116910, task_app_start_time:253160102210455, task_sched_time:253161798381478
app_id: 0, app_name: SAR_api-aarch64, task_id: 1918, task_name: DASH_FFT, resource_name: cpu1, ref_start_time: 253161798927328, ref_stop_time: 253161798968548, actual_exe_time: 41220, task_app_start_time:253160102210455, task_sched_time:253161798923878
app_id: 0, app_name: SAR_api-aarch64, task_id: 1919, task_name: DASH_ZIP, resource_name: cpu2, ref_start_time: 253161799164358, ref_stop_time: 253161799241008, actual_exe_time: 76650, task_app_start_time:253160102210455, task_sched_time:253161799160038
app_id: 0, app_name: SAR_api-aarch64, task_id: 1920, task_name: DASH_FFT, resource_name: cpu3, ref_start_time: 253161799830238, ref_stop_time: 253161799880608, actual_exe_time: 50370, task_app_start_time:253160102210455, task_sched_time:253161799826758
app_id: 0, app_name: SAR_api-aarch64, task_id: 1921, task_name: DASH_ZIP, resource_name: zip1, ref_start_time: 253161800497229, ref_stop_time: 253161800614739, actual_exe_time: 117510, task_app_start_time:253160102210455, task_sched_time:253161800456789
app_id: 0, app_name: SAR_api-aarch64, task_id: 1922, task_name: DASH_FFT, resource_name: cpu1, ref_start_time: 253161801013319, ref_stop_time: 253161801054809, actual_exe_time: 41490, task_app_start_time:253160102210455, task_sched_time:253161801000959
app_id: 0, app_name: SAR_api-aarch64, task_id: 1923, task_name: DASH_ZIP, resource_name: cpu2, ref_start_time: 253161801516179, ref_stop_time: 253161801593579, actual_exe_time: 77400, task_app_start_time:253160102210455, task_sched_time:253161801507779
app_id: 0, app_name: SAR_api-aarch64, task_id: 1924, task_name: DASH_FFT, resource_name: cpu3, ref_start_time: 253161801957629, ref_stop_time: 253161802008659, actual_exe_time: 51030, task_app_start_time:253160102210455, task_sched_time:253161801909509
app_id: 0, app_name: SAR_api-aarch64, task_id: 1925, task_name: DASH_ZIP, resource_name: zip1, ref_start_time: 253161802648499, ref_stop_time: 253161802766069, actual_exe_time: 117570, task_app_start_time:253160102210455, task_sched_time:253161802602209
app_id: 0, app_name: SAR_api-aarch64, task_id: 1926, task_name: DASH_FFT, resource_name: cpu1, ref_start_time: 253161803047499, ref_stop_time: 253161803088479, actual_exe_time: 40980, task_app_start_time:253160102210455, task_sched_time:253161803044019
app_id: 0, app_name: SAR_api-aarch64, task_id: 1927, task_name: DASH_ZIP, resource_name: cpu2, ref_start_time: 253161803658749, ref_stop_time: 253161803736359, actual_exe_time: 77610, task_app_start_time:253160102210455, task_sched_time:253161803649149
app_id: 0, app_name: SAR_api-aarch64, task_id: 1928, task_name: DASH_FFT, resource_name: cpu3, ref_start_time: 253161803961539, ref_stop_time: 253161804012959, actual_exe_time: 51420, task_app_start_time:253160102210455, task_sched_time:253161803957249
app_id: 0, app_name: SAR_api-aarch64, task_id: 1929, task_name: DASH_ZIP, resource_name: zip1, ref_start_time: 253161804685289, ref_stop_time: 253161804802109, actual_exe_time: 116820, task_app_start_time:253160102210455, task_sched_time:253161804640559
app_id: 0, app_name: SAR_api-aarch64, task_id: 1930, task_name: DASH_FFT, resource_name: cpu1, ref_start_time: 253161805068839, ref_stop_time: 253161805109789, actual_exe_time: 40950, task_app_start_time:253160102210455, task_sched_time:253161805061729
app_id: 0, app_name: SAR_api-aarch64, task_id: 1931, task_name: DASH_ZIP, resource_name: cpu2, ref_start_time: 253161805810409, ref_stop_time: 253161805887179, actual_exe_time: 76770, task_app_start_time:253160102210455, task_sched_time:253161805800809
app_id: 0, app_name: SAR_api-aarch64, task_id: 1932, task_name: DASH_FFT, resource_name: cpu3, ref_start_time: 253161806244179, ref_stop_time: 253161806295479, actual_exe_time: 51300, task_app_start_time:253160102210455, task_sched_time:253161806211149
app_id: 0, app_name: SAR_api-aarch64, task_id: 1933, task_name: DASH_ZIP, resource_name: zip1, ref_start_time: 253161806907540, ref_stop_time: 253161807025740, actual_exe_time: 118200, task_app_start_time:253160102210455, task_sched_time:253161806889420
app_id: 0, app_name: SAR_api-aarch64, task_id: 1934, task_name: DASH_FFT, resource_name: cpu1, ref_start_time: 253161807407610, ref_stop_time: 253161807449010, actual_exe_time: 41400, task_app_start_time:253160102210455, task_sched_time:253161807395280
app_id: 0, app_name: SAR_api-aarch64, task_id: 1935, task_name: DASH_ZIP, resource_name: cpu2, ref_start_time: 253161807919230, ref_stop_time: 253161807995730, actual_exe_time: 76500, task_app_start_time:253160102210455, task_sched_time:253161807913020
app_id: 0, app_name: SAR_api-aarch64, task_id: 1936, task_name: DASH_FFT, resource_name: cpu3, ref_start_time: 253161808315770, ref_stop_time: 253161808366620, actual_exe_time: 50850, task_app_start_time:253160102210455, task_sched_time:253161808312020
app_id: 0, app_name: SAR_api-aarch64, task_id: 1937, task_name: DASH_ZIP, resource_name: zip1, ref_start_time: 253161808963020, ref_stop_time: 253161809079750, actual_exe_time: 116730, task_app_start_time:253160102210455, task_sched_time:253161808922520
app_id: 0, app_name: SAR_api-aarch64, task_id: 1938, task_name: DASH_FFT, resource_name: cpu1, ref_start_time: 253161809400600, ref_stop_time: 253161809441640, actual_exe_time: 41040, task_app_start_time:253160102210455, task_sched_time:253161809387340
app_id: 0, app_name: SAR_api-aarch64, task_id: 1939, task_name: DASH_ZIP, resource_name: cpu2, ref_start_time: 253161809985000, ref_stop_time: 253161810061620, actual_exe_time: 76620, task_app_start_time:253160102210455, task_sched_time:253161809980890
app_id: 0, app_name: SAR_api-aarch64, task_id: 1940, task_name: DASH_FFT, resource_name: cpu3, ref_start_time: 253161810252690, ref_stop_time: 253161810303540, actual_exe_time: 50850, task_app_start_time:253160102210455, task_sched_time:253161810224760
app_id: 0, app_name: SAR_api-aarch64, task_id: 1941, task_name: DASH_ZIP, resource_name: zip1, ref_start_time: 253161811093920, ref_stop_time: 253161811210800, actual_exe_time: 116880, task_app_start_time:253160102210455, task_sched_time:253161811038510
app_id: 0, app_name: SAR_api-aarch64, task_id: 1942, task_name: DASH_FFT, resource_name: cpu1, ref_start_time: 253161811622250, ref_stop_time: 253161811663530, actual_exe_time: 41280, task_app_start_time:253160102210455, task_sched_time:253161811611060
app_id: 0, app_name: SAR_api-aarch64, task_id: 1943, task_name: DASH_ZIP, resource_name: cpu2, ref_start_time: 253161812121330, ref_stop_time: 253161812198070, actual_exe_time: 76740, task_app_start_time:253160102210455, task_sched_time:253161812117040
app_id: 0, app_name: SAR_api-aarch64, task_id: 1944, task_name: DASH_FFT, resource_name: cpu3, ref_start_time: 253161812523330, ref_stop_time: 253161812574600, actual_exe_time: 51270, task_app_start_time:253160102210455, task_sched_time:253161812519700
app_id: 0, app_name: SAR_api-aarch64, task_id: 1945, task_name: DASH_ZIP, resource_name: zip1, ref_start_time: 253161813171631, ref_stop_time: 253161813288181, actual_exe_time: 116550, task_app_start_time:253160102210455, task_sched_time:253161813130321
app_id: 0, app_name: SAR_api-aarch64, task_id: 1946, task_name: DASH_FFT, resource_name: cpu1, ref_start_time: 253161813824161, ref_stop_time: 253161813865471, actual_exe_time: 41310, task_app_start_time:253160102210455, task_sched_time:253161813813421
app_id: 0, app_name: SAR_api-aarch64, task_id: 1947, task_name: DASH_ZIP, resource_name: cpu2, ref_start_time: 253161814249141, ref_stop_time: 253161814325791, actual_exe_time: 76650, task_app_start_time:253160102210455, task_sched_time:253161814243081
app_id: 0, app_name: SAR_api-aarch64, task_id: 1948, task_name: DASH_FFT, resource_name: cpu3, ref_start_time: 253161814765711, ref_stop_time: 253161814817581, actual_exe_time: 51870, task_app_start_time:253160102210455, task_sched_time:253161814758751
app_id: 0, app_name: SAR_api-aarch64, task_id: 1949, task_name: DASH_ZIP, resource_name: zip1, ref_start_time: 253161815337211, ref_stop_time: 253161815453461, actual_exe_time: 116250, task_app_start_time:253160102210455, task_sched_time:253161815332111
app_id: 0, app_name: SAR_api-aarch64, task_id: 1950, task_name: DASH_FFT, resource_name: cpu1, ref_start_time: 253161815934571, ref_stop_time: 253161815975851, actual_exe_time: 41280, task_app_start_time:253160102210455, task_sched_time:253161815924731
app_id: 0, app_name: SAR_api-aarch64, task_id: 1951, task_name: DASH_ZIP, resource_name: cpu2, ref_start_time: 253161816194911, ref_stop_time: 253161816272431, actual_exe_time: 77520, task_app_start_time:253160102210455, task_sched_time:253161816185791
app_id: 0, app_name: SAR_api-aarch64, task_id: 1952, task_name: DASH_FFT, resource_name: cpu3, ref_start_time: 253161816909331, ref_stop_time: 253161816960511, actual_exe_time: 51180, task_app_start_time:253160102210455, task_sched_time:253161816852661
app_id: 0, app_name: SAR_api-aarch64, task_id: 1953, task_name: DASH_ZIP, resource_name: zip1, ref_start_time: 253161817558111, ref_stop_time: 253161817675501, actual_exe_time: 117390, task_app_start_time:253160102210455, task_sched_time:253161817512571
app_id: 0, app_name: SAR_api-aarch64, task_id: 1954, task_name: DASH_FFT, resource_name: cpu1, ref_start_time: 253161818131321, ref_stop_time: 253161818171911, actual_exe_time: 40590, task_app_start_time:253160102210455, task_sched_time:253161818124841
app_id: 0, app_name: SAR_api-aarch64, task_id: 1955, task_name: DASH_ZIP, resource_name: cpu2, ref_start_time: 253161818637691, ref_stop_time: 253161818714131, actual_exe_time: 76440, task_app_start_time:253160102210455, task_sched_time:253161818630971
app_id: 0, app_name: SAR_api-aarch64, task_id: 1956, task_name: DASH_FFT, resource_name: cpu3, ref_start_time: 253161819044402, ref_stop_time: 253161819102452, actual_exe_time: 58050, task_app_start_time:253160102210455, task_sched_time:253161819033692
app_id: 0, app_name: SAR_api-aarch64, task_id: 1957, task_name: DASH_ZIP, resource_name: zip1, ref_start_time: 253161819738212, ref_stop_time: 253161819857522, actual_exe_time: 119310, task_app_start_time:253160102210455, task_sched_time:253161819719132
app_id: 0, app_name: SAR_api-aarch64, task_id: 1958, task_name: DASH_FFT, resource_name: cpu1, ref_start_time: 253161821807012, ref_stop_time: 253161821853062, actual_exe_time: 46050, task_app_start_time:253160102210455, task_sched_time:253161821796032
app_id: 0, app_name: SAR_api-aarch64, task_id: 1959, task_name: DASH_ZIP, resource_name: cpu2, ref_start_time: 253161822334412, ref_stop_time: 253161822413102, actual_exe_time: 78690, task_app_start_time:253160102210455, task_sched_time:253161822327392
app_id: 0, app_name: SAR_api-aarch64, task_id: 1960, task_name: DASH_FFT, resource_name: cpu3, ref_start_time: 253161822626522, ref_stop_time: 253161822683492, actual_exe_time: 56970, task_app_start_time:253160102210455, task_sched_time:253161822621452
app_id: 0, app_name: SAR_api-aarch64, task_id: 1961, task_name: DASH_ZIP, resource_name: zip1, ref_start_time: 253161823429112, ref_stop_time: 253161823547162, actual_exe_time: 118050, task_app_start_time:253160102210455, task_sched_time:253161823399862
app_id: 0, app_name: SAR_api-aarch64, task_id: 1962, task_name: DASH_FFT, resource_name: cpu1, ref_start_time: 253161823932992, ref_stop_time: 253161823974272, actual_exe_time: 41280, task_app_start_time:253160102210455, task_sched_time:253161823927412
app_id: 0, app_name: SAR_api-aarch64, task_id: 1963, task_name: DASH_ZIP, resource_name: cpu2, ref_start_time: 253161824487302, ref_stop_time: 253161824563982, actual_exe_time: 76680, task_app_start_time:253160102210455, task_sched_time:253161824479592
app_id: 0, app_name: SAR_api-aarch64, task_id: 1964, task_name: DASH_FFT, resource_name: cpu3, ref_start_time: 253161824952692, ref_stop_time: 253161825004682, actual_exe_time: 51990, task_app_start_time:253160102210455, task_sched_time:253161824903432
app_id: 0, app_name: SAR_api-aarch64, task_id: 1965, task_name: DASH_ZIP, resource_name: zip1, ref_start_time: 253161825973773, ref_stop_time: 253161826091223, actual_exe_time: 117450, task_app_start_time:253160102210455, task_sched_time:253161825969003
app_id: 0, app_name: SAR_api-aarch64, task_id: 1966, task_name: DASH_FFT, resource_name: cpu1, ref_start_time: 253161826485693, ref_stop_time: 253161826527063, actual_exe_time: 41370, task_app_start_time:253160102210455, task_sched_time:253161826475583
app_id: 0, app_name: SAR_api-aarch64, task_id: 1967, task_name: DASH_ZIP, resource_name: cpu2, ref_start_time: 253161826980153, ref_stop_time: 253161827057283, actual_exe_time: 77130, task_app_start_time:253160102210455, task_sched_time:253161826976463
app_id: 0, app_name: SAR_api-aarch64, task_id: 1968, task_name: DASH_FFT, resource_name: cpu3, ref_start_time: 253161827541543, ref_stop_time: 253161827595423, actual_exe_time: 53880, task_app_start_time:253160102210455, task_sched_time:253161827488443
app_id: 0, app_name: SAR_api-aarch64, task_id: 1969, task_name: DASH_ZIP, resource_name: zip1, ref_start_time: 253161828110643, ref_stop_time: 253161828227433, actual_exe_time: 116790, task_app_start_time:253160102210455, task_sched_time:253161828107163
app_id: 0, app_name: SAR_api-aarch64, task_id: 1970, task_name: DASH_FFT, resource_name: cpu1, ref_start_time: 253161828749403, ref_stop_time: 253161828791403, actual_exe_time: 42000, task_app_start_time:253160102210455, task_sched_time:253161828739383
app_id: 0, app_name: SAR_api-aarch64, task_id: 1971, task_name: DASH_ZIP, resource_name: cpu2, ref_start_time: 253161829169913, ref_stop_time: 253161829246443, actual_exe_time: 76530, task_app_start_time:253160102210455, task_sched_time:253161829163823
app_id: 0, app_name: SAR_api-aarch64, task_id: 1972, task_name: DASH_FFT, resource_name: cpu3, ref_start_time: 253161829755273, ref_stop_time: 253161829805973, actual_exe_time: 50700, task_app_start_time:253160102210455, task_sched_time:253161829681263
app_id: 0, app_name: SAR_api-aarch64, task_id: 1973, task_name: DASH_ZIP, resource_name: zip1, ref_start_time: 253161830360343, ref_stop_time: 253161830477043, actual_exe_time: 116700, task_app_start_time:253160102210455, task_sched_time:253161830313573
app_id: 0, app_name: SAR_api-aarch64, task_id: 1974, task_name: DASH_FFT, resource_name: cpu1, ref_start_time: 253161830978073, ref_stop_time: 253161831019323, actual_exe_time: 41250, task_app_start_time:253160102210455, task_sched_time:253161830968023
app_id: 0, app_name: SAR_api-aarch64, task_id: 1975, task_name: DASH_ZIP, resource_name: cpu2, ref_start_time: 253161831413974, ref_stop_time: 253161831492274, actual_exe_time: 78300, task_app_start_time:253160102210455, task_sched_time:253161831408004
app_id: 0, app_name: SAR_api-aarch64, task_id: 1976, task_name: DASH_FFT, resource_name: cpu3, ref_start_time: 253161831875524, ref_stop_time: 253161832010824, actual_exe_time: 135300, task_app_start_time:253160102210455, task_sched_time:253161831865804
app_id: 0, app_name: SAR_api-aarch64, task_id: 1977, task_name: DASH_ZIP, resource_name: zip1, ref_start_time: 253161832379464, ref_stop_time: 253161832496704, actual_exe_time: 117240, task_app_start_time:253160102210455, task_sched_time:253161832371274
app_id: 0, app_name: SAR_api-aarch64, task_id: 1978, task_name: DASH_FFT, resource_name: cpu1, ref_start_time: 253161833057464, ref_stop_time: 253161833098054, actual_exe_time: 40590, task_app_start_time:253160102210455, task_sched_time:253161833047504
app_id: 0, app_name: SAR_api-aarch64, task_id: 1979, task_name: DASH_ZIP, resource_name: cpu2, ref_start_time: 253161833632834, ref_stop_time: 253161833710564, actual_exe_time: 77730, task_app_start_time:253160102210455, task_sched_time:253161833629294
app_id: 0, app_name: SAR_api-aarch64, task_id: 1980, task_name: DASH_FFT, resource_name: cpu3, ref_start_time: 253161833960764, ref_stop_time: 253161834011314, actual_exe_time: 50550, task_app_start_time:253160102210455, task_sched_time:253161833956294
app_id: 0, app_name: SAR_api-aarch64, task_id: 1981, task_name: DASH_ZIP, resource_name: zip1, ref_start_time: 253161834758494, ref_stop_time: 253161834875914, actual_exe_time: 117420, task_app_start_time:253160102210455, task_sched_time:253161834719344
app_id: 0, app_name: SAR_api-aarch64, task_id: 1982, task_name: DASH_FFT, resource_name: cpu1, ref_start_time: 253161835224274, ref_stop_time: 253161835265224, actual_exe_time: 40950, task_app_start_time:253160102210455, task_sched_time:253161835217284
app_id: 0, app_name: SAR_api-aarch64, task_id: 1983, task_name: DASH_ZIP, resource_name: cpu2, ref_start_time: 253161835816864, ref_stop_time: 253161835893634, actual_exe_time: 76770, task_app_start_time:253160102210455, task_sched_time:253161835808374
app_id: 0, app_name: SAR_api-aarch64, task_id: 1984, task_name: DASH_FFT, resource_name: cpu3, ref_start_time: 253161836101984, ref_stop_time: 253161836152684, actual_exe_time: 50700, task_app_start_time:253160102210455, task_sched_time:253161836095324
app_id: 0, app_name: SAR_api-aarch64, task_id: 1985, task_name: DASH_ZIP, resource_name: zip1, ref_start_time: 253161836897974, ref_stop_time: 253161837014584, actual_exe_time: 116610, task_app_start_time:253160102210455, task_sched_time:253161836887294
app_id: 0, app_name: SAR_api-aarch64, task_id: 1986, task_name: DASH_FFT, resource_name: cpu1, ref_start_time: 253161837429874, ref_stop_time: 253161837470614, actual_exe_time: 40740, task_app_start_time:253160102210455, task_sched_time:253161837418744
app_id: 0, app_name: SAR_api-aarch64, task_id: 1987, task_name: DASH_ZIP, resource_name: cpu2, ref_start_time: 253161837932285, ref_stop_time: 253161838009415, actual_exe_time: 77130, task_app_start_time:253160102210455, task_sched_time:253161837925295
app_id: 0, app_name: SAR_api-aarch64, task_id: 1988, task_name: DASH_FFT, resource_name: cpu3, ref_start_time: 253161838417355, ref_stop_time: 253161838468445, actual_exe_time: 51090, task_app_start_time:253160102210455, task_sched_time:253161838358945
app_id: 0, app_name: SAR_api-aarch64, task_id: 1989, task_name: DASH_ZIP, resource_name: zip1, ref_start_time: 253161839097035, ref_stop_time: 253161839215085, actual_exe_time: 118050, task_app_start_time:253160102210455, task_sched_time:253161839049935
app_id: 0, app_name: SAR_api-aarch64, task_id: 1990, task_name: DASH_FFT, resource_name: cpu1, ref_start_time: 253161839633075, ref_stop_time: 253161839674325, actual_exe_time: 41250, task_app_start_time:253160102210455, task_sched_time:253161839622395
app_id: 0, app_name: SAR_api-aarch64, task_id: 1991, task_name: DASH_ZIP, resource_name: cpu2, ref_start_time: 253161840147815, ref_stop_time: 253161840224405, actual_exe_time: 76590, task_app_start_time:253160102210455, task_sched_time:253161840138065
app_id: 0, app_name: SAR_api-aarch64, task_id: 1992, task_name: DASH_FFT, resource_name: cpu3, ref_start_time: 253161840413045, ref_stop_time: 253161840474665, actual_exe_time: 61620, task_app_start_time:253160102210455, task_sched_time:253161840388955
app_id: 0, app_name: SAR_api-aarch64, task_id: 1993, task_name: DASH_ZIP, resource_name: zip1, ref_start_time: 253161841218485, ref_stop_time: 253161841335605, actual_exe_time: 117120, task_app_start_time:253160102210455, task_sched_time:253161841199945
app_id: 0, app_name: SAR_api-aarch64, task_id: 1994, task_name: DASH_FFT, resource_name: cpu1, ref_start_time: 253161841727705, ref_stop_time: 253161841768475, actual_exe_time: 40770, task_app_start_time:253160102210455, task_sched_time:253161841721075
app_id: 0, app_name: SAR_api-aarch64, task_id: 1995, task_name: DASH_ZIP, resource_name: cpu2, ref_start_time: 253161842221115, ref_stop_time: 253161842297675, actual_exe_time: 76560, task_app_start_time:253160102210455, task_sched_time:253161842216795
app_id: 0, app_name: SAR_api-aarch64, task_id: 1996, task_name: DASH_FFT, resource_name: cpu3, ref_start_time: 253161842649125, ref_stop_time: 253161842700185, actual_exe_time: 51060, task_app_start_time:253160102210455, task_sched_time:253161842645495
app_id: 0, app_name: SAR_api-aarch64, task_id: 1997, task_name: DASH_ZIP, resource_name: zip1, ref_start_time: 253161843338795, ref_stop_time: 253161843455705, actual_exe_time: 116910, task_app_start_time:253160102210455, task_sched_time:253161843278915
app_id: 0, app_name: SAR_api-aarch64, task_id: 1998, task_name: DASH_FFT, resource_name: cpu1, ref_start_time: 253161843861216, ref_stop_time: 253161843902346, actual_exe_time: 41130, task_app_start_time:253160102210455, task_sched_time:253161843856326
app_id: 0, app_name: SAR_api-aarch64, task_id: 1999, task_name: DASH_ZIP, resource_name: cpu2, ref_start_time: 253161844363416, ref_stop_time: 253161844439856, actual_exe_time: 76440, task_app_start_time:253160102210455, task_sched_time:253161844358526
app_id: 0, app_name: SAR_api-aarch64, task_id: 2000, task_name: DASH_FFT, resource_name: cpu3, ref_start_time: 253161844610976, ref_stop_time: 253161844661976, actual_exe_time: 51000, task_app_start_time:253160102210455, task_sched_time:253161844601256
app_id: 0, app_name: SAR_api-aarch64, task_id: 2001, task_name: DASH_ZIP, resource_name: zip1, ref_start_time: 253161845374116, ref_stop_time: 253161845490786, actual_exe_time: 116670, task_app_start_time:253160102210455, task_sched_time:253161845364336
app_id: 0, app_name: SAR_api-aarch64, task_id: 2002, task_name: DASH_FFT, resource_name: cpu1, ref_start_time: 253161845890896, ref_stop_time: 253161845932266, actual_exe_time: 41370, task_app_start_time:253160102210455, task_sched_time:253161845878926
app_id: 0, app_name: SAR_api-aarch64, task_id: 2003, task_name: DASH_ZIP, resource_name: cpu2, ref_start_time: 253161846388806, ref_stop_time: 253161846465906, actual_exe_time: 77100, task_app_start_time:253160102210455, task_sched_time:253161846379116
app_id: 0, app_name: SAR_api-aarch64, task_id: 2004, task_name: DASH_FFT, resource_name: cpu3, ref_start_time: 253161846767676, ref_stop_time: 253161846819366, actual_exe_time: 51690, task_app_start_time:253160102210455, task_sched_time:253161846764676
app_id: 0, app_name: SAR_api-aarch64, task_id: 2005, task_name: DASH_ZIP, resource_name: zip1, ref_start_time: 253161847453656, ref_stop_time: 253161847570776, actual_exe_time: 117120, task_app_start_time:253160102210455, task_sched_time:253161847396356
app_id: 0, app_name: SAR_api-aarch64, task_id: 2006, task_name: DASH_FFT, resource_name: cpu1, ref_start_time: 253161847954716, ref_stop_time: 253161847995696, actual_exe_time: 40980, task_app_start_time:253160102210455, task_sched_time:253161847950546
app_id: 0, app_name: SAR_api-aarch64, task_id: 2007, task_name: DASH_ZIP, resource_name: cpu2, ref_start_time: 253161848190396, ref_stop_time: 253161848267316, actual_exe_time: 76920, task_app_start_time:253160102210455, task_sched_time:253161848183166
app_id: 0, app_name: SAR_api-aarch64, task_id: 2008, task_name: DASH_FFT, resource_name: cpu3, ref_start_time: 253161848956566, ref_stop_time: 253161849008286, actual_exe_time: 51720, task_app_start_time:253160102210455, task_sched_time:253161848952336
app_id: 0, app_name: SAR_api-aarch64, task_id: 2009, task_name: DASH_ZIP, resource_name: zip1, ref_start_time: 253161849719136, ref_stop_time: 253161849835776, actual_exe_time: 116640, task_app_start_time:253160102210455, task_sched_time:253161849629436
app_id: 0, app_name: SAR_api-aarch64, task_id: 2010, task_name: DASH_FFT, resource_name: cpu1, ref_start_time: 253161850279867, ref_stop_time: 253161850321207, actual_exe_time: 41340, task_app_start_time:253160102210455, task_sched_time:253161850268407
app_id: 0, app_name: SAR_api-aarch64, task_id: 2011, task_name: DASH_ZIP, resource_name: cpu2, ref_start_time: 253161850777897, ref_stop_time: 253161850855267, actual_exe_time: 77370, task_app_start_time:253160102210455, task_sched_time:253161850773067
app_id: 0, app_name: SAR_api-aarch64, task_id: 2012, task_name: DASH_FFT, resource_name: cpu3, ref_start_time: 253161851207437, ref_stop_time: 253161851259577, actual_exe_time: 52140, task_app_start_time:253160102210455, task_sched_time:253161851177947
app_id: 0, app_name: SAR_api-aarch64, task_id: 2013, task_name: DASH_ZIP, resource_name: zip1, ref_start_time: 253161851840617, ref_stop_time: 253161851957377, actual_exe_time: 116760, task_app_start_time:253160102210455, task_sched_time:253161851814067
app_id: 0, app_name: SAR_api-aarch64, task_id: 2014, task_name: DASH_FFT, resource_name: cpu1, ref_start_time: 253161852371947, ref_stop_time: 253161852413107, actual_exe_time: 41160, task_app_start_time:253160102210455, task_sched_time:253161852359587
app_id: 0, app_name: SAR_api-aarch64, task_id: 2015, task_name: DASH_ZIP, resource_name: cpu2, ref_start_time: 253161852800767, ref_stop_time: 253161852877657, actual_exe_time: 76890, task_app_start_time:253160102210455, task_sched_time:253161852791767
app_id: 0, app_name: SAR_api-aarch64, task_id: 2016, task_name: DASH_FFT, resource_name: cpu3, ref_start_time: 253161853325857, ref_stop_time: 253161853386547, actual_exe_time: 60690, task_app_start_time:253160102210455, task_sched_time:253161853320817
app_id: 0, app_name: SAR_api-aarch64, task_id: 2017, task_name: DASH_ZIP, resource_name: zip1, ref_start_time: 253161853910767, ref_stop_time: 253161854027767, actual_exe_time: 117000, task_app_start_time:253160102210455, task_sched_time:253161853903987
app_id: 0, app_name: SAR_api-aarch64, task_id: 2018, task_name: DASH_FFT, resource_name: cpu1, ref_start_time: 253161854611057, ref_stop_time: 253161854652337, actual_exe_time: 41280, task_app_start_time:253160102210455, task_sched_time:253161854602387
app_id: 0, app_name: SAR_api-aarch64, task_id: 2019, task_name: DASH_ZIP, resource_name: cpu2, ref_start_time: 253161854818807, ref_stop_time: 253161854895637, actual_exe_time: 76830, task_app_start_time:253160102210455, task_sched_time:253161854810857
app_id: 0, app_name: SAR_api-aarch64, task_id: 2020, task_name: DASH_FFT, resource_name: cpu3, ref_start_time: 253161855472057, ref_stop_time: 253161855522367, actual_exe_time: 50310, task_app_start_time:253160102210455, task_sched_time:253161855457627
app_id: 0, app_name: SAR_api-aarch64, task_id: 2021, task_name: DASH_ZIP, resource_name: zip1, ref_start_time: 253161856145947, ref_stop_time: 253161856262798, actual_exe_time: 116851, task_app_start_time:253160102210455, task_sched_time:253161856103197
app_id: 0, app_name: SAR_api-aarch64, task_id: 2022, task_name: DASH_FFT, resource_name: cpu1, ref_start_time: 253161856676798, ref_stop_time: 253161856717298, actual_exe_time: 40500, task_app_start_time:253160102210455, task_sched_time:253161856664858
app_id: 0, app_name: SAR_api-aarch64, task_id: 2023, task_name: DASH_ZIP, resource_name: cpu2, ref_start_time: 253161857173988, ref_stop_time: 253161857250638, actual_exe_time: 76650, task_app_start_time:253160102210455, task_sched_time:253161857167418
app_id: 0, app_name: SAR_api-aarch64, task_id: 2024, task_name: DASH_FFT, resource_name: cpu3, ref_start_time: 253161857576018, ref_stop_time: 253161857627258, actual_exe_time: 51240, task_app_start_time:253160102210455, task_sched_time:253161857571458
app_id: 0, app_name: SAR_api-aarch64, task_id: 2025, task_name: DASH_ZIP, resource_name: zip1, ref_start_time: 253161858284258, ref_stop_time: 253161858405668, actual_exe_time: 121410, task_app_start_time:253160102210455, task_sched_time:253161858243758
app_id: 0, app_name: SAR_api-aarch64, task_id: 2026, task_name: DASH_FFT, resource_name: cpu1, ref_start_time: 253161858812618, ref_stop_time: 253161858853898, actual_exe_time: 41280, task_app_start_time:253160102210455, task_sched_time:253161858804398
app_id: 0, app_name: SAR_api-aarch64, task_id: 2027, task_name: DASH_ZIP, resource_name: cpu2, ref_start_time: 253161859068518, ref_stop_time: 253161859145018, actual_exe_time: 76500, task_app_start_time:253160102210455, task_sched_time:253161859063958
app_id: 0, app_name: SAR_api-aarch64, task_id: 2028, task_name: DASH_FFT, resource_name: cpu3, ref_start_time: 253161859728698, ref_stop_time: 253161859779458, actual_exe_time: 50760, task_app_start_time:253160102210455, task_sched_time:253161859698458
app_id: 0, app_name: SAR_api-aarch64, task_id: 2029, task_name: DASH_ZIP, resource_name: zip1, ref_start_time: 253161860281178, ref_stop_time: 253161860397758, actual_exe_time: 116580, task_app_start_time:253160102210455, task_sched_time:253161860274968
app_id: 0, app_name: SAR_api-aarch64, task_id: 2030, task_name: DASH_FFT, resource_name: cpu1, ref_start_time: 253161860629298, ref_stop_time: 253161860670458, actual_exe_time: 41160, task_app_start_time:253160102210455, task_sched_time:253161860624798
app_id: 0, app_name: SAR_api-aarch64, task_id: 2031, task_name: DASH_ZIP, resource_name: cpu2, ref_start_time: 253161861272198, ref_stop_time: 253161861349568, actual_exe_time: 77370, task_app_start_time:253160102210455, task_sched_time:253161861265118
app_id: 0, app_name: SAR_api-aarch64, task_id: 2032, task_name: DASH_FFT, resource_name: cpu3, ref_start_time: 253161861685268, ref_stop_time: 253161861736118, actual_exe_time: 50850, task_app_start_time:253160102210455, task_sched_time:253161861682538
app_id: 0, app_name: SAR_api-aarch64, task_id: 2033, task_name: DASH_ZIP, resource_name: zip1, ref_start_time: 253161862337168, ref_stop_time: 253161862453659, actual_exe_time: 116491, task_app_start_time:253160102210455, task_sched_time:253161862291928
app_id: 0, app_name: SAR_api-aarch64, task_id: 2034, task_name: DASH_FFT, resource_name: cpu1, ref_start_time: 253161862881759, ref_stop_time: 253161862923279, actual_exe_time: 41520, task_app_start_time:253160102210455, task_sched_time:253161862876329
app_id: 0, app_name: SAR_api-aarch64, task_id: 2035, task_name: DASH_ZIP, resource_name: cpu2, ref_start_time: 253161863383809, ref_stop_time: 253161863461089, actual_exe_time: 77280, task_app_start_time:253160102210455, task_sched_time:253161863376309
app_id: 0, app_name: SAR_api-aarch64, task_id: 2036, task_name: DASH_FFT, resource_name: cpu3, ref_start_time: 253161864140199, ref_stop_time: 253161864198039, actual_exe_time: 57840, task_app_start_time:253160102210455, task_sched_time:253161864135429
app_id: 0, app_name: SAR_api-aarch64, task_id: 2037, task_name: DASH_ZIP, resource_name: zip1, ref_start_time: 253161864918609, ref_stop_time: 253161865035699, actual_exe_time: 117090, task_app_start_time:253160102210455, task_sched_time:253161864902079
app_id: 0, app_name: SAR_api-aarch64, task_id: 2038, task_name: DASH_FFT, resource_name: cpu1, ref_start_time: 253161865400739, ref_stop_time: 253161865441629, actual_exe_time: 40890, task_app_start_time:253160102210455, task_sched_time:253161865388439
app_id: 0, app_name: SAR_api-aarch64, task_id: 2039, task_name: DASH_ZIP, resource_name: cpu2, ref_start_time: 253161865878189, ref_stop_time: 253161865954689, actual_exe_time: 76500, task_app_start_time:253160102210455, task_sched_time:253161865874289
app_id: 0, app_name: SAR_api-aarch64, task_id: 2040, task_name: DASH_FFT, resource_name: cpu3, ref_start_time: 253161866444619, ref_stop_time: 253161866495439, actual_exe_time: 50820, task_app_start_time:253160102210455, task_sched_time:253161866392599
app_id: 0, app_name: SAR_api-aarch64, task_id: 2041, task_name: DASH_ZIP, resource_name: zip1, ref_start_time: 253161867042219, ref_stop_time: 253161867159399, actual_exe_time: 117180, task_app_start_time:253160102210455, task_sched_time:253161867039249
app_id: 0, app_name: SAR_api-aarch64, task_id: 2042, task_name: DASH_FFT, resource_name: cpu1, ref_start_time: 253161867665769, ref_stop_time: 253161867706839, actual_exe_time: 41070, task_app_start_time:253160102210455, task_sched_time:253161867655929
app_id: 0, app_name: SAR_api-aarch64, task_id: 2043, task_name: DASH_ZIP, resource_name: cpu2, ref_start_time: 253161868085979, ref_stop_time: 253161868162869, actual_exe_time: 76890, task_app_start_time:253160102210455, task_sched_time:253161868081059
app_id: 0, app_name: SAR_api-aarch64, task_id: 2044, task_name: DASH_FFT, resource_name: cpu3, ref_start_time: 253161868616170, ref_stop_time: 253161868666510, actual_exe_time: 50340, task_app_start_time:253160102210455, task_sched_time:253161868576299
app_id: 0, app_name: SAR_api-aarch64, task_id: 2045, task_name: DASH_ZIP, resource_name: zip1, ref_start_time: 253161869226190, ref_stop_time: 253161869342410, actual_exe_time: 116220, task_app_start_time:253160102210455, task_sched_time:253161869215330
app_id: 0, app_name: SAR_api-aarch64, task_id: 2046, task_name: DASH_FFT, resource_name: cpu1, ref_start_time: 253161870469840, ref_stop_time: 253161870511270, actual_exe_time: 41430, task_app_start_time:253160102210455, task_sched_time:253161870459730
app_id: 0, app_name: SAR_api-aarch64, task_id: 2047, task_name: DASH_ZIP, resource_name: cpu2, ref_start_time: 253161870900700, ref_stop_time: 253161870978460, actual_exe_time: 77760, task_app_start_time:253160102210455, task_sched_time:253161870898000
app_id: 0, app_name: SAR_api-aarch64, task_id: 2048, task_name: DASH_FFT, resource_name: cpu3, ref_start_time: 253161871463740, ref_stop_time: 253161871519060, actual_exe_time: 55320, task_app_start_time:253160102210455, task_sched_time:253161871449880
app_id: 0, app_name: SAR_api-aarch64, task_id: 2049, task_name: DASH_ZIP, resource_name: zip1, ref_start_time: 253161872072560, ref_stop_time: 253161872190010, actual_exe_time: 117450, task_app_start_time:253160102210455, task_sched_time:253161872068540
app_id: 0, app_name: SAR_api-aarch64, task_id: 2050, task_name: DASH_FFT, resource_name: cpu1, ref_start_time: 253161872667640, ref_stop_time: 253161872708620, actual_exe_time: 40980, task_app_start_time:253160102210455, task_sched_time:253161872654230
app_id: 0, app_name: SAR_api-aarch64, task_id: 2051, task_name: DASH_ZIP, resource_name: cpu2, ref_start_time: 253161873084490, ref_stop_time: 253161873161500, actual_exe_time: 77010, task_app_start_time:253160102210455, task_sched_time:253161873076960
app_id: 0, app_name: SAR_api-aarch64, task_id: 2052, task_name: DASH_FFT, resource_name: cpu3, ref_start_time: 253161873651220, ref_stop_time: 253161873702340, actual_exe_time: 51120, task_app_start_time:253160102210455, task_sched_time:253161873595150
app_id: 0, app_name: SAR_api-aarch64, task_id: 2053, task_name: DASH_ZIP, resource_name: zip1, ref_start_time: 253161874208410, ref_stop_time: 253161874325110, actual_exe_time: 116700, task_app_start_time:253160102210455, task_sched_time:253161874202620
app_id: 0, app_name: SAR_api-aarch64, task_id: 2054, task_name: DASH_FFT, resource_name: cpu1, ref_start_time: 253161874807450, ref_stop_time: 253161874848461, actual_exe_time: 41011, task_app_start_time:253160102210455, task_sched_time:253161874804060
app_id: 0, app_name: SAR_api-aarch64, task_id: 2055, task_name: DASH_ZIP, resource_name: cpu2, ref_start_time: 253161875234411, ref_stop_time: 253161875310941, actual_exe_time: 76530, task_app_start_time:253160102210455, task_sched_time:253161875227541
app_id: 0, app_name: SAR_api-aarch64, task_id: 2056, task_name: DASH_FFT, resource_name: cpu3, ref_start_time: 253161875744891, ref_stop_time: 253161875795801, actual_exe_time: 50910, task_app_start_time:253160102210455, task_sched_time:253161875739941
app_id: 0, app_name: SAR_api-aarch64, task_id: 2057, task_name: DASH_ZIP, resource_name: zip1, ref_start_time: 253161876151541, ref_stop_time: 253161876268391, actual_exe_time: 116850, task_app_start_time:253160102210455, task_sched_time:253161876137501
app_id: 0, app_name: SAR_api-aarch64, task_id: 2058, task_name: DASH_FFT, resource_name: cpu1, ref_start_time: 253161876885101, ref_stop_time: 253161876925841, actual_exe_time: 40740, task_app_start_time:253160102210455, task_sched_time:253161876873041
app_id: 0, app_name: SAR_api-aarch64, task_id: 2059, task_name: DASH_ZIP, resource_name: cpu2, ref_start_time: 253161877470131, ref_stop_time: 253161877546511, actual_exe_time: 76380, task_app_start_time:253160102210455, task_sched_time:253161877462061
app_id: 0, app_name: SAR_api-aarch64, task_id: 2060, task_name: DASH_FFT, resource_name: cpu3, ref_start_time: 253161877862351, ref_stop_time: 253161877912751, actual_exe_time: 50400, task_app_start_time:253160102210455, task_sched_time:253161877858721
app_id: 0, app_name: SAR_api-aarch64, task_id: 2061, task_name: DASH_ZIP, resource_name: zip1, ref_start_time: 253161878530841, ref_stop_time: 253161878648411, actual_exe_time: 117570, task_app_start_time:253160102210455, task_sched_time:253161878487041
app_id: 0, app_name: SAR_api-aarch64, task_id: 2062, task_name: DASH_FFT, resource_name: cpu1, ref_start_time: 253161879019241, ref_stop_time: 253161879060401, actual_exe_time: 41160, task_app_start_time:253160102210455, task_sched_time:253161879014261
app_id: 0, app_name: SAR_api-aarch64, task_id: 2063, task_name: DASH_ZIP, resource_name: cpu2, ref_start_time: 253161879572201, ref_stop_time: 253161879648971, actual_exe_time: 76770, task_app_start_time:253160102210455, task_sched_time:253161879568991
app_id: 0, app_name: SAR_api-aarch64, task_id: 2064, task_name: DASH_FFT, resource_name: cpu3, ref_start_time: 253161879972581, ref_stop_time: 253161880024691, actual_exe_time: 52110, task_app_start_time:253160102210455, task_sched_time:253161879964211
app_id: 0, app_name: SAR_api-aarch64, task_id: 2065, task_name: DASH_ZIP, resource_name: zip1, ref_start_time: 253161880579841, ref_stop_time: 253161880697111, actual_exe_time: 117270, task_app_start_time:253160102210455, task_sched_time:253161880571651
app_id: 0, app_name: SAR_api-aarch64, task_id: 2066, task_name: DASH_FFT, resource_name: cpu1, ref_start_time: 253161881171022, ref_stop_time: 253161881212932, actual_exe_time: 41910, task_app_start_time:253160102210455, task_sched_time:253161881158902
app_id: 0, app_name: SAR_api-aarch64, task_id: 2067, task_name: DASH_ZIP, resource_name: cpu2, ref_start_time: 253161881592132, ref_stop_time: 253161881669202, actual_exe_time: 77070, task_app_start_time:253160102210455, task_sched_time:253161881586102
app_id: 0, app_name: SAR_api-aarch64, task_id: 2068, task_name: DASH_FFT, resource_name: cpu3, ref_start_time: 253161882079752, ref_stop_time: 253161882131232, actual_exe_time: 51480, task_app_start_time:253160102210455, task_sched_time:253161882072462
app_id: 0, app_name: SAR_api-aarch64, task_id: 2069, task_name: DASH_ZIP, resource_name: zip1, ref_start_time: 253161882698352, ref_stop_time: 253161882816402, actual_exe_time: 118050, task_app_start_time:253160102210455, task_sched_time:253161882650322
app_id: 0, app_name: SAR_api-aarch64, task_id: 2070, task_name: DASH_FFT, resource_name: cpu1, ref_start_time: 253161883273002, ref_stop_time: 253161883314102, actual_exe_time: 41100, task_app_start_time:253160102210455, task_sched_time:253161883269102
app_id: 0, app_name: SAR_api-aarch64, task_id: 2071, task_name: DASH_ZIP, resource_name: cpu2, ref_start_time: 253161883901562, ref_stop_time: 253161883978182, actual_exe_time: 76620, task_app_start_time:253160102210455, task_sched_time:253161883897902
app_id: 0, app_name: SAR_api-aarch64, task_id: 2072, task_name: DASH_FFT, resource_name: cpu3, ref_start_time: 253161884464032, ref_stop_time: 253161884516172, actual_exe_time: 52140, task_app_start_time:253160102210455, task_sched_time:253161884410512
app_id: 0, app_name: SAR_api-aarch64, task_id: 2073, task_name: DASH_ZIP, resource_name: zip1, ref_start_time: 253161884926302, ref_stop_time: 253161885046002, actual_exe_time: 119700, task_app_start_time:253160102210455, task_sched_time:253161884911002
app_id: 0, app_name: SAR_api-aarch64, task_id: 2074, task_name: DASH_FFT, resource_name: cpu1, ref_start_time: 253161885649692, ref_stop_time: 253161885691422, actual_exe_time: 41730, task_app_start_time:253160102210455, task_sched_time:253161885645672
app_id: 0, app_name: SAR_api-aarch64, task_id: 2075, task_name: DASH_ZIP, resource_name: cpu2, ref_start_time: 253161886150272, ref_stop_time: 253161886226442, actual_exe_time: 76170, task_app_start_time:253160102210455, task_sched_time:253161886146312
app_id: 0, app_name: SAR_api-aarch64, task_id: 2076, task_name: DASH_FFT, resource_name: cpu3, ref_start_time: 253161886564212, ref_stop_time: 253161886625682, actual_exe_time: 61470, task_app_start_time:253160102210455, task_sched_time:253161886539942
app_id: 0, app_name: SAR_api-aarch64, task_id: 2077, task_name: DASH_ZIP, resource_name: zip1, ref_start_time: 253161887249533, ref_stop_time: 253161887366803, actual_exe_time: 117270, task_app_start_time:253160102210455, task_sched_time:253161887209692
app_id: 0, app_name: SAR_api-aarch64, task_id: 2078, task_name: DASH_FFT, resource_name: cpu1, ref_start_time: 253161887739913, ref_stop_time: 253161887781043, actual_exe_time: 41130, task_app_start_time:253160102210455, task_sched_time:253161887735353
app_id: 0, app_name: SAR_api-aarch64, task_id: 2079, task_name: DASH_ZIP, resource_name: cpu2, ref_start_time: 253161888254323, ref_stop_time: 253161888331123, actual_exe_time: 76800, task_app_start_time:253160102210455, task_sched_time:253161888245923
app_id: 0, app_name: SAR_api-aarch64, task_id: 2080, task_name: DASH_FFT, resource_name: cpu3, ref_start_time: 253161888694273, ref_stop_time: 253161888751123, actual_exe_time: 56850, task_app_start_time:253160102210455, task_sched_time:253161888659173
app_id: 0, app_name: SAR_api-aarch64, task_id: 2081, task_name: DASH_ZIP, resource_name: zip1, ref_start_time: 253161889132213, ref_stop_time: 253161889254373, actual_exe_time: 122160, task_app_start_time:253160102210455, task_sched_time:253161889091653
app_id: 0, app_name: SAR_api-aarch64, task_id: 2082, task_name: DASH_FFT, resource_name: cpu1, ref_start_time: 253161889864993, ref_stop_time: 253161889905853, actual_exe_time: 40860, task_app_start_time:253160102210455, task_sched_time:253161889853623
app_id: 0, app_name: SAR_api-aarch64, task_id: 2083, task_name: DASH_ZIP, resource_name: cpu2, ref_start_time: 253161890363863, ref_stop_time: 253161890440423, actual_exe_time: 76560, task_app_start_time:253160102210455, task_sched_time:253161890355283
app_id: 0, app_name: SAR_api-aarch64, task_id: 2084, task_name: DASH_FFT, resource_name: cpu3, ref_start_time: 253161890877403, ref_stop_time: 253161890928403, actual_exe_time: 51000, task_app_start_time:253160102210455, task_sched_time:253161890792383
app_id: 0, app_name: SAR_api-aarch64, task_id: 2085, task_name: DASH_ZIP, resource_name: zip1, ref_start_time: 253161891529363, ref_stop_time: 253161891645823, actual_exe_time: 116460, task_app_start_time:253160102210455, task_sched_time:253161891512773
app_id: 0, app_name: SAR_api-aarch64, task_id: 2086, task_name: DASH_FFT, resource_name: cpu1, ref_start_time: 253161892043293, ref_stop_time: 253161892084363, actual_exe_time: 41070, task_app_start_time:253160102210455, task_sched_time:253161892031683
app_id: 0, app_name: SAR_api-aarch64, task_id: 2087, task_name: DASH_ZIP, resource_name: cpu2, ref_start_time: 253161892535263, ref_stop_time: 253161892611913, actual_exe_time: 76650, task_app_start_time:253160102210455, task_sched_time:253161892526653
app_id: 0, app_name: SAR_api-aarch64, task_id: 2088, task_name: DASH_FFT, resource_name: cpu3, ref_start_time: 253161893031853, ref_stop_time: 253161893083003, actual_exe_time: 51150, task_app_start_time:253160102210455, task_sched_time:253161892963093
app_id: 0, app_name: SAR_api-aarch64, task_id: 2089, task_name: DASH_ZIP, resource_name: zip1, ref_start_time: 253161893623784, ref_stop_time: 253161893746544, actual_exe_time: 122760, task_app_start_time:253160102210455, task_sched_time:253161893585924
app_id: 0, app_name: SAR_api-aarch64, task_id: 2090, task_name: DASH_FFT, resource_name: cpu1, ref_start_time: 253161894261914, ref_stop_time: 253161894303074, actual_exe_time: 41160, task_app_start_time:253160102210455, task_sched_time:253161894252554
app_id: 0, app_name: SAR_api-aarch64, task_id: 2091, task_name: DASH_ZIP, resource_name: cpu2, ref_start_time: 253161894692024, ref_stop_time: 253161894769214, actual_exe_time: 77190, task_app_start_time:253160102210455, task_sched_time:253161894682304
app_id: 0, app_name: SAR_api-aarch64, task_id: 2092, task_name: DASH_FFT, resource_name: cpu3, ref_start_time: 253161895185674, ref_stop_time: 253161895237424, actual_exe_time: 51750, task_app_start_time:253160102210455, task_sched_time:253161895180424
app_id: 0, app_name: SAR_api-aarch64, task_id: 2093, task_name: DASH_ZIP, resource_name: zip1, ref_start_time: 253161895588244, ref_stop_time: 253161895705544, actual_exe_time: 117300, task_app_start_time:253160102210455, task_sched_time:253161895581284
app_id: 0, app_name: SAR_api-aarch64, task_id: 2094, task_name: DASH_FFT, resource_name: cpu1, ref_start_time: 253161896323514, ref_stop_time: 253161896364854, actual_exe_time: 41340, task_app_start_time:253160102210455, task_sched_time:253161896315594
app_id: 0, app_name: SAR_api-aarch64, task_id: 2095, task_name: DASH_ZIP, resource_name: cpu2, ref_start_time: 253161896822954, ref_stop_time: 253161896899664, actual_exe_time: 76710, task_app_start_time:253160102210455, task_sched_time:253161896819564
app_id: 0, app_name: SAR_api-aarch64, task_id: 2096, task_name: DASH_FFT, resource_name: cpu3, ref_start_time: 253161897269204, ref_stop_time: 253161897323534, actual_exe_time: 54330, task_app_start_time:253160102210455, task_sched_time:253161897222824
app_id: 0, app_name: SAR_api-aarch64, task_id: 2097, task_name: DASH_ZIP, resource_name: zip1, ref_start_time: 253161897946484, ref_stop_time: 253161898063334, actual_exe_time: 116850, task_app_start_time:253160102210455, task_sched_time:253161897904994
app_id: 0, app_name: SAR_api-aarch64, task_id: 2098, task_name: DASH_FFT, resource_name: cpu1, ref_start_time: 253161898502714, ref_stop_time: 253161898543364, actual_exe_time: 40650, task_app_start_time:253160102210455, task_sched_time:253161898495694
app_id: 0, app_name: SAR_api-aarch64, task_id: 2099, task_name: DASH_ZIP, resource_name: cpu2, ref_start_time: 253161899002064, ref_stop_time: 253161899079554, actual_exe_time: 77490, task_app_start_time:253160102210455, task_sched_time:253161898998794
app_id: 0, app_name: SAR_api-aarch64, task_id: 2100, task_name: DASH_FFT, resource_name: cpu3, ref_start_time: 253161899408954, ref_stop_time: 253161899460164, actual_exe_time: 51210, task_app_start_time:253160102210455, task_sched_time:253161899400314
app_id: 0, app_name: SAR_api-aarch64, task_id: 2101, task_name: DASH_ZIP, resource_name: zip1, ref_start_time: 253161900140325, ref_stop_time: 253161900258135, actual_exe_time: 117810, task_app_start_time:253160102210455, task_sched_time:253161900135285
app_id: 0, app_name: SAR_api-aarch64, task_id: 2102, task_name: DASH_FFT, resource_name: cpu1, ref_start_time: 253161900795165, ref_stop_time: 253161900836865, actual_exe_time: 41700, task_app_start_time:253160102210455, task_sched_time:253161900786525
app_id: 0, app_name: SAR_api-aarch64, task_id: 2103, task_name: DASH_ZIP, resource_name: cpu2, ref_start_time: 253161901311075, ref_stop_time: 253161901387995, actual_exe_time: 76920, task_app_start_time:253160102210455, task_sched_time:253161901302165
app_id: 0, app_name: SAR_api-aarch64, task_id: 2104, task_name: DASH_FFT, resource_name: cpu3, ref_start_time: 253161901941255, ref_stop_time: 253161901993125, actual_exe_time: 51870, task_app_start_time:253160102210455, task_sched_time:253161901887165
app_id: 0, app_name: SAR_api-aarch64, task_id: 2105, task_name: DASH_ZIP, resource_name: zip1, ref_start_time: 253161902542725, ref_stop_time: 253161902659365, actual_exe_time: 116640, task_app_start_time:253160102210455, task_sched_time:253161902537655
app_id: 0, app_name: SAR_api-aarch64, task_id: 2106, task_name: DASH_FFT, resource_name: cpu1, ref_start_time: 253161903138855, ref_stop_time: 253161903180795, actual_exe_time: 41940, task_app_start_time:253160102210455, task_sched_time:253161903129075
app_id: 0, app_name: SAR_api-aarch64, task_id: 2107, task_name: DASH_ZIP, resource_name: cpu2, ref_start_time: 253161903415725, ref_stop_time: 253161903492285, actual_exe_time: 76560, task_app_start_time:253160102210455, task_sched_time:253161903410355
app_id: 0, app_name: SAR_api-aarch64, task_id: 2108, task_name: DASH_FFT, resource_name: cpu3, ref_start_time: 253161904041495, ref_stop_time: 253161904093305, actual_exe_time: 51810, task_app_start_time:253160102210455, task_sched_time:253161904034175
app_id: 0, app_name: SAR_api-aarch64, task_id: 2109, task_name: DASH_ZIP, resource_name: zip1, ref_start_time: 253161904731135, ref_stop_time: 253161904847805, actual_exe_time: 116670, task_app_start_time:253160102210455, task_sched_time:253161904672635
app_id: 0, app_name: SAR_api-aarch64, task_id: 2110, task_name: DASH_FFT, resource_name: cpu1, ref_start_time: 253161905209125, ref_stop_time: 253161905249745, actual_exe_time: 40620, task_app_start_time:253160102210455, task_sched_time:253161905195805
app_id: 0, app_name: SAR_api-aarch64, task_id: 2111, task_name: DASH_ZIP, resource_name: cpu2, ref_start_time: 253161905715165, ref_stop_time: 253161905791245, actual_exe_time: 76080, task_app_start_time:253160102210455, task_sched_time:253161905711775
app_id: 0, app_name: SAR_api-aarch64, task_id: 2112, task_name: DASH_FFT, resource_name: cpu3, ref_start_time: 253161905975896, ref_stop_time: 253161906027466, actual_exe_time: 51570, task_app_start_time:253160102210455, task_sched_time:253161905928256
app_id: 0, app_name: SAR_api-aarch64, task_id: 2113, task_name: DASH_ZIP, resource_name: zip1, ref_start_time: 253161906766756, ref_stop_time: 253161906883666, actual_exe_time: 116910, task_app_start_time:253160102210455, task_sched_time:253161906723646
app_id: 0, app_name: SAR_api-aarch64, task_id: 2114, task_name: DASH_FFT, resource_name: cpu1, ref_start_time: 253161907301866, ref_stop_time: 253161907343116, actual_exe_time: 41250, task_app_start_time:253160102210455, task_sched_time:253161907291366
app_id: 0, app_name: SAR_api-aarch64, task_id: 2115, task_name: DASH_ZIP, resource_name: cpu2, ref_start_time: 253161907797046, ref_stop_time: 253161907873756, actual_exe_time: 76710, task_app_start_time:253160102210455, task_sched_time:253161907792516
app_id: 0, app_name: SAR_api-aarch64, task_id: 2116, task_name: DASH_FFT, resource_name: cpu3, ref_start_time: 253161908159776, ref_stop_time: 253161908211256, actual_exe_time: 51480, task_app_start_time:253160102210455, task_sched_time:253161908125726
app_id: 0, app_name: SAR_api-aarch64, task_id: 2117, task_name: DASH_ZIP, resource_name: zip1, ref_start_time: 253161908930746, ref_stop_time: 253161909048376, actual_exe_time: 117630, task_app_start_time:253160102210455, task_sched_time:253161908877466
app_id: 0, app_name: SAR_api-aarch64, task_id: 2118, task_name: DASH_FFT, resource_name: cpu1, ref_start_time: 253161909260926, ref_stop_time: 253161909301636, actual_exe_time: 40710, task_app_start_time:253160102210455, task_sched_time:253161909257596
app_id: 0, app_name: SAR_api-aarch64, task_id: 2119, task_name: DASH_ZIP, resource_name: cpu2, ref_start_time: 253161909898636, ref_stop_time: 253161909974986, actual_exe_time: 76350, task_app_start_time:253160102210455, task_sched_time:253161909890836
app_id: 0, app_name: SAR_api-aarch64, task_id: 2120, task_name: DASH_FFT, resource_name: cpu3, ref_start_time: 253161910381546, ref_stop_time: 253161910433566, actual_exe_time: 52020, task_app_start_time:253160102210455, task_sched_time:253161910309936
app_id: 0, app_name: SAR_api-aarch64, task_id: 2121, task_name: DASH_ZIP, resource_name: zip1, ref_start_time: 253161911023366, ref_stop_time: 253161911140216, actual_exe_time: 116850, task_app_start_time:253160102210455, task_sched_time:253161910997356
app_id: 0, app_name: SAR_api-aarch64, task_id: 2122, task_name: DASH_FFT, resource_name: cpu1, ref_start_time: 253161911533336, ref_stop_time: 253161911574826, actual_exe_time: 41490, task_app_start_time:253160102210455, task_sched_time:253161911526676
app_id: 0, app_name: SAR_api-aarch64, task_id: 2123, task_name: DASH_ZIP, resource_name: cpu2, ref_start_time: 253161912069466, ref_stop_time: 253161912145547, actual_exe_time: 76081, task_app_start_time:253160102210455, task_sched_time:253161912056686
app_id: 0, app_name: SAR_api-aarch64, task_id: 2124, task_name: DASH_FFT, resource_name: cpu3, ref_start_time: 253161912462347, ref_stop_time: 253161912513827, actual_exe_time: 51480, task_app_start_time:253160102210455, task_sched_time:253161912459557
app_id: 0, app_name: SAR_api-aarch64, task_id: 2125, task_name: DASH_ZIP, resource_name: zip1, ref_start_time: 253161913025897, ref_stop_time: 253161913145597, actual_exe_time: 119700, task_app_start_time:253160102210455, task_sched_time:253161912996647
app_id: 0, app_name: SAR_api-aarch64, task_id: 2126, task_name: DASH_FFT, resource_name: cpu1, ref_start_time: 253161914042297, ref_stop_time: 253161914084537, actual_exe_time: 42240, task_app_start_time:253160102210455, task_sched_time:253161914030057
app_id: 0, app_name: SAR_api-aarch64, task_id: 2127, task_name: DASH_ZIP, resource_name: cpu2, ref_start_time: 253161914443157, ref_stop_time: 253161914519987, actual_exe_time: 76830, task_app_start_time:253160102210455, task_sched_time:253161914439947
app_id: 0, app_name: SAR_api-aarch64, task_id: 2128, task_name: DASH_FFT, resource_name: cpu3, ref_start_time: 253161915003017, ref_stop_time: 253161915060317, actual_exe_time: 57300, task_app_start_time:253160102210455, task_sched_time:253161914947607
app_id: 0, app_name: SAR_api-aarch64, task_id: 2129, task_name: DASH_ZIP, resource_name: zip1, ref_start_time: 253161915638897, ref_stop_time: 253161915757577, actual_exe_time: 118680, task_app_start_time:253160102210455, task_sched_time:253161915590837
app_id: 0, app_name: SAR_api-aarch64, task_id: 2130, task_name: DASH_FFT, resource_name: cpu1, ref_start_time: 253161916209557, ref_stop_time: 253161916250657, actual_exe_time: 41100, task_app_start_time:253160102210455, task_sched_time:253161916196087
app_id: 0, app_name: SAR_api-aarch64, task_id: 2131, task_name: DASH_ZIP, resource_name: cpu2, ref_start_time: 253161916631357, ref_stop_time: 253161916707827, actual_exe_time: 76470, task_app_start_time:253160102210455, task_sched_time:253161916626947
app_id: 0, app_name: SAR_api-aarch64, task_id: 2132, task_name: DASH_FFT, resource_name: cpu3, ref_start_time: 253161917153927, ref_stop_time: 253161917211137, actual_exe_time: 57210, task_app_start_time:253160102210455, task_sched_time:253161917117447
app_id: 0, app_name: SAR_api-aarch64, task_id: 2133, task_name: DASH_ZIP, resource_name: zip1, ref_start_time: 253161917714777, ref_stop_time: 253161917831777, actual_exe_time: 117000, task_app_start_time:253160102210455, task_sched_time:253161917711477
app_id: 0, app_name: SAR_api-aarch64, task_id: 2134, task_name: DASH_FFT, resource_name: cpu1, ref_start_time: 253161918304637, ref_stop_time: 253161918345048, actual_exe_time: 40411, task_app_start_time:253160102210455, task_sched_time:253161918299597
app_id: 0, app_name: SAR_api-aarch64, task_id: 2135, task_name: DASH_ZIP, resource_name: cpu2, ref_start_time: 253161918721818, ref_stop_time: 253161918798558, actual_exe_time: 76740, task_app_start_time:253160102210455, task_sched_time:253161918716808
app_id: 0, app_name: SAR_api-aarch64, task_id: 2136, task_name: DASH_FFT, resource_name: cpu3, ref_start_time: 253161919310568, ref_stop_time: 253161919371798, actual_exe_time: 61230, task_app_start_time:253160102210455, task_sched_time:253161919234998
app_id: 0, app_name: SAR_api-aarch64, task_id: 2137, task_name: DASH_ZIP, resource_name: zip1, ref_start_time: 253161919753968, ref_stop_time: 253161919878708, actual_exe_time: 124740, task_app_start_time:253160102210455, task_sched_time:253161919717608
app_id: 0, app_name: SAR_api-aarch64, task_id: 2138, task_name: DASH_FFT, resource_name: cpu1, ref_start_time: 253161920572068, ref_stop_time: 253161920613618, actual_exe_time: 41550, task_app_start_time:253160102210455, task_sched_time:253161920569128
app_id: 0, app_name: SAR_api-aarch64, task_id: 2139, task_name: DASH_ZIP, resource_name: cpu2, ref_start_time: 253161921076998, ref_stop_time: 253161921160308, actual_exe_time: 83310, task_app_start_time:253160102210455, task_sched_time:253161921069738
app_id: 0, app_name: SAR_api-aarch64, task_id: 2140, task_name: DASH_FFT, resource_name: cpu3, ref_start_time: 253161921516018, ref_stop_time: 253161921569808, actual_exe_time: 53790, task_app_start_time:253160102210455, task_sched_time:253161921505008
app_id: 0, app_name: SAR_api-aarch64, task_id: 2141, task_name: DASH_ZIP, resource_name: zip1, ref_start_time: 253161922209468, ref_stop_time: 253161922327338, actual_exe_time: 117870, task_app_start_time:253160102210455, task_sched_time:253161922155468
app_id: 0, app_name: SAR_api-aarch64, task_id: 2142, task_name: DASH_FFT, resource_name: cpu1, ref_start_time: 253161922692138, ref_stop_time: 253161922733358, actual_exe_time: 41220, task_app_start_time:253160102210455, task_sched_time:253161922679568
app_id: 0, app_name: SAR_api-aarch64, task_id: 2143, task_name: DASH_ZIP, resource_name: cpu2, ref_start_time: 253161922997058, ref_stop_time: 253161923073768, actual_exe_time: 76710, task_app_start_time:253160102210455, task_sched_time:253161922993278
app_id: 0, app_name: SAR_api-aarch64, task_id: 2144, task_name: DASH_FFT, resource_name: cpu3, ref_start_time: 253161923647608, ref_stop_time: 253161923698998, actual_exe_time: 51390, task_app_start_time:253160102210455, task_sched_time:253161923643888
app_id: 0, app_name: SAR_api-aarch64, task_id: 2145, task_name: DASH_ZIP, resource_name: zip1, ref_start_time: 253161924377568, ref_stop_time: 253161924494508, actual_exe_time: 116940, task_app_start_time:253160102210455, task_sched_time:253161924344388
app_id: 0, app_name: SAR_api-aarch64, task_id: 2146, task_name: DASH_FFT, resource_name: cpu1, ref_start_time: 253161924754459, ref_stop_time: 253161924795709, actual_exe_time: 41250, task_app_start_time:253160102210455, task_sched_time:253161924747079
app_id: 0, app_name: SAR_api-aarch64, task_id: 2147, task_name: DASH_ZIP, resource_name: cpu2, ref_start_time: 253161925403029, ref_stop_time: 253161925479409, actual_exe_time: 76380, task_app_start_time:253160102210455, task_sched_time:253161925396399
app_id: 0, app_name: SAR_api-aarch64, task_id: 2148, task_name: DASH_FFT, resource_name: cpu3, ref_start_time: 253161925809259, ref_stop_time: 253161925859809, actual_exe_time: 50550, task_app_start_time:253160102210455, task_sched_time:253161925797919
app_id: 0, app_name: SAR_api-aarch64, task_id: 2149, task_name: DASH_ZIP, resource_name: zip1, ref_start_time: 253161926527579, ref_stop_time: 253161926648629, actual_exe_time: 121050, task_app_start_time:253160102210455, task_sched_time:253161926480869
app_id: 0, app_name: SAR_api-aarch64, task_id: 2150, task_name: DASH_FFT, resource_name: cpu1, ref_start_time: 253161927065719, ref_stop_time: 253161927107149, actual_exe_time: 41430, task_app_start_time:253160102210455, task_sched_time:253161927054919
app_id: 0, app_name: SAR_api-aarch64, task_id: 2151, task_name: DASH_ZIP, resource_name: cpu2, ref_start_time: 253161927581179, ref_stop_time: 253161927657529, actual_exe_time: 76350, task_app_start_time:253160102210455, task_sched_time:253161927575179
app_id: 0, app_name: SAR_api-aarch64, task_id: 2152, task_name: DASH_FFT, resource_name: cpu3, ref_start_time: 253161927985519, ref_stop_time: 253161928035979, actual_exe_time: 50460, task_app_start_time:253160102210455, task_sched_time:253161927970369
app_id: 0, app_name: SAR_api-aarch64, task_id: 2153, task_name: DASH_ZIP, resource_name: zip1, ref_start_time: 253161928616839, ref_stop_time: 253161928733629, actual_exe_time: 116790, task_app_start_time:253160102210455, task_sched_time:253161928587229
app_id: 0, app_name: SAR_api-aarch64, task_id: 2154, task_name: DASH_FFT, resource_name: cpu1, ref_start_time: 253161928965679, ref_stop_time: 253161929006779, actual_exe_time: 41100, task_app_start_time:253160102210455, task_sched_time:253161928952779
app_id: 0, app_name: SAR_api-aarch64, task_id: 2155, task_name: DASH_ZIP, resource_name: cpu2, ref_start_time: 253161929759269, ref_stop_time: 253161929836399, actual_exe_time: 77130, task_app_start_time:253160102210455, task_sched_time:253161929754409
app_id: 0, app_name: SAR_api-aarch64, task_id: 2156, task_name: DASH_FFT, resource_name: cpu3, ref_start_time: 253161930153859, ref_stop_time: 253161930205819, actual_exe_time: 51960, task_app_start_time:253160102210455, task_sched_time:253161930145729
app_id: 0, app_name: SAR_api-aarch64, task_id: 2157, task_name: DASH_ZIP, resource_name: zip1, ref_start_time: 253161930863480, ref_stop_time: 253161930996980, actual_exe_time: 133500, task_app_start_time:253160102210455, task_sched_time:253161930860540
app_id: 0, app_name: SAR_api-aarch64, task_id: 2158, task_name: DASH_FFT, resource_name: cpu1, ref_start_time: 253161931413920, ref_stop_time: 253161931455080, actual_exe_time: 41160, task_app_start_time:253160102210455, task_sched_time:253161931408970
app_id: 0, app_name: SAR_api-aarch64, task_id: 2159, task_name: DASH_ZIP, resource_name: cpu2, ref_start_time: 253161931914740, ref_stop_time: 253161931991630, actual_exe_time: 76890, task_app_start_time:253160102210455, task_sched_time:253161931910270
app_id: 0, app_name: SAR_api-aarch64, task_id: 2160, task_name: DASH_FFT, resource_name: cpu3, ref_start_time: 253161932356490, ref_stop_time: 253161932414150, actual_exe_time: 57660, task_app_start_time:253160102210455, task_sched_time:253161932314610
app_id: 0, app_name: SAR_api-aarch64, task_id: 2161, task_name: DASH_ZIP, resource_name: zip1, ref_start_time: 253161932925470, ref_stop_time: 253161933042770, actual_exe_time: 117300, task_app_start_time:253160102210455, task_sched_time:253161932920430
app_id: 0, app_name: SAR_api-aarch64, task_id: 2162, task_name: DASH_FFT, resource_name: cpu1, ref_start_time: 253161933547370, ref_stop_time: 253161933588260, actual_exe_time: 40890, task_app_start_time:253160102210455, task_sched_time:253161933544010
app_id: 0, app_name: SAR_api-aarch64, task_id: 2163, task_name: DASH_ZIP, resource_name: cpu2, ref_start_time: 253161933970460, ref_stop_time: 253161934047200, actual_exe_time: 76740, task_app_start_time:253160102210455, task_sched_time:253161933964370
app_id: 0, app_name: SAR_api-aarch64, task_id: 2164, task_name: DASH_FFT, resource_name: cpu3, ref_start_time: 253161934327850, ref_stop_time: 253161934550840, actual_exe_time: 222990, task_app_start_time:253160102210455, task_sched_time:253161934324340
app_id: 0, app_name: SAR_api-aarch64, task_id: 2165, task_name: DASH_ZIP, resource_name: zip1, ref_start_time: 253161935057690, ref_stop_time: 253161935174870, actual_exe_time: 117180, task_app_start_time:253160102210455, task_sched_time:253161935045600
app_id: 0, app_name: SAR_api-aarch64, task_id: 2166, task_name: DASH_FFT, resource_name: cpu1, ref_start_time: 253161936717200, ref_stop_time: 253161936759050, actual_exe_time: 41850, task_app_start_time:253160102210455, task_sched_time:253161936713510
app_id: 0, app_name: SAR_api-aarch64, task_id: 2167, task_name: DASH_ZIP, resource_name: cpu2, ref_start_time: 253161936950630, ref_stop_time: 253161937028511, actual_exe_time: 77881, task_app_start_time:253160102210455, task_sched_time:253161936947510
app_id: 0, app_name: SAR_api-aarch64, task_id: 2168, task_name: DASH_FFT, resource_name: cpu3, ref_start_time: 253161937608171, ref_stop_time: 253161937662801, actual_exe_time: 54630, task_app_start_time:253160102210455, task_sched_time:253161937597971
app_id: 0, app_name: SAR_api-aarch64, task_id: 2169, task_name: DASH_ZIP, resource_name: zip1, ref_start_time: 253161938291271, ref_stop_time: 253161938410281, actual_exe_time: 119010, task_app_start_time:253160102210455, task_sched_time:253161938284491
app_id: 0, app_name: SAR_api-aarch64, task_id: 2170, task_name: DASH_FFT, resource_name: cpu1, ref_start_time: 253161938853531, ref_stop_time: 253161938894571, actual_exe_time: 41040, task_app_start_time:253160102210455, task_sched_time:253161938845971
app_id: 0, app_name: SAR_api-aarch64, task_id: 2171, task_name: DASH_ZIP, resource_name: cpu2, ref_start_time: 253161939350511, ref_stop_time: 253161939427041, actual_exe_time: 76530, task_app_start_time:253160102210455, task_sched_time:253161939340551
app_id: 0, app_name: SAR_api-aarch64, task_id: 2172, task_name: DASH_FFT, resource_name: cpu3, ref_start_time: 253161939786501, ref_stop_time: 253161939839151, actual_exe_time: 52650, task_app_start_time:253160102210455, task_sched_time:253161939747021
app_id: 0, app_name: SAR_api-aarch64, task_id: 2173, task_name: DASH_ZIP, resource_name: zip1, ref_start_time: 253161940477431, ref_stop_time: 253161940594791, actual_exe_time: 117360, task_app_start_time:253160102210455, task_sched_time:253161940416831
app_id: 0, app_name: SAR_api-aarch64, task_id: 2174, task_name: DASH_FFT, resource_name: cpu1, ref_start_time: 253161941005131, ref_stop_time: 253161941046111, actual_exe_time: 40980, task_app_start_time:253160102210455, task_sched_time:253161940994721
app_id: 0, app_name: SAR_api-aarch64, task_id: 2175, task_name: DASH_ZIP, resource_name: cpu2, ref_start_time: 253161941432241, ref_stop_time: 253161941509041, actual_exe_time: 76800, task_app_start_time:253160102210455, task_sched_time:253161941426031
app_id: 0, app_name: SAR_api-aarch64, task_id: 2176, task_name: DASH_FFT, resource_name: cpu3, ref_start_time: 253161941950701, ref_stop_time: 253161942002541, actual_exe_time: 51840, task_app_start_time:253160102210455, task_sched_time:253161941941911
app_id: 0, app_name: SAR_api-aarch64, task_id: 2177, task_name: DASH_ZIP, resource_name: zip1, ref_start_time: 253161942438231, ref_stop_time: 253161942566871, actual_exe_time: 128640, task_app_start_time:253160102210455, task_sched_time:253161942398151
app_id: 0, app_name: SAR_api-aarch64, task_id: 2178, task_name: DASH_FFT, resource_name: cpu1, ref_start_time: 253161943077111, ref_stop_time: 253161943117971, actual_exe_time: 40860, task_app_start_time:253160102210455, task_sched_time:253161943067121
app_id: 0, app_name: SAR_api-aarch64, task_id: 2179, task_name: DASH_ZIP, resource_name: cpu2, ref_start_time: 253161943329922, ref_stop_time: 253161943406842, actual_exe_time: 76920, task_app_start_time:253160102210455, task_sched_time:253161943324462
app_id: 0, app_name: SAR_api-aarch64, task_id: 2180, task_name: DASH_FFT, resource_name: cpu3, ref_start_time: 253161943955962, ref_stop_time: 253161944007532, actual_exe_time: 51570, task_app_start_time:253160102210455, task_sched_time:253161943952662
app_id: 0, app_name: SAR_api-aarch64, task_id: 2181, task_name: DASH_ZIP, resource_name: zip1, ref_start_time: 253161944598352, ref_stop_time: 253161944715202, actual_exe_time: 116850, task_app_start_time:253160102210455, task_sched_time:253161944557822
app_id: 0, app_name: SAR_api-aarch64, task_id: 2182, task_name: DASH_FFT, resource_name: cpu1, ref_start_time: 253161945074152, ref_stop_time: 253161945115132, actual_exe_time: 40980, task_app_start_time:253160102210455, task_sched_time:253161945068872
app_id: 0, app_name: SAR_api-aarch64, task_id: 2183, task_name: DASH_ZIP, resource_name: cpu2, ref_start_time: 253161945589492, ref_stop_time: 253161945665842, actual_exe_time: 76350, task_app_start_time:253160102210455, task_sched_time:253161945580882
app_id: 0, app_name: SAR_api-aarch64, task_id: 2184, task_name: DASH_FFT, resource_name: cpu3, ref_start_time: 253161945979402, ref_stop_time: 253161946030552, actual_exe_time: 51150, task_app_start_time:253160102210455, task_sched_time:253161945976732
app_id: 0, app_name: SAR_api-aarch64, task_id: 2185, task_name: DASH_ZIP, resource_name: zip1, ref_start_time: 253161946668652, ref_stop_time: 253161946785952, actual_exe_time: 117300, task_app_start_time:253160102210455, task_sched_time:253161946627792
app_id: 0, app_name: SAR_api-aarch64, task_id: 2186, task_name: DASH_FFT, resource_name: cpu1, ref_start_time: 253161947202172, ref_stop_time: 253161947243122, actual_exe_time: 40950, task_app_start_time:253160102210455, task_sched_time:253161947189392
app_id: 0, app_name: SAR_api-aarch64, task_id: 2187, task_name: DASH_ZIP, resource_name: cpu2, ref_start_time: 253161947463892, ref_stop_time: 253161947540992, actual_exe_time: 77100, task_app_start_time:253160102210455, task_sched_time:253161947460412
app_id: 0, app_name: SAR_api-aarch64, task_id: 2188, task_name: DASH_FFT, resource_name: cpu3, ref_start_time: 253161948180472, ref_stop_time: 253161948231172, actual_exe_time: 50700, task_app_start_time:253160102210455, task_sched_time:253161948152122
app_id: 0, app_name: SAR_api-aarch64, task_id: 2189, task_name: DASH_ZIP, resource_name: zip1, ref_start_time: 253161948830422, ref_stop_time: 253161948947362, actual_exe_time: 116940, task_app_start_time:253160102210455, task_sched_time:253161948812332
app_id: 0, app_name: SAR_api-aarch64, task_id: 2190, task_name: DASH_FFT, resource_name: cpu1, ref_start_time: 253161949335202, ref_stop_time: 253161949375852, actual_exe_time: 40650, task_app_start_time:253160102210455, task_sched_time:253161949330822
app_id: 0, app_name: SAR_api-aarch64, task_id: 2191, task_name: DASH_ZIP, resource_name: cpu2, ref_start_time: 253161949851323, ref_stop_time: 253161949927763, actual_exe_time: 76440, task_app_start_time:253160102210455, task_sched_time:253161949841453
app_id: 0, app_name: SAR_api-aarch64, task_id: 2192, task_name: DASH_FFT, resource_name: cpu3, ref_start_time: 253161950283803, ref_stop_time: 253161950335163, actual_exe_time: 51360, task_app_start_time:253160102210455, task_sched_time:253161950260943
app_id: 0, app_name: SAR_api-aarch64, task_id: 2193, task_name: DASH_ZIP, resource_name: zip1, ref_start_time: 253161950960753, ref_stop_time: 253161951077633, actual_exe_time: 116880, task_app_start_time:253160102210455, task_sched_time:253161950915513
app_id: 0, app_name: SAR_api-aarch64, task_id: 2194, task_name: DASH_FFT, resource_name: cpu1, ref_start_time: 253161952179653, ref_stop_time: 253161952221143, actual_exe_time: 41490, task_app_start_time:253160102210455, task_sched_time:253161952167323
app_id: 0, app_name: SAR_api-aarch64, task_id: 2195, task_name: DASH_ZIP, resource_name: cpu2, ref_start_time: 253161952708733, ref_stop_time: 253161952785053, actual_exe_time: 76320, task_app_start_time:253160102210455, task_sched_time:253161952702913
app_id: 0, app_name: SAR_api-aarch64, task_id: 2196, task_name: DASH_FFT, resource_name: cpu3, ref_start_time: 253161953208053, ref_stop_time: 253161953270093, actual_exe_time: 62040, task_app_start_time:253160102210455, task_sched_time:253161953134373
app_id: 0, app_name: SAR_api-aarch64, task_id: 2197, task_name: DASH_ZIP, resource_name: zip1, ref_start_time: 253161953860343, ref_stop_time: 253161953977403, actual_exe_time: 117060, task_app_start_time:253160102210455, task_sched_time:253161953832653
app_id: 0, app_name: SAR_api-aarch64, task_id: 2198, task_name: DASH_FFT, resource_name: cpu1, ref_start_time: 253161954380003, ref_stop_time: 253161954420683, actual_exe_time: 40680, task_app_start_time:253160102210455, task_sched_time:253161954377003
app_id: 0, app_name: SAR_api-aarch64, task_id: 2199, task_name: DASH_ZIP, resource_name: cpu2, ref_start_time: 253161954883853, ref_stop_time: 253161954960473, actual_exe_time: 76620, task_app_start_time:253160102210455, task_sched_time:253161954878153
app_id: 0, app_name: SAR_api-aarch64, task_id: 2200, task_name: DASH_FFT, resource_name: cpu3, ref_start_time: 253161955326863, ref_stop_time: 253161955378853, actual_exe_time: 51990, task_app_start_time:253160102210455, task_sched_time:253161955282613
app_id: 0, app_name: SAR_api-aarch64, task_id: 2201, task_name: DASH_ZIP, resource_name: zip1, ref_start_time: 253161955731084, ref_stop_time: 253161955847634, actual_exe_time: 116550, task_app_start_time:253160102210455, task_sched_time:253161955718154
app_id: 0, app_name: SAR_api-aarch64, task_id: 2202, task_name: DASH_FFT, resource_name: cpu1, ref_start_time: 253161956482134, ref_stop_time: 253161956523174, actual_exe_time: 41040, task_app_start_time:253160102210455, task_sched_time:253161956477544
app_id: 0, app_name: SAR_api-aarch64, task_id: 2203, task_name: DASH_ZIP, resource_name: cpu2, ref_start_time: 253161956978184, ref_stop_time: 253161957055614, actual_exe_time: 77430, task_app_start_time:253160102210455, task_sched_time:253161956973174
app_id: 0, app_name: SAR_api-aarch64, task_id: 2204, task_name: DASH_FFT, resource_name: cpu3, ref_start_time: 253161957479124, ref_stop_time: 253161957529974, actual_exe_time: 50850, task_app_start_time:253160102210455, task_sched_time:253161957402234
app_id: 0, app_name: SAR_api-aarch64, task_id: 2205, task_name: DASH_ZIP, resource_name: zip1, ref_start_time: 253161958345254, ref_stop_time: 253161958462884, actual_exe_time: 117630, task_app_start_time:253160102210455, task_sched_time:253161958334424
app_id: 0, app_name: SAR_api-aarch64, task_id: 2206, task_name: DASH_FFT, resource_name: cpu1, ref_start_time: 253161958845624, ref_stop_time: 253161958887654, actual_exe_time: 42030, task_app_start_time:253160102210455, task_sched_time:253161958833534
app_id: 0, app_name: SAR_api-aarch64, task_id: 2207, task_name: DASH_ZIP, resource_name: cpu2, ref_start_time: 253161959381124, ref_stop_time: 253161959457594, actual_exe_time: 76470, task_app_start_time:253160102210455, task_sched_time:253161959377614
app_id: 0, app_name: SAR_api-aarch64, task_id: 2208, task_name: DASH_FFT, resource_name: cpu3, ref_start_time: 253161959792484, ref_stop_time: 253161959845914, actual_exe_time: 53430, task_app_start_time:253160102210455, task_sched_time:253161959775654
app_id: 0, app_name: SAR_api-aarch64, task_id: 2209, task_name: DASH_ZIP, resource_name: zip1, ref_start_time: 253161960399984, ref_stop_time: 253161960518004, actual_exe_time: 118020, task_app_start_time:253160102210455, task_sched_time:253161960354354
app_id: 0, app_name: SAR_api-aarch64, task_id: 2210, task_name: DASH_FFT, resource_name: cpu1, ref_start_time: 253161961022694, ref_stop_time: 253161961063524, actual_exe_time: 40830, task_app_start_time:253160102210455, task_sched_time:253161961012014
app_id: 0, app_name: SAR_api-aarch64, task_id: 2211, task_name: DASH_ZIP, resource_name: cpu2, ref_start_time: 253161961280664, ref_stop_time: 253161961357284, actual_exe_time: 76620, task_app_start_time:253160102210455, task_sched_time:253161961272324
app_id: 0, app_name: SAR_api-aarch64, task_id: 2212, task_name: DASH_FFT, resource_name: cpu3, ref_start_time: 253161961944025, ref_stop_time: 253161961995205, actual_exe_time: 51180, task_app_start_time:253160102210455, task_sched_time:253161961910815
app_id: 0, app_name: SAR_api-aarch64, task_id: 2213, task_name: DASH_ZIP, resource_name: zip1, ref_start_time: 253161962632105, ref_stop_time: 253161962748775, actual_exe_time: 116670, task_app_start_time:253160102210455, task_sched_time:253161962590645
app_id: 0, app_name: SAR_api-aarch64, task_id: 2214, task_name: DASH_FFT, resource_name: cpu1, ref_start_time: 253161963160525, ref_stop_time: 253161963201925, actual_exe_time: 41400, task_app_start_time:253160102210455, task_sched_time:253161963153175
app_id: 0, app_name: SAR_api-aarch64, task_id: 2215, task_name: DASH_ZIP, resource_name: cpu2, ref_start_time: 253161963662485, ref_stop_time: 253161963739495, actual_exe_time: 77010, task_app_start_time:253160102210455, task_sched_time:253161963655585
app_id: 0, app_name: SAR_api-aarch64, task_id: 2216, task_name: DASH_FFT, resource_name: cpu3, ref_start_time: 253161964065775, ref_stop_time: 253161964118485, actual_exe_time: 52710, task_app_start_time:253160102210455, task_sched_time:253161964058875
app_id: 0, app_name: SAR_api-aarch64, task_id: 2217, task_name: DASH_ZIP, resource_name: zip1, ref_start_time: 253161964799695, ref_stop_time: 253161964916815, actual_exe_time: 117120, task_app_start_time:253160102210455, task_sched_time:253161964735405
app_id: 0, app_name: SAR_api-aarch64, task_id: 2218, task_name: DASH_FFT, resource_name: cpu1, ref_start_time: 253161965323135, ref_stop_time: 253161965364685, actual_exe_time: 41550, task_app_start_time:253160102210455, task_sched_time:253161965317795
app_id: 0, app_name: SAR_api-aarch64, task_id: 2219, task_name: DASH_ZIP, resource_name: cpu2, ref_start_time: 253161965816995, ref_stop_time: 253161965894065, actual_exe_time: 77070, task_app_start_time:253160102210455, task_sched_time:253161965810665
app_id: 0, app_name: SAR_api-aarch64, task_id: 2220, task_name: DASH_FFT, resource_name: cpu3, ref_start_time: 253161966378655, ref_stop_time: 253161966430315, actual_exe_time: 51660, task_app_start_time:253160102210455, task_sched_time:253161966324355
app_id: 0, app_name: SAR_api-aarch64, task_id: 2221, task_name: DASH_ZIP, resource_name: zip1, ref_start_time: 253161966815725, ref_stop_time: 253161966932665, actual_exe_time: 116940, task_app_start_time:253160102210455, task_sched_time:253161966809245
app_id: 0, app_name: SAR_api-aarch64, task_id: 2222, task_name: DASH_FFT, resource_name: cpu1, ref_start_time: 253161967333075, ref_stop_time: 253161967373935, actual_exe_time: 40860, task_app_start_time:253160102210455, task_sched_time:253161967324615
app_id: 0, app_name: SAR_api-aarch64, task_id: 2223, task_name: DASH_ZIP, resource_name: cpu2, ref_start_time: 253161967839805, ref_stop_time: 253161967916545, actual_exe_time: 76740, task_app_start_time:253160102210455, task_sched_time:253161967835365
app_id: 0, app_name: SAR_api-aarch64, task_id: 2224, task_name: DASH_FFT, resource_name: cpu3, ref_start_time: 253161968249636, ref_stop_time: 253161968301236, actual_exe_time: 51600, task_app_start_time:253160102210455, task_sched_time:253161968234666
app_id: 0, app_name: SAR_api-aarch64, task_id: 2225, task_name: DASH_ZIP, resource_name: zip1, ref_start_time: 253161968922506, ref_stop_time: 253161969039176, actual_exe_time: 116670, task_app_start_time:253160102210455, task_sched_time:253161968881646
app_id: 0, app_name: SAR_api-aarch64, task_id: 2226, task_name: DASH_FFT, resource_name: cpu1, ref_start_time: 253161969341636, ref_stop_time: 253161969382406, actual_exe_time: 40770, task_app_start_time:253160102210455, task_sched_time:253161969332066
app_id: 0, app_name: SAR_api-aarch64, task_id: 2227, task_name: DASH_ZIP, resource_name: cpu2, ref_start_time: 253161969817826, ref_stop_time: 253161969894386, actual_exe_time: 76560, task_app_start_time:253160102210455, task_sched_time:253161969810626
app_id: 0, app_name: SAR_api-aarch64, task_id: 2228, task_name: DASH_FFT, resource_name: cpu3, ref_start_time: 253161970297496, ref_stop_time: 253161970348766, actual_exe_time: 51270, task_app_start_time:253160102210455, task_sched_time:253161970293686
app_id: 0, app_name: SAR_api-aarch64, task_id: 2229, task_name: DASH_ZIP, resource_name: zip1, ref_start_time: 253161970861226, ref_stop_time: 253161970978286, actual_exe_time: 117060, task_app_start_time:253160102210455, task_sched_time:253161970857476
app_id: 0, app_name: SAR_api-aarch64, task_id: 2230, task_name: DASH_FFT, resource_name: cpu1, ref_start_time: 253161971464406, ref_stop_time: 253161971505806, actual_exe_time: 41400, task_app_start_time:253160102210455, task_sched_time:253161971453216
app_id: 0, app_name: SAR_api-aarch64, task_id: 2231, task_name: DASH_ZIP, resource_name: cpu2, ref_start_time: 253161971978576, ref_stop_time: 253161972055706, actual_exe_time: 77130, task_app_start_time:253160102210455, task_sched_time:253161971972336
app_id: 0, app_name: SAR_api-aarch64, task_id: 2232, task_name: DASH_FFT, resource_name: cpu3, ref_start_time: 253161972541616, ref_stop_time: 253161972592406, actual_exe_time: 50790, task_app_start_time:253160102210455, task_sched_time:253161972526976
app_id: 0, app_name: SAR_api-aarch64, task_id: 2233, task_name: DASH_ZIP, resource_name: zip1, ref_start_time: 253161972986156, ref_stop_time: 253161973130456, actual_exe_time: 144300, task_app_start_time:253160102210455, task_sched_time:253161972938096
app_id: 0, app_name: SAR_api-aarch64, task_id: 2234, task_name: DASH_FFT, resource_name: cpu1, ref_start_time: 253161973725446, ref_stop_time: 253161973766066, actual_exe_time: 40620, task_app_start_time:253160102210455, task_sched_time:253161973719746
app_id: 0, app_name: SAR_api-aarch64, task_id: 2235, task_name: DASH_ZIP, resource_name: cpu2, ref_start_time: 253161974225336, ref_stop_time: 253161974302017, actual_exe_time: 76681, task_app_start_time:253160102210455, task_sched_time:253161974216516
app_id: 0, app_name: SAR_api-aarch64, task_id: 2236, task_name: DASH_FFT, resource_name: cpu3, ref_start_time: 253161974675727, ref_stop_time: 253161974727897, actual_exe_time: 52170, task_app_start_time:253160102210455, task_sched_time:253161974625327
app_id: 0, app_name: SAR_api-aarch64, task_id: 2237, task_name: DASH_ZIP, resource_name: zip1, ref_start_time: 253161975336477, ref_stop_time: 253161975456387, actual_exe_time: 119910, task_app_start_time:253160102210455, task_sched_time:253161975311607
app_id: 0, app_name: SAR_api-aarch64, task_id: 2238, task_name: DASH_FFT, resource_name: cpu1, ref_start_time: 253161975862557, ref_stop_time: 253161975903357, actual_exe_time: 40800, task_app_start_time:253160102210455, task_sched_time:253161975854847
app_id: 0, app_name: SAR_api-aarch64, task_id: 2239, task_name: DASH_ZIP, resource_name: cpu2, ref_start_time: 253161976360077, ref_stop_time: 253161976436937, actual_exe_time: 76860, task_app_start_time:253160102210455, task_sched_time:253161976356927
app_id: 0, app_name: SAR_api-aarch64, task_id: 2240, task_name: DASH_FFT, resource_name: cpu3, ref_start_time: 253161976806897, ref_stop_time: 253161976858047, actual_exe_time: 51150, task_app_start_time:253160102210455, task_sched_time:253161976799457
app_id: 0, app_name: SAR_api-aarch64, task_id: 2241, task_name: DASH_ZIP, resource_name: zip1, ref_start_time: 253161977400597, ref_stop_time: 253161977522907, actual_exe_time: 122310, task_app_start_time:253160102210455, task_sched_time:253161977362257
app_id: 0, app_name: SAR_api-aarch64, task_id: 2242, task_name: DASH_FFT, resource_name: cpu1, ref_start_time: 253161978034197, ref_stop_time: 253161978075297, actual_exe_time: 41100, task_app_start_time:253160102210455, task_sched_time:253161978028467
app_id: 0, app_name: SAR_api-aarch64, task_id: 2243, task_name: DASH_ZIP, resource_name: cpu2, ref_start_time: 253161978528957, ref_stop_time: 253161978615237, actual_exe_time: 86280, task_app_start_time:253160102210455, task_sched_time:253161978522117
app_id: 0, app_name: SAR_api-aarch64, task_id: 2244, task_name: DASH_FFT, resource_name: cpu3, ref_start_time: 253161978782187, ref_stop_time: 253161978842727, actual_exe_time: 60540, task_app_start_time:253160102210455, task_sched_time:253161978724797
app_id: 0, app_name: SAR_api-aarch64, task_id: 2245, task_name: DASH_ZIP, resource_name: zip1, ref_start_time: 253161979606977, ref_stop_time: 253161979723797, actual_exe_time: 116820, task_app_start_time:253160102210455, task_sched_time:253161979563357
app_id: 0, app_name: SAR_api-aarch64, task_id: 2246, task_name: DASH_FFT, resource_name: cpu1, ref_start_time: 253161980132277, ref_stop_time: 253161980173437, actual_exe_time: 41160, task_app_start_time:253160102210455, task_sched_time:253161980128377
app_id: 0, app_name: SAR_api-aarch64, task_id: 2247, task_name: DASH_ZIP, resource_name: cpu2, ref_start_time: 253161980628928, ref_stop_time: 253161980705788, actual_exe_time: 76860, task_app_start_time:253160102210455, task_sched_time:253161980625298
app_id: 0, app_name: SAR_api-aarch64, task_id: 2248, task_name: DASH_FFT, resource_name: cpu3, ref_start_time: 253161981033568, ref_stop_time: 253161981084658, actual_exe_time: 51090, task_app_start_time:253160102210455, task_sched_time:253161981023728
app_id: 0, app_name: SAR_api-aarch64, task_id: 2249, task_name: DASH_ZIP, resource_name: zip1, ref_start_time: 253161981751498, ref_stop_time: 253161981868618, actual_exe_time: 117120, task_app_start_time:253160102210455, task_sched_time:253161981700108
app_id: 0, app_name: SAR_api-aarch64, task_id: 2250, task_name: DASH_FFT, resource_name: cpu1, ref_start_time: 253161982247608, ref_stop_time: 253161982288348, actual_exe_time: 40740, task_app_start_time:253160102210455, task_sched_time:253161982236058
app_id: 0, app_name: SAR_api-aarch64, task_id: 2251, task_name: DASH_ZIP, resource_name: cpu2, ref_start_time: 253161982505788, ref_stop_time: 253161982591678, actual_exe_time: 85890, task_app_start_time:253160102210455, task_sched_time:253161982497028
app_id: 0, app_name: SAR_api-aarch64, task_id: 2252, task_name: DASH_FFT, resource_name: cpu3, ref_start_time: 253161983130808, ref_stop_time: 253161983181958, actual_exe_time: 51150, task_app_start_time:253160102210455, task_sched_time:253161983123608
app_id: 0, app_name: SAR_api-aarch64, task_id: 2253, task_name: DASH_ZIP, resource_name: zip1, ref_start_time: 253161984169648, ref_stop_time: 253161984287098, actual_exe_time: 117450, task_app_start_time:253160102210455, task_sched_time:253161984082198
app_id: 0, app_name: SAR_api-aarch64, task_id: 2254, task_name: DASH_FFT, resource_name: cpu1, ref_start_time: 253161984706708, ref_stop_time: 253161984748168, actual_exe_time: 41460, task_app_start_time:253160102210455, task_sched_time:253161984693748
app_id: 0, app_name: SAR_api-aarch64, task_id: 2255, task_name: DASH_ZIP, resource_name: cpu2, ref_start_time: 253161985240498, ref_stop_time: 253161985317328, actual_exe_time: 76830, task_app_start_time:253160102210455, task_sched_time:253161985236958
app_id: 0, app_name: SAR_api-aarch64, task_id: 2256, task_name: DASH_FFT, resource_name: cpu3, ref_start_time: 253161985698688, ref_stop_time: 253161985759738, actual_exe_time: 61050, task_app_start_time:253160102210455, task_sched_time:253161985662238
app_id: 0, app_name: SAR_api-aarch64, task_id: 2257, task_name: DASH_ZIP, resource_name: zip1, ref_start_time: 253161986427688, ref_stop_time: 253161986544898, actual_exe_time: 117210, task_app_start_time:253160102210455, task_sched_time:253161986375788
app_id: 0, app_name: SAR_api-aarch64, task_id: 2258, task_name: DASH_FFT, resource_name: cpu1, ref_start_time: 253161986934929, ref_stop_time: 253161986976089, actual_exe_time: 41160, task_app_start_time:253160102210455, task_sched_time:253161986920439
app_id: 0, app_name: SAR_api-aarch64, task_id: 2259, task_name: DASH_ZIP, resource_name: cpu2, ref_start_time: 253161987359909, ref_stop_time: 253161987436799, actual_exe_time: 76890, task_app_start_time:253160102210455, task_sched_time:253161987352529
app_id: 0, app_name: SAR_api-aarch64, task_id: 2260, task_name: DASH_FFT, resource_name: cpu3, ref_start_time: 253161987857369, ref_stop_time: 253161987908489, actual_exe_time: 51120, task_app_start_time:253160102210455, task_sched_time:253161987846179
app_id: 0, app_name: SAR_api-aarch64, task_id: 2261, task_name: DASH_ZIP, resource_name: zip1, ref_start_time: 253161988286159, ref_stop_time: 253161988402649, actual_exe_time: 116490, task_app_start_time:253160102210455, task_sched_time:253161988283399
app_id: 0, app_name: SAR_api-aarch64, task_id: 2262, task_name: DASH_FFT, resource_name: cpu1, ref_start_time: 253161989045999, ref_stop_time: 253161989087189, actual_exe_time: 41190, task_app_start_time:253160102210455, task_sched_time:253161989038319
app_id: 0, app_name: SAR_api-aarch64, task_id: 2263, task_name: DASH_ZIP, resource_name: cpu2, ref_start_time: 253161989549219, ref_stop_time: 253161989625389, actual_exe_time: 76170, task_app_start_time:253160102210455, task_sched_time:253161989540699
app_id: 0, app_name: SAR_api-aarch64, task_id: 2264, task_name: DASH_FFT, resource_name: cpu3, ref_start_time: 253161989955209, ref_stop_time: 253161990006389, actual_exe_time: 51180, task_app_start_time:253160102210455, task_sched_time:253161989949059
app_id: 0, app_name: SAR_api-aarch64, task_id: 2265, task_name: DASH_ZIP, resource_name: zip1, ref_start_time: 253161990635189, ref_stop_time: 253161990751829, actual_exe_time: 116640, task_app_start_time:253160102210455, task_sched_time:253161990615479
app_id: 0, app_name: SAR_api-aarch64, task_id: 2266, task_name: DASH_FFT, resource_name: cpu1, ref_start_time: 253161991178339, ref_stop_time: 253161991219529, actual_exe_time: 41190, task_app_start_time:253160102210455, task_sched_time:253161991168469
app_id: 0, app_name: SAR_api-aarch64, task_id: 2267, task_name: DASH_ZIP, resource_name: cpu2, ref_start_time: 253161991686329, ref_stop_time: 253161991763849, actual_exe_time: 77520, task_app_start_time:253160102210455, task_sched_time:253161991676699
app_id: 0, app_name: SAR_api-aarch64, task_id: 2268, task_name: DASH_FFT, resource_name: cpu3, ref_start_time: 253161992090789, ref_stop_time: 253161992141729, actual_exe_time: 50940, task_app_start_time:253160102210455, task_sched_time:253161992081129
app_id: 0, app_name: SAR_api-aarch64, task_id: 2269, task_name: DASH_ZIP, resource_name: zip1, ref_start_time: 253161992524169, ref_stop_time: 253161992641379, actual_exe_time: 117210, task_app_start_time:253160102210455, task_sched_time:253161992518049
app_id: 0, app_name: SAR_api-aarch64, task_id: 2270, task_name: DASH_FFT, resource_name: cpu1, ref_start_time: 253161993280200, ref_stop_time: 253161993321090, actual_exe_time: 40890, task_app_start_time:253160102210455, task_sched_time:253161993276090
app_id: 0, app_name: SAR_api-aarch64, task_id: 2271, task_name: DASH_ZIP, resource_name: cpu2, ref_start_time: 253161993779460, ref_stop_time: 253161993856050, actual_exe_time: 76590, task_app_start_time:253160102210455, task_sched_time:253161993774810
app_id: 0, app_name: SAR_api-aarch64, task_id: 2272, task_name: DASH_FFT, resource_name: cpu3, ref_start_time: 253161994228980, ref_stop_time: 253161994280310, actual_exe_time: 51330, task_app_start_time:253160102210455, task_sched_time:253161994177110
app_id: 0, app_name: SAR_api-aarch64, task_id: 2273, task_name: DASH_ZIP, resource_name: zip1, ref_start_time: 253161994957380, ref_stop_time: 253161995075190, actual_exe_time: 117810, task_app_start_time:253160102210455, task_sched_time:253161994953780
app_id: 0, app_name: SAR_api-aarch64, task_id: 2274, task_name: DASH_FFT, resource_name: cpu1, ref_start_time: 253161995460750, ref_stop_time: 253161995501760, actual_exe_time: 41010, task_app_start_time:253160102210455, task_sched_time:253161995447880
app_id: 0, app_name: SAR_api-aarch64, task_id: 2275, task_name: DASH_ZIP, resource_name: cpu2, ref_start_time: 253161996139980, ref_stop_time: 253161996216600, actual_exe_time: 76620, task_app_start_time:253160102210455, task_sched_time:253161996133320
app_id: 0, app_name: SAR_api-aarch64, task_id: 2276, task_name: DASH_FFT, resource_name: cpu3, ref_start_time: 253161996589170, ref_stop_time: 253161996641700, actual_exe_time: 52530, task_app_start_time:253160102210455, task_sched_time:253161996545280
app_id: 0, app_name: SAR_api-aarch64, task_id: 2277, task_name: DASH_ZIP, resource_name: zip1, ref_start_time: 253161997197240, ref_stop_time: 253161997314060, actual_exe_time: 116820, task_app_start_time:253160102210455, task_sched_time:253161997189680
app_id: 0, app_name: SAR_api-aarch64, task_id: 2278, task_name: DASH_FFT, resource_name: cpu1, ref_start_time: 253161997821720, ref_stop_time: 253161997862430, actual_exe_time: 40710, task_app_start_time:253160102210455, task_sched_time:253161997808400
app_id: 0, app_name: SAR_api-aarch64, task_id: 2279, task_name: DASH_ZIP, resource_name: cpu2, ref_start_time: 253161998056920, ref_stop_time: 253161998133120, actual_exe_time: 76200, task_app_start_time:253160102210455, task_sched_time:253161998049270
app_id: 0, app_name: SAR_api-aarch64, task_id: 2280, task_name: DASH_FFT, resource_name: cpu3, ref_start_time: 253161998685420, ref_stop_time: 253161998736330, actual_exe_time: 50910, task_app_start_time:253160102210455, task_sched_time:253161998680590
app_id: 0, app_name: SAR_api-aarch64, task_id: 2281, task_name: DASH_ZIP, resource_name: zip1, ref_start_time: 253161999319201, ref_stop_time: 253161999435841, actual_exe_time: 116640, task_app_start_time:253160102210455, task_sched_time:253161999313801
app_id: 0, app_name: SAR_api-aarch64, task_id: 2282, task_name: DASH_FFT, resource_name: cpu1, ref_start_time: 253161999823081, ref_stop_time: 253161999864271, actual_exe_time: 41190, task_app_start_time:253160102210455, task_sched_time:253161999818911
app_id: 0, app_name: SAR_api-aarch64, task_id: 2283, task_name: DASH_ZIP, resource_name: cpu2, ref_start_time: 253162000321411, ref_stop_time: 253162000397701, actual_exe_time: 76290, task_app_start_time:253160102210455, task_sched_time:253162000318171
app_id: 0, app_name: SAR_api-aarch64, task_id: 2284, task_name: DASH_FFT, resource_name: cpu3, ref_start_time: 253162000723411, ref_stop_time: 253162000774831, actual_exe_time: 51420, task_app_start_time:253160102210455, task_sched_time:253162000712071
app_id: 0, app_name: SAR_api-aarch64, task_id: 2285, task_name: DASH_ZIP, resource_name: zip1, ref_start_time: 253162001399761, ref_stop_time: 253162001516761, actual_exe_time: 117000, task_app_start_time:253160102210455, task_sched_time:253162001356951
app_id: 0, app_name: SAR_api-aarch64, task_id: 2286, task_name: DASH_FFT, resource_name: cpu1, ref_start_time: 253162002036451, ref_stop_time: 253162002077761, actual_exe_time: 41310, task_app_start_time:253160102210455, task_sched_time:253162002029461
app_id: 0, app_name: SAR_api-aarch64, task_id: 2287, task_name: DASH_ZIP, resource_name: cpu2, ref_start_time: 253162002272251, ref_stop_time: 253162002348871, actual_exe_time: 76620, task_app_start_time:253160102210455, task_sched_time:253162002266041
app_id: 0, app_name: SAR_api-aarch64, task_id: 2288, task_name: DASH_FFT, resource_name: cpu3, ref_start_time: 253162002895711, ref_stop_time: 253162002948181, actual_exe_time: 52470, task_app_start_time:253160102210455, task_sched_time:253162002892501
app_id: 0, app_name: SAR_api-aarch64, task_id: 2289, task_name: DASH_ZIP, resource_name: zip1, ref_start_time: 253162003560511, ref_stop_time: 253162003679041, actual_exe_time: 118530, task_app_start_time:253160102210455, task_sched_time:253162003510861
app_id: 0, app_name: SAR_api-aarch64, task_id: 2290, task_name: DASH_FFT, resource_name: cpu1, ref_start_time: 253162004065591, ref_stop_time: 253162004106781, actual_exe_time: 41190, task_app_start_time:253160102210455, task_sched_time:253162004061061
app_id: 0, app_name: SAR_api-aarch64, task_id: 2291, task_name: DASH_ZIP, resource_name: cpu2, ref_start_time: 253162004564881, ref_stop_time: 253162004641531, actual_exe_time: 76650, task_app_start_time:253160102210455, task_sched_time:253162004557681
app_id: 0, app_name: SAR_api-aarch64, task_id: 2292, task_name: DASH_FFT, resource_name: cpu3, ref_start_time: 253162004968801, ref_stop_time: 253162005019951, actual_exe_time: 51150, task_app_start_time:253160102210455, task_sched_time:253162004963221
app_id: 0, app_name: SAR_api-aarch64, task_id: 2293, task_name: DASH_ZIP, resource_name: zip1, ref_start_time: 253162005685442, ref_stop_time: 253162005804002, actual_exe_time: 118560, task_app_start_time:253160102210455, task_sched_time:253162005633212
app_id: 0, app_name: SAR_api-aarch64, task_id: 2294, task_name: DASH_FFT, resource_name: cpu1, ref_start_time: 253162006184912, ref_stop_time: 253162006225532, actual_exe_time: 40620, task_app_start_time:253160102210455, task_sched_time:253162006176212
app_id: 0, app_name: SAR_api-aarch64, task_id: 2295, task_name: DASH_ZIP, resource_name: cpu2, ref_start_time: 253162006436762, ref_stop_time: 253162006513442, actual_exe_time: 76680, task_app_start_time:253160102210455, task_sched_time:253162006433702
app_id: 0, app_name: SAR_api-aarch64, task_id: 2296, task_name: DASH_FFT, resource_name: cpu3, ref_start_time: 253162007071922, ref_stop_time: 253162007123702, actual_exe_time: 51780, task_app_start_time:253160102210455, task_sched_time:253162007062052
app_id: 0, app_name: SAR_api-aarch64, task_id: 2297, task_name: DASH_ZIP, resource_name: zip1, ref_start_time: 253162007744732, ref_stop_time: 253162007861192, actual_exe_time: 116460, task_app_start_time:253160102210455, task_sched_time:253162007741822
app_id: 0, app_name: SAR_api-aarch64, task_id: 2298, task_name: DASH_FFT, resource_name: cpu1, ref_start_time: 253162008250562, ref_stop_time: 253162008292322, actual_exe_time: 41760, task_app_start_time:253160102210455, task_sched_time:253162008244502
app_id: 0, app_name: SAR_api-aarch64, task_id: 2299, task_name: DASH_ZIP, resource_name: cpu2, ref_start_time: 253162008812402, ref_stop_time: 253162008888932, actual_exe_time: 76530, task_app_start_time:253160102210455, task_sched_time:253162008807662
app_id: 0, app_name: SAR_api-aarch64, task_id: 2300, task_name: DASH_FFT, resource_name: cpu3, ref_start_time: 253162009217312, ref_stop_time: 253162009269512, actual_exe_time: 52200, task_app_start_time:253160102210455, task_sched_time:253162009205342
app_id: 0, app_name: SAR_api-aarch64, task_id: 2301, task_name: DASH_ZIP, resource_name: zip1, ref_start_time: 253162009895762, ref_stop_time: 253162010018462, actual_exe_time: 122700, task_app_start_time:253160102210455, task_sched_time:253162009855412
app_id: 0, app_name: SAR_api-aarch64, task_id: 2302, task_name: DASH_FFT, resource_name: cpu1, ref_start_time: 253162010392262, ref_stop_time: 253162010433422, actual_exe_time: 41160, task_app_start_time:253160102210455, task_sched_time:253162010386622
app_id: 0, app_name: SAR_api-aarch64, task_id: 2303, task_name: DASH_ZIP, resource_name: cpu2, ref_start_time: 253162010667992, ref_stop_time: 253162010744672, actual_exe_time: 76680, task_app_start_time:253160102210455, task_sched_time:253162010664182
app_id: 0, app_name: SAR_api-aarch64, task_id: 2304, task_name: DASH_FFT, resource_name: cpu3, ref_start_time: 253162011345452, ref_stop_time: 253162011396362, actual_exe_time: 50910, task_app_start_time:253160102210455, task_sched_time:253162011332012
