app_id: 4, app_name: TX_api-aarch64, task_id: 0, task_name: DASH_FFT, resource_name: cpu1, ref_start_time: 2430540083998572, ref_stop_time: 2430540084650922, actual_exe_time: 652350, task_app_start_time:2430540081969821, task_sched_time:2430540083990682
app_id: 4, app_name: TX_api-aarch64, task_id: 1, task_name: DASH_FFT, resource_name: cpu2, ref_start_time: 2430540085575522, ref_stop_time: 2430540085642302, actual_exe_time: 66780, task_app_start_time:2430540081969821, task_sched_time:2430540085544382
app_id: 4, app_name: TX_api-aarch64, task_id: 2, task_name: DASH_FFT, resource_name: cpu3, ref_start_time: 2430540085999302, ref_stop_time: 2430540086085372, actual_exe_time: 86070, task_app_start_time:2430540081969821, task_sched_time:2430540085990992
app_id: 4, app_name: TX_api-aarch64, task_id: 3, task_name: DASH_FFT, resource_name: fft1, ref_start_time: 2430540087313182, ref_stop_time: 2430540087382182, actual_exe_time: 69000, task_app_start_time:2430540081969821, task_sched_time:2430540087300252
app_id: 4, app_name: TX_api-aarch64, task_id: 4, task_name: DASH_FFT, resource_name: fft2, ref_start_time: 2430540088213932, ref_stop_time: 2430540088263522, actual_exe_time: 49590, task_app_start_time:2430540081969821, task_sched_time:2430540088150242
app_id: 4, app_name: TX_api-aarch64, task_id: 5, task_name: DASH_FFT, resource_name: cpu1, ref_start_time: 2430540089238373, ref_stop_time: 2430540089260813, actual_exe_time: 22440, task_app_start_time:2430540081969821, task_sched_time:2430540089149093
app_id: 4, app_name: TX_api-aarch64, task_id: 6, task_name: DASH_FFT, resource_name: cpu2, ref_start_time: 2430540089563213, ref_stop_time: 2430540089588983, actual_exe_time: 25770, task_app_start_time:2430540081969821, task_sched_time:2430540089557333
app_id: 4, app_name: TX_api-aarch64, task_id: 7, task_name: DASH_FFT, resource_name: cpu3, ref_start_time: 2430540091588603, ref_stop_time: 2430540091612873, actual_exe_time: 24270, task_app_start_time:2430540081969821, task_sched_time:2430540091211953
app_id: 0, app_name: pulse_doppler_api-aarch64, task_id: 0, task_name: DASH_FFT, resource_name: fft1, ref_start_time: 2430540091669543, ref_stop_time: 2430540091699723, actual_exe_time: 30180, task_app_start_time:2430540090844933, task_sched_time:2430540091663783
app_id: 4, app_name: TX_api-aarch64, task_id: 8, task_name: DASH_FFT, resource_name: fft2, ref_start_time: 2430540092367163, ref_stop_time: 2430540092406283, actual_exe_time: 39120, task_app_start_time:2430540081969821, task_sched_time:2430540092296303
app_id: 4, app_name: TX_api-aarch64, task_id: 9, task_name: DASH_FFT, resource_name: cpu1, ref_start_time: 2430540093685993, ref_stop_time: 2430540093708253, actual_exe_time: 22260, task_app_start_time:2430540081969821, task_sched_time:2430540093602653
app_id: 0, app_name: pulse_doppler_api-aarch64, task_id: 1, task_name: DASH_FFT, resource_name: cpu2, ref_start_time: 2430540099919304, ref_stop_time: 2430540099947144, actual_exe_time: 27840, task_app_start_time:2430540090844933, task_sched_time:2430540093920053
app_id: 0, app_name: pulse_doppler_api-aarch64, task_id: 2, task_name: DASH_FFT, resource_name: cpu3, ref_start_time: 2430540100341614, ref_stop_time: 2430540100367174, actual_exe_time: 25560, task_app_start_time:2430540090844933, task_sched_time:2430540100333634
app_id: 0, app_name: pulse_doppler_api-aarch64, task_id: 3, task_name: DASH_FFT, resource_name: fft1, ref_start_time: 2430540101277765, ref_stop_time: 2430540101306355, actual_exe_time: 28590, task_app_start_time:2430540090844933, task_sched_time:2430540101193645
app_id: 1, app_name: pulse_doppler_api-aarch64, task_id: 0, task_name: DASH_FFT, resource_name: fft2, ref_start_time: 2430540103878045, ref_stop_time: 2430540103905765, actual_exe_time: 27720, task_app_start_time:2430540100558994, task_sched_time:2430540103319985
app_id: 0, app_name: pulse_doppler_api-aarch64, task_id: 4, task_name: DASH_FFT, resource_name: cpu1, ref_start_time: 2430540104012685, ref_stop_time: 2430540104035665, actual_exe_time: 22980, task_app_start_time:2430540090844933, task_sched_time:2430540103947705
app_id: 1, app_name: pulse_doppler_api-aarch64, task_id: 1, task_name: DASH_FFT, resource_name: cpu2, ref_start_time: 2430540104588925, ref_stop_time: 2430540104702175, actual_exe_time: 113250, task_app_start_time:2430540100558994, task_sched_time:2430540104482695
app_id: 0, app_name: pulse_doppler_api-aarch64, task_id: 5, task_name: DASH_FFT, resource_name: cpu3, ref_start_time: 2430540104710485, ref_stop_time: 2430540104735445, actual_exe_time: 24960, task_app_start_time:2430540090844933, task_sched_time:2430540104706345
app_id: 1, app_name: pulse_doppler_api-aarch64, task_id: 2, task_name: DASH_FFT, resource_name: fft1, ref_start_time: 2430540105145125, ref_stop_time: 2430540105183615, actual_exe_time: 38490, task_app_start_time:2430540100558994, task_sched_time:2430540105138225
app_id: 1, app_name: pulse_doppler_api-aarch64, task_id: 3, task_name: DASH_FFT, resource_name: fft2, ref_start_time: 2430540106540875, ref_stop_time: 2430540106567875, actual_exe_time: 27000, task_app_start_time:2430540100558994, task_sched_time:2430540106441155
app_id: 0, app_name: pulse_doppler_api-aarch64, task_id: 6, task_name: DASH_FFT, resource_name: cpu1, ref_start_time: 2430540107187136, ref_stop_time: 2430540107209246, actual_exe_time: 22110, task_app_start_time:2430540090844933, task_sched_time:2430540107177326
app_id: 1, app_name: pulse_doppler_api-aarch64, task_id: 4, task_name: DASH_FFT, resource_name: cpu2, ref_start_time: 2430540107623456, ref_stop_time: 2430540107645416, actual_exe_time: 21960, task_app_start_time:2430540100558994, task_sched_time:2430540107607406
app_id: 0, app_name: pulse_doppler_api-aarch64, task_id: 7, task_name: DASH_FFT, resource_name: cpu3, ref_start_time: 2430540107898496, ref_stop_time: 2430540107922796, actual_exe_time: 24300, task_app_start_time:2430540090844933, task_sched_time:2430540107893306
app_id: 1, app_name: pulse_doppler_api-aarch64, task_id: 5, task_name: DASH_FFT, resource_name: fft1, ref_start_time: 2430540108435946, ref_stop_time: 2430540108474766, actual_exe_time: 38820, task_app_start_time:2430540100558994, task_sched_time:2430540108421786
app_id: 0, app_name: pulse_doppler_api-aarch64, task_id: 8, task_name: DASH_FFT, resource_name: fft2, ref_start_time: 2430540108747406, ref_stop_time: 2430540108783226, actual_exe_time: 35820, task_app_start_time:2430540090844933, task_sched_time:2430540108738646
app_id: 0, app_name: pulse_doppler_api-aarch64, task_id: 9, task_name: DASH_FFT, resource_name: cpu1, ref_start_time: 2430540109819846, ref_stop_time: 2430540109841476, actual_exe_time: 21630, task_app_start_time:2430540090844933, task_sched_time:2430540109808686
app_id: 1, app_name: pulse_doppler_api-aarch64, task_id: 6, task_name: DASH_FFT, resource_name: cpu2, ref_start_time: 2430540110214526, ref_stop_time: 2430540110236666, actual_exe_time: 22140, task_app_start_time:2430540100558994, task_sched_time:2430540110210476
app_id: 0, app_name: pulse_doppler_api-aarch64, task_id: 10, task_name: DASH_FFT, resource_name: cpu3, ref_start_time: 2430540110593636, ref_stop_time: 2430540110618326, actual_exe_time: 24690, task_app_start_time:2430540090844933, task_sched_time:2430540110587426
app_id: 1, app_name: pulse_doppler_api-aarch64, task_id: 7, task_name: DASH_FFT, resource_name: fft1, ref_start_time: 2430540111055726, ref_stop_time: 2430540111084646, actual_exe_time: 28920, task_app_start_time:2430540100558994, task_sched_time:2430540111050926
app_id: 0, app_name: pulse_doppler_api-aarch64, task_id: 11, task_name: DASH_FFT, resource_name: fft2, ref_start_time: 2430540111510586, ref_stop_time: 2430540111546586, actual_exe_time: 36000, task_app_start_time:2430540090844933, task_sched_time:2430540111096916
app_id: 1, app_name: pulse_doppler_api-aarch64, task_id: 8, task_name: DASH_FFT, resource_name: cpu1, ref_start_time: 2430540113366657, ref_stop_time: 2430540113393087, actual_exe_time: 26430, task_app_start_time:2430540100558994, task_sched_time:2430540113363927
app_id: 2, app_name: pulse_doppler_api-aarch64, task_id: 0, task_name: DASH_FFT, resource_name: cpu2, ref_start_time: 2430540113909177, ref_stop_time: 2430540113934947, actual_exe_time: 25770, task_app_start_time:2430540110712946, task_sched_time:2430540113898977
app_id: 0, app_name: pulse_doppler_api-aarch64, task_id: 12, task_name: DASH_FFT, resource_name: cpu3, ref_start_time: 2430540114463487, ref_stop_time: 2430540114488087, actual_exe_time: 24600, task_app_start_time:2430540090844933, task_sched_time:2430540114456467
app_id: 2, app_name: pulse_doppler_api-aarch64, task_id: 1, task_name: DASH_FFT, resource_name: fft1, ref_start_time: 2430540115114367, ref_stop_time: 2430540115141187, actual_exe_time: 26820, task_app_start_time:2430540110712946, task_sched_time:2430540115108217
app_id: 1, app_name: pulse_doppler_api-aarch64, task_id: 9, task_name: DASH_FFT, resource_name: fft2, ref_start_time: 2430540115765667, ref_stop_time: 2430540115791737, actual_exe_time: 26070, task_app_start_time:2430540100558994, task_sched_time:2430540115762727
app_id: 0, app_name: pulse_doppler_api-aarch64, task_id: 13, task_name: DASH_FFT, resource_name: cpu1, ref_start_time: 2430540116363147, ref_stop_time: 2430540116385197, actual_exe_time: 22050, task_app_start_time:2430540090844933, task_sched_time:2430540116353787
app_id: 0, app_name: pulse_doppler_api-aarch64, task_id: 14, task_name: DASH_FFT, resource_name: cpu2, ref_start_time: 2430540116880947, ref_stop_time: 2430540116904527, actual_exe_time: 23580, task_app_start_time:2430540090844933, task_sched_time:2430540116836307
app_id: 2, app_name: pulse_doppler_api-aarch64, task_id: 2, task_name: DASH_FFT, resource_name: cpu3, ref_start_time: 2430540117161087, ref_stop_time: 2430540117184187, actual_exe_time: 23100, task_app_start_time:2430540110712946, task_sched_time:2430540117130847
app_id: 1, app_name: pulse_doppler_api-aarch64, task_id: 10, task_name: DASH_FFT, resource_name: fft1, ref_start_time: 2430540117878927, ref_stop_time: 2430540118053107, actual_exe_time: 174180, task_app_start_time:2430540100558994, task_sched_time:2430540117845867
app_id: 0, app_name: pulse_doppler_api-aarch64, task_id: 15, task_name: DASH_FFT, resource_name: fft2, ref_start_time: 2430540118391927, ref_stop_time: 2430540118491677, actual_exe_time: 99750, task_app_start_time:2430540090844933, task_sched_time:2430540118387247
app_id: 4, app_name: TX_api-aarch64, task_id: 10, task_name: DASH_FFT, resource_name: cpu1, ref_start_time: 2430540119140247, ref_stop_time: 2430540119163047, actual_exe_time: 22800, task_app_start_time:2430540081969821, task_sched_time:2430540119132747
app_id: 2, app_name: pulse_doppler_api-aarch64, task_id: 3, task_name: DASH_FFT, resource_name: cpu2, ref_start_time: 2430540119925738, ref_stop_time: 2430540120194028, actual_exe_time: 268290, task_app_start_time:2430540110712946, task_sched_time:2430540119922918
app_id: 1, app_name: pulse_doppler_api-aarch64, task_id: 11, task_name: DASH_FFT, resource_name: cpu3, ref_start_time: 2430540120416478, ref_stop_time: 2430540120439908, actual_exe_time: 23430, task_app_start_time:2430540100558994, task_sched_time:2430540120406758
app_id: 4, app_name: TX_api-aarch64, task_id: 11, task_name: DASH_FFT, resource_name: fft1, ref_start_time: 2430540121585938, ref_stop_time: 2430540121788498, actual_exe_time: 202560, task_app_start_time:2430540081969821, task_sched_time:2430540121578798
app_id: 0, app_name: pulse_doppler_api-aarch64, task_id: 16, task_name: DASH_FFT, resource_name: fft2, ref_start_time: 2430540121793088, ref_stop_time: 2430540121820058, actual_exe_time: 26970, task_app_start_time:2430540090844933, task_sched_time:2430540121783788
app_id: 2, app_name: pulse_doppler_api-aarch64, task_id: 4, task_name: DASH_FFT, resource_name: cpu1, ref_start_time: 2430540122262708, ref_stop_time: 2430540122285718, actual_exe_time: 23010, task_app_start_time:2430540110712946, task_sched_time:2430540122254548
app_id: 1, app_name: pulse_doppler_api-aarch64, task_id: 12, task_name: DASH_FFT, resource_name: cpu2, ref_start_time: 2430540122984658, ref_stop_time: 2430540123007188, actual_exe_time: 22530, task_app_start_time:2430540100558994, task_sched_time:2430540122980908
app_id: 2, app_name: pulse_doppler_api-aarch64, task_id: 5, task_name: DASH_FFT, resource_name: cpu3, ref_start_time: 2430540123702978, ref_stop_time: 2430540123726618, actual_exe_time: 23640, task_app_start_time:2430540110712946, task_sched_time:2430540123695508
app_id: 4, app_name: TX_api-aarch64, task_id: 12, task_name: DASH_FFT, resource_name: fft1, ref_start_time: 2430540124898958, ref_stop_time: 2430540125186628, actual_exe_time: 287670, task_app_start_time:2430540081969821, task_sched_time:2430540124891218
app_id: 1, app_name: pulse_doppler_api-aarch64, task_id: 13, task_name: DASH_FFT, resource_name: fft2, ref_start_time: 2430540125493348, ref_stop_time: 2430540125523078, actual_exe_time: 29730, task_app_start_time:2430540100558994, task_sched_time:2430540125417418
app_id: 3, app_name: pulse_doppler_api-aarch64, task_id: 0, task_name: DASH_FFT, resource_name: cpu1, ref_start_time: 2430540126464209, ref_stop_time: 2430540126487159, actual_exe_time: 22950, task_app_start_time:2430540120723348, task_sched_time:2430540126455989
app_id: 0, app_name: pulse_doppler_api-aarch64, task_id: 17, task_name: DASH_FFT, resource_name: cpu2, ref_start_time: 2430540126783049, ref_stop_time: 2430540127296679, actual_exe_time: 513630, task_app_start_time:2430540090844933, task_sched_time:2430540126775729
app_id: 4, app_name: TX_api-aarch64, task_id: 13, task_name: DASH_FFT, resource_name: cpu3, ref_start_time: 2430540127103329, ref_stop_time: 2430540127568719, actual_exe_time: 465390, task_app_start_time:2430540081969821, task_sched_time:2430540127094479
app_id: 2, app_name: pulse_doppler_api-aarch64, task_id: 6, task_name: DASH_FFT, resource_name: fft1, ref_start_time: 2430540127260109, ref_stop_time: 2430540127421779, actual_exe_time: 161670, task_app_start_time:2430540110712946, task_sched_time:2430540127255939
app_id: 1, app_name: pulse_doppler_api-aarch64, task_id: 14, task_name: DASH_FFT, resource_name: fft2, ref_start_time: 2430540128236369, ref_stop_time: 2430540128273419, actual_exe_time: 37050, task_app_start_time:2430540100558994, task_sched_time:2430540128184559
app_id: 3, app_name: pulse_doppler_api-aarch64, task_id: 1, task_name: DASH_FFT, resource_name: cpu1, ref_start_time: 2430540129572509, ref_stop_time: 2430540129594409, actual_exe_time: 21900, task_app_start_time:2430540120723348, task_sched_time:2430540129567919
app_id: 2, app_name: pulse_doppler_api-aarch64, task_id: 7, task_name: DASH_FFT, resource_name: cpu2, ref_start_time: 2430540129892309, ref_stop_time: 2430540129916129, actual_exe_time: 23820, task_app_start_time:2430540110712946, task_sched_time:2430540129885769
app_id: 4, app_name: TX_api-aarch64, task_id: 14, task_name: DASH_FFT, resource_name: cpu3, ref_start_time: 2430540130360399, ref_stop_time: 2430540130383679, actual_exe_time: 23280, task_app_start_time:2430540081969821, task_sched_time:2430540130357609
app_id: 0, app_name: pulse_doppler_api-aarch64, task_id: 18, task_name: DASH_FFT, resource_name: fft1, ref_start_time: 2430540130791829, ref_stop_time: 2430540130956319, actual_exe_time: 164490, task_app_start_time:2430540090844933, task_sched_time:2430540130788289
app_id: 1, app_name: pulse_doppler_api-aarch64, task_id: 15, task_name: DASH_FFT, resource_name: fft2, ref_start_time: 2430540131419699, ref_stop_time: 2430540131445739, actual_exe_time: 26040, task_app_start_time:2430540100558994, task_sched_time:2430540131409979
app_id: 3, app_name: pulse_doppler_api-aarch64, task_id: 2, task_name: DASH_FFT, resource_name: cpu1, ref_start_time: 2430540132078380, ref_stop_time: 2430540132101300, actual_exe_time: 22920, task_app_start_time:2430540120723348, task_sched_time:2430540132068120
app_id: 4, app_name: TX_api-aarch64, task_id: 15, task_name: DASH_FFT, resource_name: cpu2, ref_start_time: 2430540132400730, ref_stop_time: 2430540132814430, actual_exe_time: 413700, task_app_start_time:2430540081969821, task_sched_time:2430540132396380
app_id: 2, app_name: pulse_doppler_api-aarch64, task_id: 8, task_name: DASH_FFT, resource_name: cpu3, ref_start_time: 2430540133035410, ref_stop_time: 2430540133058060, actual_exe_time: 22650, task_app_start_time:2430540110712946, task_sched_time:2430540133031840
app_id: 1, app_name: pulse_doppler_api-aarch64, task_id: 16, task_name: DASH_FFT, resource_name: fft1, ref_start_time: 2430540133209620, ref_stop_time: 2430540133238510, actual_exe_time: 28890, task_app_start_time:2430540100558994, task_sched_time:2430540133198460
app_id: 0, app_name: pulse_doppler_api-aarch64, task_id: 19, task_name: DASH_FFT, resource_name: fft2, ref_start_time: 2430540133487690, ref_stop_time: 2430540133514420, actual_exe_time: 26730, task_app_start_time:2430540090844933, task_sched_time:2430540133371890
app_id: 3, app_name: pulse_doppler_api-aarch64, task_id: 3, task_name: DASH_FFT, resource_name: cpu1, ref_start_time: 2430540134395820, ref_stop_time: 2430540134417600, actual_exe_time: 21780, task_app_start_time:2430540120723348, task_sched_time:2430540134390540
app_id: 0, app_name: pulse_doppler_api-aarch64, task_id: 20, task_name: DASH_FFT, resource_name: cpu2, ref_start_time: 2430540134983610, ref_stop_time: 2430540135006590, actual_exe_time: 22980, task_app_start_time:2430540090844933, task_sched_time:2430540134976800
app_id: 4, app_name: TX_api-aarch64, task_id: 16, task_name: DASH_FFT, resource_name: cpu3, ref_start_time: 2430540135288320, ref_stop_time: 2430540135311210, actual_exe_time: 22890, task_app_start_time:2430540081969821, task_sched_time:2430540135029390
app_id: 2, app_name: pulse_doppler_api-aarch64, task_id: 9, task_name: DASH_FFT, resource_name: fft1, ref_start_time: 2430540136143380, ref_stop_time: 2430540136169450, actual_exe_time: 26070, task_app_start_time:2430540110712946, task_sched_time:2430540136132790
app_id: 3, app_name: pulse_doppler_api-aarch64, task_id: 4, task_name: DASH_FFT, resource_name: fft2, ref_start_time: 2430540136334690, ref_stop_time: 2430540136360430, actual_exe_time: 25740, task_app_start_time:2430540120723348, task_sched_time:2430540136306280
app_id: 1, app_name: pulse_doppler_api-aarch64, task_id: 17, task_name: DASH_FFT, resource_name: cpu1, ref_start_time: 2430540136714940, ref_stop_time: 2430540136739870, actual_exe_time: 24930, task_app_start_time:2430540100558994, task_sched_time:2430540136711370
app_id: 0, app_name: pulse_doppler_api-aarch64, task_id: 21, task_name: DASH_FFT, resource_name: cpu2, ref_start_time: 2430540137033540, ref_stop_time: 2430540137424710, actual_exe_time: 391170, task_app_start_time:2430540090844933, task_sched_time:2430540137030510
app_id: 2, app_name: pulse_doppler_api-aarch64, task_id: 10, task_name: DASH_FFT, resource_name: cpu3, ref_start_time: 2430540137570870, ref_stop_time: 2430540137592470, actual_exe_time: 21600, task_app_start_time:2430540110712946, task_sched_time:2430540137565650
app_id: 4, app_name: TX_api-aarch64, task_id: 17, task_name: DASH_FFT, resource_name: fft1, ref_start_time: 2430540137865140, ref_stop_time: 2430540138552951, actual_exe_time: 687811, task_app_start_time:2430540081969821, task_sched_time:2430540137861180
app_id: 2, app_name: pulse_doppler_api-aarch64, task_id: 11, task_name: DASH_FFT, resource_name: fft2, ref_start_time: 2430540138250161, ref_stop_time: 2430540138287661, actual_exe_time: 37500, task_app_start_time:2430540110712946, task_sched_time:2430540138243891
app_id: 3, app_name: pulse_doppler_api-aarch64, task_id: 5, task_name: DASH_FFT, resource_name: cpu1, ref_start_time: 2430540138950751, ref_stop_time: 2430540138972771, actual_exe_time: 22020, task_app_start_time:2430540120723348, task_sched_time:2430540138944541
app_id: 1, app_name: pulse_doppler_api-aarch64, task_id: 18, task_name: DASH_FFT, resource_name: cpu2, ref_start_time: 2430540139291311, ref_stop_time: 2430540141032181, actual_exe_time: 1740870, task_app_start_time:2430540100558994, task_sched_time:2430540139284351
app_id: 0, app_name: pulse_doppler_api-aarch64, task_id: 22, task_name: DASH_FFT, resource_name: cpu3, ref_start_time: 2430540141334851, ref_stop_time: 2430540141358431, actual_exe_time: 23580, task_app_start_time:2430540090844933, task_sched_time:2430540141328251
app_id: 4, app_name: TX_api-aarch64, task_id: 18, task_name: DASH_FFT, resource_name: fft1, ref_start_time: 2430540141807951, ref_stop_time: 2430540141844071, actual_exe_time: 36120, task_app_start_time:2430540081969821, task_sched_time:2430540141796671
app_id: 2, app_name: pulse_doppler_api-aarch64, task_id: 12, task_name: DASH_FFT, resource_name: fft2, ref_start_time: 2430540142271961, ref_stop_time: 2430540142377501, actual_exe_time: 105540, task_app_start_time:2430540110712946, task_sched_time:2430540142252101
app_id: 3, app_name: pulse_doppler_api-aarch64, task_id: 6, task_name: DASH_FFT, resource_name: cpu1, ref_start_time: 2430540142999521, ref_stop_time: 2430540143020821, actual_exe_time: 21300, task_app_start_time:2430540120723348, task_sched_time:2430540142986951
app_id: 1, app_name: pulse_doppler_api-aarch64, task_id: 19, task_name: DASH_FFT, resource_name: cpu2, ref_start_time: 2430540143332311, ref_stop_time: 2430540143354361, actual_exe_time: 22050, task_app_start_time:2430540100558994, task_sched_time:2430540143322411
app_id: 2, app_name: pulse_doppler_api-aarch64, task_id: 13, task_name: DASH_FFT, resource_name: cpu3, ref_start_time: 2430540144229041, ref_stop_time: 2430540144250731, actual_exe_time: 21690, task_app_start_time:2430540110712946, task_sched_time:2430540144222351
app_id: 0, app_name: pulse_doppler_api-aarch64, task_id: 23, task_name: DASH_FFT, resource_name: fft1, ref_start_time: 2430540144337822, ref_stop_time: 2430540144373312, actual_exe_time: 35490, task_app_start_time:2430540090844933, task_sched_time:2430540144332932
app_id: 4, app_name: TX_api-aarch64, task_id: 19, task_name: DASH_FFT, resource_name: fft2, ref_start_time: 2430540144508162, ref_stop_time: 2430540144546862, actual_exe_time: 38700, task_app_start_time:2430540081969821, task_sched_time:2430540144504142
app_id: 3, app_name: pulse_doppler_api-aarch64, task_id: 7, task_name: DASH_FFT, resource_name: cpu1, ref_start_time: 2430540145387312, ref_stop_time: 2430540145408732, actual_exe_time: 21420, task_app_start_time:2430540120723348, task_sched_time:2430540145384432
app_id: 0, app_name: pulse_doppler_api-aarch64, task_id: 24, task_name: DASH_FFT, resource_name: cpu3, ref_start_time: 2430540146211052, ref_stop_time: 2430540146235682, actual_exe_time: 24630, task_app_start_time:2430540090844933, task_sched_time:2430540146206402
app_id: 3, app_name: pulse_doppler_api-aarch64, task_id: 8, task_name: DASH_FFT, resource_name: fft1, ref_start_time: 2430540146690272, ref_stop_time: 2430540146726062, actual_exe_time: 35790, task_app_start_time:2430540120723348, task_sched_time:2430540146686552
app_id: 0, app_name: pulse_doppler_api-aarch64, task_id: 25, task_name: DASH_FFT, resource_name: fft2, ref_start_time: 2430540147875512, ref_stop_time: 2430540147901942, actual_exe_time: 26430, task_app_start_time:2430540090844933, task_sched_time:2430540147872632
app_id: 1, app_name: pulse_doppler_api-aarch64, task_id: 20, task_name: DASH_FFT, resource_name: cpu2, ref_start_time: 2430540148159852, ref_stop_time: 2430540148183552, actual_exe_time: 23700, task_app_start_time:2430540100558994, task_sched_time:2430540145789462
app_id: 3, app_name: pulse_doppler_api-aarch64, task_id: 9, task_name: DASH_FFT, resource_name: cpu1, ref_start_time: 2430540148904452, ref_stop_time: 2430540148926832, actual_exe_time: 22380, task_app_start_time:2430540120723348, task_sched_time:2430540148669402
app_id: 2, app_name: pulse_doppler_api-aarch64, task_id: 14, task_name: DASH_FFT, resource_name: cpu2, ref_start_time: 2430540148942432, ref_stop_time: 2430540148967572, actual_exe_time: 25140, task_app_start_time:2430540110712946, task_sched_time:2430540148932142
app_id: 3, app_name: pulse_doppler_api-aarch64, task_id: 10, task_name: DASH_FFT, resource_name: cpu3, ref_start_time: 2430540149289862, ref_stop_time: 2430540149313472, actual_exe_time: 23610, task_app_start_time:2430540120723348, task_sched_time:2430540149283562
app_id: 0, app_name: pulse_doppler_api-aarch64, task_id: 26, task_name: DASH_FFT, resource_name: fft1, ref_start_time: 2430540149663632, ref_stop_time: 2430540149699392, actual_exe_time: 35760, task_app_start_time:2430540090844933, task_sched_time:2430540149651482
app_id: 1, app_name: pulse_doppler_api-aarch64, task_id: 21, task_name: DASH_FFT, resource_name: fft2, ref_start_time: 2430540150011962, ref_stop_time: 2430540150558533, actual_exe_time: 546571, task_app_start_time:2430540100558994, task_sched_time:2430540150007372
app_id: 3, app_name: pulse_doppler_api-aarch64, task_id: 11, task_name: DASH_FFT, resource_name: cpu1, ref_start_time: 2430540151201793, ref_stop_time: 2430540151345793, actual_exe_time: 144000, task_app_start_time:2430540120723348, task_sched_time:2430540151189913
app_id: 0, app_name: pulse_doppler_api-aarch64, task_id: 27, task_name: DASH_FFT, resource_name: cpu2, ref_start_time: 2430540152461643, ref_stop_time: 2430540152483513, actual_exe_time: 21870, task_app_start_time:2430540090844933, task_sched_time:2430540152453363
app_id: 1, app_name: pulse_doppler_api-aarch64, task_id: 22, task_name: DASH_FFT, resource_name: cpu3, ref_start_time: 2430540152834513, ref_stop_time: 2430540152856773, actual_exe_time: 22260, task_app_start_time:2430540100558994, task_sched_time:2430540152826473
app_id: 3, app_name: pulse_doppler_api-aarch64, task_id: 12, task_name: DASH_FFT, resource_name: fft1, ref_start_time: 2430540153350903, ref_stop_time: 2430540153376883, actual_exe_time: 25980, task_app_start_time:2430540120723348, task_sched_time:2430540153344573
app_id: 2, app_name: pulse_doppler_api-aarch64, task_id: 15, task_name: DASH_FFT, resource_name: fft2, ref_start_time: 2430540153684953, ref_stop_time: 2430540153878423, actual_exe_time: 193470, task_app_start_time:2430540110712946, task_sched_time:2430540153640553
app_id: 1, app_name: pulse_doppler_api-aarch64, task_id: 23, task_name: DASH_FFT, resource_name: cpu1, ref_start_time: 2430540154586093, ref_stop_time: 2430540154611863, actual_exe_time: 25770, task_app_start_time:2430540100558994, task_sched_time:2430540154574543
app_id: 3, app_name: pulse_doppler_api-aarch64, task_id: 13, task_name: DASH_FFT, resource_name: cpu2, ref_start_time: 2430540154852583, ref_stop_time: 2430540155113943, actual_exe_time: 261360, task_app_start_time:2430540120723348, task_sched_time:2430540154790573
app_id: 2, app_name: pulse_doppler_api-aarch64, task_id: 16, task_name: DASH_FFT, resource_name: cpu3, ref_start_time: 2430540155205173, ref_stop_time: 2430540155227163, actual_exe_time: 21990, task_app_start_time:2430540110712946, task_sched_time:2430540155167523
app_id: 0, app_name: pulse_doppler_api-aarch64, task_id: 28, task_name: DASH_FFT, resource_name: fft1, ref_start_time: 2430540155379113, ref_stop_time: 2430540155526743, actual_exe_time: 147630, task_app_start_time:2430540090844933, task_sched_time:2430540155364803
app_id: 2, app_name: pulse_doppler_api-aarch64, task_id: 17, task_name: DASH_FFT, resource_name: cpu1, ref_start_time: 2430540157625064, ref_stop_time: 2430540157650264, actual_exe_time: 25200, task_app_start_time:2430540110712946, task_sched_time:2430540157619034
app_id: 3, app_name: pulse_doppler_api-aarch64, task_id: 14, task_name: DASH_FFT, resource_name: fft2, ref_start_time: 2430540157893594, ref_stop_time: 2430540157931394, actual_exe_time: 37800, task_app_start_time:2430540120723348, task_sched_time:2430540156830034
app_id: 1, app_name: pulse_doppler_api-aarch64, task_id: 24, task_name: DASH_FFT, resource_name: cpu2, ref_start_time: 2430540158201544, ref_stop_time: 2430540158224044, actual_exe_time: 22500, task_app_start_time:2430540100558994, task_sched_time:2430540158198694
app_id: 0, app_name: pulse_doppler_api-aarch64, task_id: 29, task_name: DASH_FFT, resource_name: cpu3, ref_start_time: 2430540158834304, ref_stop_time: 2430540158860254, actual_exe_time: 25950, task_app_start_time:2430540090844933, task_sched_time:2430540158821104
app_id: 1, app_name: pulse_doppler_api-aarch64, task_id: 25, task_name: DASH_FFT, resource_name: fft1, ref_start_time: 2430540159431724, ref_stop_time: 2430540159459804, actual_exe_time: 28080, task_app_start_time:2430540100558994, task_sched_time:2430540159426864
app_id: 1, app_name: pulse_doppler_api-aarch64, task_id: 26, task_name: DASH_FFT, resource_name: cpu1, ref_start_time: 2430540160328154, ref_stop_time: 2430540160354434, actual_exe_time: 26280, task_app_start_time:2430540100558994, task_sched_time:2430540160323054
app_id: 0, app_name: pulse_doppler_api-aarch64, task_id: 30, task_name: DASH_FFT, resource_name: fft2, ref_start_time: 2430540161577024, ref_stop_time: 2430540161603904, actual_exe_time: 26880, task_app_start_time:2430540090844933, task_sched_time:2430540159595434
app_id: 1, app_name: pulse_doppler_api-aarch64, task_id: 27, task_name: DASH_FFT, resource_name: cpu2, ref_start_time: 2430540161748534, ref_stop_time: 2430540161770314, actual_exe_time: 21780, task_app_start_time:2430540100558994, task_sched_time:2430540161744634
app_id: 1, app_name: pulse_doppler_api-aarch64, task_id: 28, task_name: DASH_FFT, resource_name: cpu3, ref_start_time: 2430540162068184, ref_stop_time: 2430540162090474, actual_exe_time: 22290, task_app_start_time:2430540100558994, task_sched_time:2430540162064284
app_id: 2, app_name: pulse_doppler_api-aarch64, task_id: 18, task_name: DASH_FFT, resource_name: fft1, ref_start_time: 2430540162405654, ref_stop_time: 2430540162922644, actual_exe_time: 516990, task_app_start_time:2430540110712946, task_sched_time:2430540162363774
app_id: 3, app_name: pulse_doppler_api-aarch64, task_id: 15, task_name: DASH_FFT, resource_name: fft2, ref_start_time: 2430540163241035, ref_stop_time: 2430540163267765, actual_exe_time: 26730, task_app_start_time:2430540120723348, task_sched_time:2430540163236685
app_id: 1, app_name: pulse_doppler_api-aarch64, task_id: 29, task_name: DASH_FFT, resource_name: cpu1, ref_start_time: 2430540164079475, ref_stop_time: 2430540164105845, actual_exe_time: 26370, task_app_start_time:2430540100558994, task_sched_time:2430540164073295
app_id: 3, app_name: pulse_doppler_api-aarch64, task_id: 16, task_name: DASH_FFT, resource_name: cpu2, ref_start_time: 2430540164434105, ref_stop_time: 2430540164645905, actual_exe_time: 211800, task_app_start_time:2430540120723348, task_sched_time:2430540164429425
app_id: 0, app_name: pulse_doppler_api-aarch64, task_id: 31, task_name: DASH_FFT, resource_name: cpu3, ref_start_time: 2430540165692095, ref_stop_time: 2430540165716605, actual_exe_time: 24510, task_app_start_time:2430540090844933, task_sched_time:2430540165687865
app_id: 2, app_name: pulse_doppler_api-aarch64, task_id: 19, task_name: DASH_FFT, resource_name: fft1, ref_start_time: 2430540166101595, ref_stop_time: 2430540166128655, actual_exe_time: 27060, task_app_start_time:2430540110712946, task_sched_time:2430540166095145
app_id: 1, app_name: pulse_doppler_api-aarch64, task_id: 30, task_name: DASH_FFT, resource_name: fft2, ref_start_time: 2430540166720975, ref_stop_time: 2430540167021125, actual_exe_time: 300150, task_app_start_time:2430540100558994, task_sched_time:2430540166716805
app_id: 3, app_name: pulse_doppler_api-aarch64, task_id: 17, task_name: DASH_FFT, resource_name: cpu1, ref_start_time: 2430540167422735, ref_stop_time: 2430540167449045, actual_exe_time: 26310, task_app_start_time:2430540120723348, task_sched_time:2430540167419345
app_id: 2, app_name: pulse_doppler_api-aarch64, task_id: 20, task_name: DASH_FFT, resource_name: cpu2, ref_start_time: 2430540167552815, ref_stop_time: 2430540167684065, actual_exe_time: 131250, task_app_start_time:2430540110712946, task_sched_time:2430540167539945
app_id: 4, app_name: TX_api-aarch64, task_id: 20, task_name: DASH_FFT, resource_name: cpu3, ref_start_time: 2430540167774905, ref_stop_time: 2430540167798335, actual_exe_time: 23430, task_app_start_time:2430540081969821, task_sched_time:2430540167611885
app_id: 3, app_name: pulse_doppler_api-aarch64, task_id: 18, task_name: DASH_FFT, resource_name: fft1, ref_start_time: 2430540169250246, ref_stop_time: 2430540169276376, actual_exe_time: 26130, task_app_start_time:2430540120723348, task_sched_time:2430540169236386
app_id: 1, app_name: pulse_doppler_api-aarch64, task_id: 31, task_name: DASH_FFT, resource_name: fft2, ref_start_time: 2430540169787786, ref_stop_time: 2430540169813496, actual_exe_time: 25710, task_app_start_time:2430540100558994, task_sched_time:2430540169781156
app_id: 2, app_name: pulse_doppler_api-aarch64, task_id: 21, task_name: DASH_FFT, resource_name: cpu1, ref_start_time: 2430540170582756, ref_stop_time: 2430540170604566, actual_exe_time: 21810, task_app_start_time:2430540110712946, task_sched_time:2430540170579396
app_id: 0, app_name: pulse_doppler_api-aarch64, task_id: 32, task_name: DASH_FFT, resource_name: cpu2, ref_start_time: 2430540171105716, ref_stop_time: 2430540171129206, actual_exe_time: 23490, task_app_start_time:2430540090844933, task_sched_time:2430540171098816
app_id: 2, app_name: pulse_doppler_api-aarch64, task_id: 22, task_name: DASH_FFT, resource_name: cpu3, ref_start_time: 2430540171904466, ref_stop_time: 2430540171926336, actual_exe_time: 21870, task_app_start_time:2430540110712946, task_sched_time:2430540171899246
app_id: 3, app_name: pulse_doppler_api-aarch64, task_id: 19, task_name: DASH_FFT, resource_name: fft1, ref_start_time: 2430540172314206, ref_stop_time: 2430540172479686, actual_exe_time: 165480, task_app_start_time:2430540120723348, task_sched_time:2430540172303556
app_id: 1, app_name: pulse_doppler_api-aarch64, task_id: 32, task_name: DASH_FFT, resource_name: fft2, ref_start_time: 2430540172494866, ref_stop_time: 2430540173149166, actual_exe_time: 654300, task_app_start_time:2430540100558994, task_sched_time:2430540172487126
app_id: 4, app_name: TX_api-aarch64, task_id: 21, task_name: DASH_FFT, resource_name: cpu1, ref_start_time: 2430540174299756, ref_stop_time: 2430540174322796, actual_exe_time: 23040, task_app_start_time:2430540081969821, task_sched_time:2430540174290546
app_id: 0, app_name: pulse_doppler_api-aarch64, task_id: 33, task_name: DASH_FFT, resource_name: cpu2, ref_start_time: 2430540174630116, ref_stop_time: 2430540174652676, actual_exe_time: 22560, task_app_start_time:2430540090844933, task_sched_time:2430540174360716
app_id: 2, app_name: pulse_doppler_api-aarch64, task_id: 23, task_name: DASH_FFT, resource_name: cpu3, ref_start_time: 2430540174917636, ref_stop_time: 2430540175370607, actual_exe_time: 452971, task_app_start_time:2430540110712946, task_sched_time:2430540174913736
app_id: 1, app_name: pulse_doppler_api-aarch64, task_id: 33, task_name: DASH_FFT, resource_name: fft1, ref_start_time: 2430540175254386, ref_stop_time: 2430540175283726, actual_exe_time: 29340, task_app_start_time:2430540100558994, task_sched_time:2430540175249346
app_id: 0, app_name: pulse_doppler_api-aarch64, task_id: 34, task_name: DASH_FFT, resource_name: fft2, ref_start_time: 2430540175285136, ref_stop_time: 2430540175312316, actual_exe_time: 27180, task_app_start_time:2430540090844933, task_sched_time:2430540175281566
app_id: 4, app_name: TX_api-aarch64, task_id: 22, task_name: DASH_FFT, resource_name: cpu1, ref_start_time: 2430540176330907, ref_stop_time: 2430540176353857, actual_exe_time: 22950, task_app_start_time:2430540081969821, task_sched_time:2430540176324007
app_id: 3, app_name: pulse_doppler_api-aarch64, task_id: 20, task_name: DASH_FFT, resource_name: cpu2, ref_start_time: 2430540176642457, ref_stop_time: 2430540178087527, actual_exe_time: 1445070, task_app_start_time:2430540120723348, task_sched_time:2430540176638767
app_id: 0, app_name: pulse_doppler_api-aarch64, task_id: 35, task_name: DASH_FFT, resource_name: cpu3, ref_start_time: 2430540176967837, ref_stop_time: 2430540177136527, actual_exe_time: 168690, task_app_start_time:2430540090844933, task_sched_time:2430540176960757
app_id: 1, app_name: pulse_doppler_api-aarch64, task_id: 34, task_name: DASH_FFT, resource_name: fft1, ref_start_time: 2430540177895977, ref_stop_time: 2430540178339827, actual_exe_time: 443850, task_app_start_time:2430540100558994, task_sched_time:2430540177890577
app_id: 2, app_name: pulse_doppler_api-aarch64, task_id: 24, task_name: DASH_FFT, resource_name: fft2, ref_start_time: 2430540178206837, ref_stop_time: 2430540178379997, actual_exe_time: 173160, task_app_start_time:2430540110712946, task_sched_time:2430540178197657
app_id: 0, app_name: pulse_doppler_api-aarch64, task_id: 36, task_name: DASH_FFT, resource_name: cpu1, ref_start_time: 2430540179709687, ref_stop_time: 2430540179731407, actual_exe_time: 21720, task_app_start_time:2430540090844933, task_sched_time:2430540179695407
app_id: 1, app_name: pulse_doppler_api-aarch64, task_id: 35, task_name: DASH_FFT, resource_name: cpu2, ref_start_time: 2430540180137427, ref_stop_time: 2430540180458727, actual_exe_time: 321300, task_app_start_time:2430540100558994, task_sched_time:2430540180131637
app_id: 2, app_name: pulse_doppler_api-aarch64, task_id: 25, task_name: DASH_FFT, resource_name: cpu3, ref_start_time: 2430540180613047, ref_stop_time: 2430540180693687, actual_exe_time: 80640, task_app_start_time:2430540110712946, task_sched_time:2430540180604407
app_id: 4, app_name: TX_api-aarch64, task_id: 23, task_name: DASH_FFT, resource_name: fft1, ref_start_time: 2430540180781947, ref_stop_time: 2430540180817977, actual_exe_time: 36030, task_app_start_time:2430540081969821, task_sched_time:2430540180778977
app_id: 3, app_name: pulse_doppler_api-aarch64, task_id: 21, task_name: DASH_FFT, resource_name: fft2, ref_start_time: 2430540181681228, ref_stop_time: 2430540181708078, actual_exe_time: 26850, task_app_start_time:2430540120723348, task_sched_time:2430540181673608
app_id: 0, app_name: pulse_doppler_api-aarch64, task_id: 37, task_name: DASH_FFT, resource_name: cpu1, ref_start_time: 2430540182421868, ref_stop_time: 2430540182443648, actual_exe_time: 21780, task_app_start_time:2430540090844933, task_sched_time:2430540182416048
app_id: 2, app_name: pulse_doppler_api-aarch64, task_id: 26, task_name: DASH_FFT, resource_name: cpu2, ref_start_time: 2430540183008488, ref_stop_time: 2430540183034498, actual_exe_time: 26010, task_app_start_time:2430540110712946, task_sched_time:2430540183001648
app_id: 4, app_name: TX_api-aarch64, task_id: 24, task_name: DASH_FFT, resource_name: cpu3, ref_start_time: 2430540185083918, ref_stop_time: 2430540185147428, actual_exe_time: 63510, task_app_start_time:2430540081969821, task_sched_time:2430540185079958
app_id: 1, app_name: pulse_doppler_api-aarch64, task_id: 36, task_name: DASH_FFT, resource_name: fft1, ref_start_time: 2430540185839678, ref_stop_time: 2430540185868658, actual_exe_time: 28980, task_app_start_time:2430540100558994, task_sched_time:2430540185832238
app_id: 3, app_name: pulse_doppler_api-aarch64, task_id: 22, task_name: DASH_FFT, resource_name: fft2, ref_start_time: 2430540186134728, ref_stop_time: 2430540186490108, actual_exe_time: 355380, task_app_start_time:2430540120723348, task_sched_time:2430540186126538
app_id: 0, app_name: pulse_doppler_api-aarch64, task_id: 38, task_name: DASH_FFT, resource_name: cpu1, ref_start_time: 2430540187021948, ref_stop_time: 2430540187044688, actual_exe_time: 22740, task_app_start_time:2430540090844933, task_sched_time:2430540187011178
app_id: 2, app_name: pulse_doppler_api-aarch64, task_id: 27, task_name: DASH_FFT, resource_name: cpu2, ref_start_time: 2430540187337548, ref_stop_time: 2430540187440328, actual_exe_time: 102780, task_app_start_time:2430540110712946, task_sched_time:2430540187321078
app_id: 1, app_name: pulse_doppler_api-aarch64, task_id: 37, task_name: DASH_FFT, resource_name: cpu3, ref_start_time: 2430540187709368, ref_stop_time: 2430540187731298, actual_exe_time: 21930, task_app_start_time:2430540100558994, task_sched_time:2430540187703338
app_id: 4, app_name: TX_api-aarch64, task_id: 25, task_name: DASH_FFT, resource_name: fft1, ref_start_time: 2430540188183669, ref_stop_time: 2430540188445389, actual_exe_time: 261720, task_app_start_time:2430540081969821, task_sched_time:2430540188174999
app_id: 3, app_name: pulse_doppler_api-aarch64, task_id: 23, task_name: DASH_FFT, resource_name: fft2, ref_start_time: 2430540188628449, ref_stop_time: 2430540188664389, actual_exe_time: 35940, task_app_start_time:2430540120723348, task_sched_time:2430540188584859
app_id: 2, app_name: pulse_doppler_api-aarch64, task_id: 28, task_name: DASH_FFT, resource_name: cpu1, ref_start_time: 2430540189359909, ref_stop_time: 2430540189381569, actual_exe_time: 21660, task_app_start_time:2430540110712946, task_sched_time:2430540189351269
app_id: 4, app_name: TX_api-aarch64, task_id: 26, task_name: DASH_FFT, resource_name: cpu2, ref_start_time: 2430540189728579, ref_stop_time: 2430540189754139, actual_exe_time: 25560, task_app_start_time:2430540081969821, task_sched_time:2430540189724229
app_id: 0, app_name: pulse_doppler_api-aarch64, task_id: 39, task_name: DASH_FFT, resource_name: cpu3, ref_start_time: 2430540190546409, ref_stop_time: 2430540190570289, actual_exe_time: 23880, task_app_start_time:2430540090844933, task_sched_time:2430540190538069
app_id: 3, app_name: pulse_doppler_api-aarch64, task_id: 24, task_name: DASH_FFT, resource_name: fft1, ref_start_time: 2430540190836089, ref_stop_time: 2430540191134319, actual_exe_time: 298230, task_app_start_time:2430540120723348, task_sched_time:2430540190829789
app_id: 2, app_name: pulse_doppler_api-aarch64, task_id: 29, task_name: DASH_FFT, resource_name: fft2, ref_start_time: 2430540191207639, ref_stop_time: 2430540191642969, actual_exe_time: 435330, task_app_start_time:2430540110712946, task_sched_time:2430540191192609
app_id: 4, app_name: TX_api-aarch64, task_id: 27, task_name: DASH_FFT, resource_name: cpu1, ref_start_time: 2430540191784599, ref_stop_time: 2430540191806469, actual_exe_time: 21870, task_app_start_time:2430540081969821, task_sched_time:2430540191775779
app_id: 0, app_name: pulse_doppler_api-aarch64, task_id: 40, task_name: DASH_FFT, resource_name: cpu2, ref_start_time: 2430540191957369, ref_stop_time: 2430540191979029, actual_exe_time: 21660, task_app_start_time:2430540090844933, task_sched_time:2430540191893499
app_id: 1, app_name: pulse_doppler_api-aarch64, task_id: 38, task_name: DASH_FFT, resource_name: cpu3, ref_start_time: 2430540191986889, ref_stop_time: 2430540192207779, actual_exe_time: 220890, task_app_start_time:2430540100558994, task_sched_time:2430540191983859
app_id: 3, app_name: pulse_doppler_api-aarch64, task_id: 25, task_name: DASH_FFT, resource_name: fft1, ref_start_time: 2430540192579899, ref_stop_time: 2430540192610829, actual_exe_time: 30930, task_app_start_time:2430540120723348, task_sched_time:2430540192571079
app_id: 0, app_name: pulse_doppler_api-aarch64, task_id: 41, task_name: DASH_FFT, resource_name: fft2, ref_start_time: 2430540193807319, ref_stop_time: 2430540193843019, actual_exe_time: 35700, task_app_start_time:2430540090844933, task_sched_time:2430540193798289
app_id: 2, app_name: pulse_doppler_api-aarch64, task_id: 30, task_name: DASH_FFT, resource_name: cpu1, ref_start_time: 2430540194929620, ref_stop_time: 2430540194951580, actual_exe_time: 21960, task_app_start_time:2430540110712946, task_sched_time:2430540194915520
app_id: 1, app_name: pulse_doppler_api-aarch64, task_id: 39, task_name: DASH_FFT, resource_name: cpu2, ref_start_time: 2430540195418770, ref_stop_time: 2430540195759720, actual_exe_time: 340950, task_app_start_time:2430540100558994, task_sched_time:2430540195409830
app_id: 3, app_name: pulse_doppler_api-aarch64, task_id: 26, task_name: DASH_FFT, resource_name: cpu3, ref_start_time: 2430540196193670, ref_stop_time: 2430540196219380, actual_exe_time: 25710, task_app_start_time:2430540120723348, task_sched_time:2430540196186230
app_id: 4, app_name: TX_api-aarch64, task_id: 28, task_name: DASH_FFT, resource_name: fft1, ref_start_time: 2430540196294890, ref_stop_time: 2430540196330440, actual_exe_time: 35550, task_app_start_time:2430540081969821, task_sched_time:2430540196285830
app_id: 0, app_name: pulse_doppler_api-aarch64, task_id: 42, task_name: DASH_FFT, resource_name: fft2, ref_start_time: 2430540196494660, ref_stop_time: 2430540196521600, actual_exe_time: 26940, task_app_start_time:2430540090844933, task_sched_time:2430540196378350
app_id: 2, app_name: pulse_doppler_api-aarch64, task_id: 31, task_name: DASH_FFT, resource_name: cpu1, ref_start_time: 2430540196833000, ref_stop_time: 2430540196854030, actual_exe_time: 21030, task_app_start_time:2430540110712946, task_sched_time:2430540196821990
app_id: 1, app_name: pulse_doppler_api-aarch64, task_id: 40, task_name: DASH_FFT, resource_name: cpu2, ref_start_time: 2430540197366160, ref_stop_time: 2430540197387850, actual_exe_time: 21690, task_app_start_time:2430540100558994, task_sched_time:2430540197357880
app_id: 4, app_name: TX_api-aarch64, task_id: 29, task_name: DASH_FFT, resource_name: cpu3, ref_start_time: 2430540197863590, ref_stop_time: 2430540197886330, actual_exe_time: 22740, task_app_start_time:2430540081969821, task_sched_time:2430540197857080
app_id: 0, app_name: pulse_doppler_api-aarch64, task_id: 43, task_name: DASH_FFT, resource_name: fft1, ref_start_time: 2430540198171570, ref_stop_time: 2430540198391200, actual_exe_time: 219630, task_app_start_time:2430540090844933, task_sched_time:2430540198162150
app_id: 3, app_name: pulse_doppler_api-aarch64, task_id: 27, task_name: DASH_FFT, resource_name: cpu1, ref_start_time: 2430540199448340, ref_stop_time: 2430540199470150, actual_exe_time: 21810, task_app_start_time:2430540120723348, task_sched_time:2430540199443540
app_id: 3, app_name: pulse_doppler_api-aarch64, task_id: 28, task_name: DASH_FFT, resource_name: cpu3, ref_start_time: 2430540201576811, ref_stop_time: 2430540201601741, actual_exe_time: 24930, task_app_start_time:2430540120723348, task_sched_time:2430540201572491
app_id: 3, app_name: pulse_doppler_api-aarch64, task_id: 29, task_name: DASH_FFT, resource_name: fft1, ref_start_time: 2430540202176331, ref_stop_time: 2430540202213531, actual_exe_time: 37200, task_app_start_time:2430540120723348, task_sched_time:2430540202163521
app_id: 1, app_name: pulse_doppler_api-aarch64, task_id: 41, task_name: DASH_FFT, resource_name: cpu2, ref_start_time: 2430540203918221, ref_stop_time: 2430540203943301, actual_exe_time: 25080, task_app_start_time:2430540100558994, task_sched_time:2430540200830891
app_id: 2, app_name: pulse_doppler_api-aarch64, task_id: 32, task_name: DASH_FFT, resource_name: cpu1, ref_start_time: 2430540204392941, ref_stop_time: 2430540204416431, actual_exe_time: 23490, task_app_start_time:2430540110712946, task_sched_time:2430540204383071
app_id: 0, app_name: pulse_doppler_api-aarch64, task_id: 44, task_name: DASH_FFT, resource_name: fft2, ref_start_time: 2430540205148431, ref_stop_time: 2430540205185661, actual_exe_time: 37230, task_app_start_time:2430540090844933, task_sched_time:2430540198959670
app_id: 2, app_name: pulse_doppler_api-aarch64, task_id: 33, task_name: DASH_FFT, resource_name: cpu2, ref_start_time: 2430540205193821, ref_stop_time: 2430540205218811, actual_exe_time: 24990, task_app_start_time:2430540110712946, task_sched_time:2430540205188991
app_id: 3, app_name: pulse_doppler_api-aarch64, task_id: 30, task_name: DASH_FFT, resource_name: fft2, ref_start_time: 2430540205346521, ref_stop_time: 2430540205372861, actual_exe_time: 26340, task_app_start_time:2430540120723348, task_sched_time:2430540203271391
app_id: 2, app_name: pulse_doppler_api-aarch64, task_id: 34, task_name: DASH_FFT, resource_name: cpu3, ref_start_time: 2430540205552861, ref_stop_time: 2430540205575241, actual_exe_time: 22380, task_app_start_time:2430540110712946, task_sched_time:2430540205547611
app_id: 1, app_name: pulse_doppler_api-aarch64, task_id: 42, task_name: DASH_FFT, resource_name: fft1, ref_start_time: 2430540205860271, ref_stop_time: 2430540205888891, actual_exe_time: 28620, task_app_start_time:2430540100558994, task_sched_time:2430540205848811
app_id: 3, app_name: pulse_doppler_api-aarch64, task_id: 31, task_name: DASH_FFT, resource_name: fft2, ref_start_time: 2430540206499962, ref_stop_time: 2430540206525972, actual_exe_time: 26010, task_app_start_time:2430540120723348, task_sched_time:2430540206494772
app_id: 2, app_name: pulse_doppler_api-aarch64, task_id: 35, task_name: DASH_FFT, resource_name: cpu1, ref_start_time: 2430540207048602, ref_stop_time: 2430540207071222, actual_exe_time: 22620, task_app_start_time:2430540110712946, task_sched_time:2430540207040352
app_id: 0, app_name: pulse_doppler_api-aarch64, task_id: 45, task_name: DASH_FFT, resource_name: cpu2, ref_start_time: 2430540207400772, ref_stop_time: 2430540207617792, actual_exe_time: 217020, task_app_start_time:2430540090844933, task_sched_time:2430540207396512
app_id: 2, app_name: pulse_doppler_api-aarch64, task_id: 36, task_name: DASH_FFT, resource_name: cpu3, ref_start_time: 2430540207930422, ref_stop_time: 2430540207952322, actual_exe_time: 21900, task_app_start_time:2430540110712946, task_sched_time:2430540207921272
app_id: 1, app_name: pulse_doppler_api-aarch64, task_id: 43, task_name: DASH_FFT, resource_name: fft1, ref_start_time: 2430540208248572, ref_stop_time: 2430540208445162, actual_exe_time: 196590, task_app_start_time:2430540100558994, task_sched_time:2430540208230242
app_id: 3, app_name: pulse_doppler_api-aarch64, task_id: 32, task_name: DASH_FFT, resource_name: cpu1, ref_start_time: 2430540209294342, ref_stop_time: 2430540209317202, actual_exe_time: 22860, task_app_start_time:2430540120723348, task_sched_time:2430540209289752
app_id: 0, app_name: pulse_doppler_api-aarch64, task_id: 46, task_name: DASH_FFT, resource_name: fft2, ref_start_time: 2430540209610722, ref_stop_time: 2430540209636822, actual_exe_time: 26100, task_app_start_time:2430540090844933, task_sched_time:2430540208560272
app_id: 2, app_name: pulse_doppler_api-aarch64, task_id: 37, task_name: DASH_FFT, resource_name: cpu2, ref_start_time: 2430540209644592, ref_stop_time: 2430540209793242, actual_exe_time: 148650, task_app_start_time:2430540110712946, task_sched_time:2430540209617982
app_id: 1, app_name: pulse_doppler_api-aarch64, task_id: 44, task_name: DASH_FFT, resource_name: cpu3, ref_start_time: 2430540210078422, ref_stop_time: 2430540210196142, actual_exe_time: 117720, task_app_start_time:2430540100558994, task_sched_time:2430540210069242
app_id: 2, app_name: pulse_doppler_api-aarch64, task_id: 38, task_name: DASH_FFT, resource_name: fft1, ref_start_time: 2430540211214282, ref_stop_time: 2430540211250222, actual_exe_time: 35940, task_app_start_time:2430540110712946, task_sched_time:2430540211204742
app_id: 3, app_name: pulse_doppler_api-aarch64, task_id: 33, task_name: DASH_FFT, resource_name: fft2, ref_start_time: 2430540211550972, ref_stop_time: 2430540211672412, actual_exe_time: 121440, task_app_start_time:2430540120723348, task_sched_time:2430540211498412
app_id: 1, app_name: pulse_doppler_api-aarch64, task_id: 45, task_name: DASH_FFT, resource_name: cpu1, ref_start_time: 2430540212368382, ref_stop_time: 2430540212396552, actual_exe_time: 28170, task_app_start_time:2430540100558994, task_sched_time:2430540212359232
app_id: 2, app_name: pulse_doppler_api-aarch64, task_id: 39, task_name: DASH_FFT, resource_name: cpu2, ref_start_time: 2430540213967443, ref_stop_time: 2430540213993333, actual_exe_time: 25890, task_app_start_time:2430540110712946, task_sched_time:2430540213962373
app_id: 0, app_name: pulse_doppler_api-aarch64, task_id: 47, task_name: DASH_FFT, resource_name: cpu3, ref_start_time: 2430540214074483, ref_stop_time: 2430540214100373, actual_exe_time: 25890, task_app_start_time:2430540090844933, task_sched_time:2430540214068603
app_id: 3, app_name: pulse_doppler_api-aarch64, task_id: 34, task_name: DASH_FFT, resource_name: fft1, ref_start_time: 2430540214145283, ref_stop_time: 2430540214172373, actual_exe_time: 27090, task_app_start_time:2430540120723348, task_sched_time:2430540214132053
app_id: 1, app_name: pulse_doppler_api-aarch64, task_id: 46, task_name: DASH_FFT, resource_name: fft2, ref_start_time: 2430540214379673, ref_stop_time: 2430540214406283, actual_exe_time: 26610, task_app_start_time:2430540100558994, task_sched_time:2430540214370013
app_id: 0, app_name: pulse_doppler_api-aarch64, task_id: 48, task_name: DASH_FFT, resource_name: cpu1, ref_start_time: 2430540215881893, ref_stop_time: 2430540215903913, actual_exe_time: 22020, task_app_start_time:2430540090844933, task_sched_time:2430540215876973
app_id: 2, app_name: pulse_doppler_api-aarch64, task_id: 40, task_name: DASH_FFT, resource_name: cpu2, ref_start_time: 2430540215984673, ref_stop_time: 2430540216009843, actual_exe_time: 25170, task_app_start_time:2430540110712946, task_sched_time:2430540215979123
app_id: 3, app_name: pulse_doppler_api-aarch64, task_id: 35, task_name: DASH_FFT, resource_name: cpu3, ref_start_time: 2430540216037143, ref_stop_time: 2430540216062883, actual_exe_time: 25740, task_app_start_time:2430540120723348, task_sched_time:2430540216025773
app_id: 0, app_name: pulse_doppler_api-aarch64, task_id: 49, task_name: DASH_FFT, resource_name: fft1, ref_start_time: 2430540216643143, ref_stop_time: 2430540216670113, actual_exe_time: 26970, task_app_start_time:2430540090844933, task_sched_time:2430540216639663
app_id: 0, app_name: pulse_doppler_api-aarch64, task_id: 50, task_name: DASH_FFT, resource_name: cpu1, ref_start_time: 2430540218138223, ref_stop_time: 2430540218161593, actual_exe_time: 23370, task_app_start_time:2430540090844933, task_sched_time:2430540218126673
app_id: 1, app_name: pulse_doppler_api-aarch64, task_id: 47, task_name: DASH_FFT, resource_name: fft2, ref_start_time: 2430540218317773, ref_stop_time: 2430540218362623, actual_exe_time: 44850, task_app_start_time:2430540100558994, task_sched_time:2430540217422933
app_id: 2, app_name: pulse_doppler_api-aarch64, task_id: 41, task_name: DASH_FFT, resource_name: cpu2, ref_start_time: 2430540218578773, ref_stop_time: 2430540218604513, actual_exe_time: 25740, task_app_start_time:2430540110712946, task_sched_time:2430540218525193
app_id: 3, app_name: pulse_doppler_api-aarch64, task_id: 36, task_name: DASH_FFT, resource_name: cpu3, ref_start_time: 2430540218833083, ref_stop_time: 2430540218934754, actual_exe_time: 101671, task_app_start_time:2430540120723348, task_sched_time:2430540218787003
app_id: 2, app_name: pulse_doppler_api-aarch64, task_id: 42, task_name: DASH_FFT, resource_name: fft1, ref_start_time: 2430540219564364, ref_stop_time: 2430540219590974, actual_exe_time: 26610, task_app_start_time:2430540110712946, task_sched_time:2430540219533584
app_id: 0, app_name: pulse_doppler_api-aarch64, task_id: 51, task_name: DASH_FFT, resource_name: fft2, ref_start_time: 2430540220045684, ref_stop_time: 2430540220163974, actual_exe_time: 118290, task_app_start_time:2430540090844933, task_sched_time:2430540220038034
app_id: 1, app_name: pulse_doppler_api-aarch64, task_id: 48, task_name: DASH_FFT, resource_name: cpu1, ref_start_time: 2430540220700164, ref_stop_time: 2430540220890424, actual_exe_time: 190260, task_app_start_time:2430540100558994, task_sched_time:2430540220693444
app_id: 3, app_name: pulse_doppler_api-aarch64, task_id: 37, task_name: DASH_FFT, resource_name: cpu2, ref_start_time: 2430540221377564, ref_stop_time: 2430540221399674, actual_exe_time: 22110, task_app_start_time:2430540120723348, task_sched_time:2430540221372074
app_id: 3, app_name: pulse_doppler_api-aarch64, task_id: 38, task_name: DASH_FFT, resource_name: cpu3, ref_start_time: 2430540221727184, ref_stop_time: 2430540221753134, actual_exe_time: 25950, task_app_start_time:2430540120723348, task_sched_time:2430540221723434
app_id: 4, app_name: TX_api-aarch64, task_id: 30, task_name: DASH_FFT, resource_name: fft1, ref_start_time: 2430540222136474, ref_stop_time: 2430540222590194, actual_exe_time: 453720, task_app_start_time:2430540081969821, task_sched_time:2430540222124684
app_id: 2, app_name: pulse_doppler_api-aarch64, task_id: 43, task_name: DASH_FFT, resource_name: fft2, ref_start_time: 2430540222460174, ref_stop_time: 2430540222776224, actual_exe_time: 316050, task_app_start_time:2430540110712946, task_sched_time:2430540222425584
app_id: 1, app_name: pulse_doppler_api-aarch64, task_id: 49, task_name: DASH_FFT, resource_name: cpu1, ref_start_time: 2430540223783954, ref_stop_time: 2430540223807954, actual_exe_time: 24000, task_app_start_time:2430540100558994, task_sched_time:2430540223776364
app_id: 3, app_name: pulse_doppler_api-aarch64, task_id: 39, task_name: DASH_FFT, resource_name: cpu2, ref_start_time: 2430540224289514, ref_stop_time: 2430540224312044, actual_exe_time: 22530, task_app_start_time:2430540120723348, task_sched_time:2430540224286304
app_id: 2, app_name: pulse_doppler_api-aarch64, task_id: 44, task_name: DASH_FFT, resource_name: cpu3, ref_start_time: 2430540224818744, ref_stop_time: 2430540224841334, actual_exe_time: 22590, task_app_start_time:2430540110712946, task_sched_time:2430540224812384
app_id: 0, app_name: pulse_doppler_api-aarch64, task_id: 52, task_name: DASH_FFT, resource_name: fft1, ref_start_time: 2430540225063664, ref_stop_time: 2430540225547055, actual_exe_time: 483391, task_app_start_time:2430540090844933, task_sched_time:2430540225060844
app_id: 4, app_name: TX_api-aarch64, task_id: 31, task_name: DASH_FFT, resource_name: fft2, ref_start_time: 2430540225669095, ref_stop_time: 2430540225707045, actual_exe_time: 37950, task_app_start_time:2430540081969821, task_sched_time:2430540225663095
app_id: 1, app_name: pulse_doppler_api-aarch64, task_id: 50, task_name: DASH_FFT, resource_name: cpu1, ref_start_time: 2430540226422935, ref_stop_time: 2430540226448045, actual_exe_time: 25110, task_app_start_time:2430540100558994, task_sched_time:2430540226417535
app_id: 3, app_name: pulse_doppler_api-aarch64, task_id: 40, task_name: DASH_FFT, resource_name: cpu2, ref_start_time: 2430540226719575, ref_stop_time: 2430540227105405, actual_exe_time: 385830, task_app_start_time:2430540120723348, task_sched_time:2430540226712495
app_id: 4, app_name: TX_api-aarch64, task_id: 32, task_name: DASH_FFT, resource_name: cpu3, ref_start_time: 2430540227226905, ref_stop_time: 2430540227250155, actual_exe_time: 23250, task_app_start_time:2430540081969821, task_sched_time:2430540227223215
app_id: 0, app_name: pulse_doppler_api-aarch64, task_id: 53, task_name: DASH_FFT, resource_name: fft1, ref_start_time: 2430540229076945, ref_stop_time: 2430540229254995, actual_exe_time: 178050, task_app_start_time:2430540090844933, task_sched_time:2430540229063385
app_id: 3, app_name: pulse_doppler_api-aarch64, task_id: 41, task_name: DASH_FFT, resource_name: fft2, ref_start_time: 2430540230364515, ref_stop_time: 2430540230400665, actual_exe_time: 36150, task_app_start_time:2430540120723348, task_sched_time:2430540230355095
app_id: 4, app_name: TX_api-aarch64, task_id: 33, task_name: DASH_FFT, resource_name: cpu1, ref_start_time: 2430540231155555, ref_stop_time: 2430540231179435, actual_exe_time: 23880, task_app_start_time:2430540081969821, task_sched_time:2430540231141185
app_id: 2, app_name: pulse_doppler_api-aarch64, task_id: 45, task_name: DASH_FFT, resource_name: cpu2, ref_start_time: 2430540231531216, ref_stop_time: 2430540231557046, actual_exe_time: 25830, task_app_start_time:2430540110712946, task_sched_time:2430540231454596
app_id: 1, app_name: pulse_doppler_api-aarch64, task_id: 51, task_name: DASH_FFT, resource_name: cpu3, ref_start_time: 2430540231882756, ref_stop_time: 2430540232404666, actual_exe_time: 521910, task_app_start_time:2430540100558994, task_sched_time:2430540231873276
app_id: 3, app_name: pulse_doppler_api-aarch64, task_id: 42, task_name: DASH_FFT, resource_name: fft1, ref_start_time: 2430540232219296, ref_stop_time: 2430540232816566, actual_exe_time: 597270, task_app_start_time:2430540120723348, task_sched_time:2430540232204896
app_id: 0, app_name: pulse_doppler_api-aarch64, task_id: 54, task_name: DASH_FFT, resource_name: fft2, ref_start_time: 2430540232520706, ref_stop_time: 2430540232696806, actual_exe_time: 176100, task_app_start_time:2430540090844933, task_sched_time:2430540232513386
app_id: 4, app_name: TX_api-aarch64, task_id: 34, task_name: DASH_FFT, resource_name: cpu1, ref_start_time: 2430540233289066, ref_stop_time: 2430540233311386, actual_exe_time: 22320, task_app_start_time:2430540081969821, task_sched_time:2430540233279136
app_id: 2, app_name: pulse_doppler_api-aarch64, task_id: 46, task_name: DASH_FFT, resource_name: cpu2, ref_start_time: 2430540233613486, ref_stop_time: 2430540233638506, actual_exe_time: 25020, task_app_start_time:2430540110712946, task_sched_time:2430540233609406
app_id: 0, app_name: pulse_doppler_api-aarch64, task_id: 55, task_name: DASH_FFT, resource_name: cpu3, ref_start_time: 2430540234138006, ref_stop_time: 2430540234384576, actual_exe_time: 246570, task_app_start_time:2430540090844933, task_sched_time:2430540234133416
app_id: 1, app_name: pulse_doppler_api-aarch64, task_id: 52, task_name: DASH_FFT, resource_name: fft1, ref_start_time: 2430540234759336, ref_stop_time: 2430540234787146, actual_exe_time: 27810, task_app_start_time:2430540100558994, task_sched_time:2430540234754836
app_id: 2, app_name: pulse_doppler_api-aarch64, task_id: 47, task_name: DASH_FFT, resource_name: fft2, ref_start_time: 2430540235381806, ref_stop_time: 2430540235420866, actual_exe_time: 39060, task_app_start_time:2430540110712946, task_sched_time:2430540235377786
app_id: 2, app_name: pulse_doppler_api-aarch64, task_id: 48, task_name: DASH_FFT, resource_name: cpu1, ref_start_time: 2430540236374416, ref_stop_time: 2430540236397426, actual_exe_time: 23010, task_app_start_time:2430540110712946, task_sched_time:2430540236368086
app_id: 0, app_name: pulse_doppler_api-aarch64, task_id: 56, task_name: DASH_FFT, resource_name: cpu2, ref_start_time: 2430540236715816, ref_stop_time: 2430540237028956, actual_exe_time: 313140, task_app_start_time:2430540090844933, task_sched_time:2430540236709876
app_id: 1, app_name: pulse_doppler_api-aarch64, task_id: 53, task_name: DASH_FFT, resource_name: cpu3, ref_start_time: 2430540237293946, ref_stop_time: 2430540237404526, actual_exe_time: 110580, task_app_start_time:2430540100558994, task_sched_time:2430540237140916
app_id: 3, app_name: pulse_doppler_api-aarch64, task_id: 43, task_name: DASH_FFT, resource_name: fft1, ref_start_time: 2430540237381576, ref_stop_time: 2430540237413226, actual_exe_time: 31650, task_app_start_time:2430540120723348, task_sched_time:2430540237364356
app_id: 4, app_name: TX_api-aarch64, task_id: 35, task_name: DASH_FFT, resource_name: fft2, ref_start_time: 2430540237837547, ref_stop_time: 2430540238011577, actual_exe_time: 174030, task_app_start_time:2430540081969821, task_sched_time:2430540237833257
app_id: 3, app_name: pulse_doppler_api-aarch64, task_id: 44, task_name: DASH_FFT, resource_name: cpu1, ref_start_time: 2430540238629037, ref_stop_time: 2430540238652017, actual_exe_time: 22980, task_app_start_time:2430540120723348, task_sched_time:2430540238620067
app_id: 1, app_name: pulse_doppler_api-aarch64, task_id: 54, task_name: DASH_FFT, resource_name: cpu2, ref_start_time: 2430540239361337, ref_stop_time: 2430540239383087, actual_exe_time: 21750, task_app_start_time:2430540100558994, task_sched_time:2430540239354527
app_id: 2, app_name: pulse_doppler_api-aarch64, task_id: 49, task_name: DASH_FFT, resource_name: cpu3, ref_start_time: 2430540239670067, ref_stop_time: 2430540240064147, actual_exe_time: 394080, task_app_start_time:2430540110712946, task_sched_time:2430540239657467
app_id: 0, app_name: pulse_doppler_api-aarch64, task_id: 57, task_name: DASH_FFT, resource_name: fft1, ref_start_time: 2430540240264667, ref_stop_time: 2430540240290257, actual_exe_time: 25590, task_app_start_time:2430540090844933, task_sched_time:2430540240260947
app_id: 4, app_name: TX_api-aarch64, task_id: 36, task_name: DASH_FFT, resource_name: fft2, ref_start_time: 2430540241128397, ref_stop_time: 2430540241166407, actual_exe_time: 38010, task_app_start_time:2430540081969821, task_sched_time:2430540241119817
app_id: 3, app_name: pulse_doppler_api-aarch64, task_id: 45, task_name: DASH_FFT, resource_name: cpu1, ref_start_time: 2430540241697737, ref_stop_time: 2430540242064787, actual_exe_time: 367050, task_app_start_time:2430540120723348, task_sched_time:2430540241682677
app_id: 1, app_name: pulse_doppler_api-aarch64, task_id: 55, task_name: DASH_FFT, resource_name: cpu2, ref_start_time: 2430540242611987, ref_stop_time: 2430540242634607, actual_exe_time: 22620, task_app_start_time:2430540100558994, task_sched_time:2430540242603377
app_id: 2, app_name: pulse_doppler_api-aarch64, task_id: 50, task_name: DASH_FFT, resource_name: cpu3, ref_start_time: 2430540243227977, ref_stop_time: 2430540243251347, actual_exe_time: 23370, task_app_start_time:2430540110712946, task_sched_time:2430540243219727
app_id: 4, app_name: TX_api-aarch64, task_id: 37, task_name: DASH_FFT, resource_name: fft1, ref_start_time: 2430540244619168, ref_stop_time: 2430540244655108, actual_exe_time: 35940, task_app_start_time:2430540081969821, task_sched_time:2430540244612058
app_id: 0, app_name: pulse_doppler_api-aarch64, task_id: 58, task_name: DASH_FFT, resource_name: fft2, ref_start_time: 2430540245008748, ref_stop_time: 2430540245035268, actual_exe_time: 26520, task_app_start_time:2430540090844933, task_sched_time:2430540245005328
app_id: 3, app_name: pulse_doppler_api-aarch64, task_id: 46, task_name: DASH_FFT, resource_name: cpu1, ref_start_time: 2430540245835218, ref_stop_time: 2430540245856848, actual_exe_time: 21630, task_app_start_time:2430540120723348, task_sched_time:2430540245821178
app_id: 1, app_name: pulse_doppler_api-aarch64, task_id: 56, task_name: DASH_FFT, resource_name: cpu2, ref_start_time: 2430540246370658, ref_stop_time: 2430540246393368, actual_exe_time: 22710, task_app_start_time:2430540100558994, task_sched_time:2430540246363158
app_id: 0, app_name: pulse_doppler_api-aarch64, task_id: 59, task_name: DASH_FFT, resource_name: cpu3, ref_start_time: 2430540246808838, ref_stop_time: 2430540246833948, actual_exe_time: 25110, task_app_start_time:2430540090844933, task_sched_time:2430540246802688
app_id: 2, app_name: pulse_doppler_api-aarch64, task_id: 51, task_name: DASH_FFT, resource_name: fft1, ref_start_time: 2430540247172948, ref_stop_time: 2430540247552328, actual_exe_time: 379380, task_app_start_time:2430540110712946, task_sched_time:2430540247160678
app_id: 4, app_name: TX_api-aarch64, task_id: 38, task_name: DASH_FFT, resource_name: fft2, ref_start_time: 2430540247645898, ref_stop_time: 2430540247685168, actual_exe_time: 39270, task_app_start_time:2430540081969821, task_sched_time:2430540247585208
app_id: 3, app_name: pulse_doppler_api-aarch64, task_id: 47, task_name: DASH_FFT, resource_name: cpu1, ref_start_time: 2430540248749208, ref_stop_time: 2430540248772158, actual_exe_time: 22950, task_app_start_time:2430540120723348, task_sched_time:2430540248737058
app_id: 2, app_name: pulse_doppler_api-aarch64, task_id: 52, task_name: DASH_FFT, resource_name: cpu2, ref_start_time: 2430540249751028, ref_stop_time: 2430540249775088, actual_exe_time: 24060, task_app_start_time:2430540110712946, task_sched_time:2430540249747878
app_id: 1, app_name: pulse_doppler_api-aarch64, task_id: 57, task_name: DASH_FFT, resource_name: cpu3, ref_start_time: 2430540250060959, ref_stop_time: 2430540250388799, actual_exe_time: 327840, task_app_start_time:2430540100558994, task_sched_time:2430540250056129
app_id: 0, app_name: pulse_doppler_api-aarch64, task_id: 60, task_name: DASH_FFT, resource_name: fft1, ref_start_time: 2430540250541859, ref_stop_time: 2430540250567419, actual_exe_time: 25560, task_app_start_time:2430540090844933, task_sched_time:2430540250534149
app_id: 4, app_name: TX_api-aarch64, task_id: 39, task_name: DASH_FFT, resource_name: fft2, ref_start_time: 2430540250934439, ref_stop_time: 2430540251218869, actual_exe_time: 284430, task_app_start_time:2430540081969821, task_sched_time:2430540250926159
app_id: 3, app_name: pulse_doppler_api-aarch64, task_id: 48, task_name: DASH_FFT, resource_name: cpu1, ref_start_time: 2430540251600109, ref_stop_time: 2430540251621739, actual_exe_time: 21630, task_app_start_time:2430540120723348, task_sched_time:2430540251596839
app_id: 0, app_name: pulse_doppler_api-aarch64, task_id: 61, task_name: DASH_FFT, resource_name: cpu2, ref_start_time: 2430540252161199, ref_stop_time: 2430540252183759, actual_exe_time: 22560, task_app_start_time:2430540090844933, task_sched_time:2430540252115569
app_id: 1, app_name: pulse_doppler_api-aarch64, task_id: 58, task_name: DASH_FFT, resource_name: cpu3, ref_start_time: 2430540252976209, ref_stop_time: 2430540253191699, actual_exe_time: 215490, task_app_start_time:2430540100558994, task_sched_time:2430540252971199
app_id: 3, app_name: pulse_doppler_api-aarch64, task_id: 49, task_name: DASH_FFT, resource_name: fft1, ref_start_time: 2430540253299609, ref_stop_time: 2430540253746069, actual_exe_time: 446460, task_app_start_time:2430540120723348, task_sched_time:2430540253291149
app_id: 3, app_name: pulse_doppler_api-aarch64, task_id: 50, task_name: DASH_FFT, resource_name: cpu1, ref_start_time: 2430540254865699, ref_stop_time: 2430540254888799, actual_exe_time: 23100, task_app_start_time:2430540120723348, task_sched_time:2430540254861739
app_id: 0, app_name: pulse_doppler_api-aarch64, task_id: 62, task_name: DASH_FFT, resource_name: fft2, ref_start_time: 2430540255873759, ref_stop_time: 2430540255917349, actual_exe_time: 43590, task_app_start_time:2430540090844933, task_sched_time:2430540254138709
app_id: 2, app_name: pulse_doppler_api-aarch64, task_id: 53, task_name: DASH_FFT, resource_name: cpu3, ref_start_time: 2430540256263310, ref_stop_time: 2430540256287130, actual_exe_time: 23820, task_app_start_time:2430540110712946, task_sched_time:2430540256259620
app_id: 3, app_name: pulse_doppler_api-aarch64, task_id: 51, task_name: DASH_FFT, resource_name: fft1, ref_start_time: 2430540256789120, ref_stop_time: 2430540256922860, actual_exe_time: 133740, task_app_start_time:2430540120723348, task_sched_time:2430540256783750
app_id: 2, app_name: pulse_doppler_api-aarch64, task_id: 54, task_name: DASH_FFT, resource_name: fft2, ref_start_time: 2430540257330440, ref_stop_time: 2430540257375080, actual_exe_time: 44640, task_app_start_time:2430540110712946, task_sched_time:2430540257327080
app_id: 1, app_name: pulse_doppler_api-aarch64, task_id: 59, task_name: DASH_FFT, resource_name: cpu2, ref_start_time: 2430540257760160, ref_stop_time: 2430540257784640, actual_exe_time: 24480, task_app_start_time:2430540100558994, task_sched_time:2430540255371319
app_id: 2, app_name: pulse_doppler_api-aarch64, task_id: 55, task_name: DASH_FFT, resource_name: cpu1, ref_start_time: 2430540258214480, ref_stop_time: 2430540258236710, actual_exe_time: 22230, task_app_start_time:2430540110712946, task_sched_time:2430540258138610
app_id: 0, app_name: pulse_doppler_api-aarch64, task_id: 63, task_name: DASH_FFT, resource_name: cpu2, ref_start_time: 2430540258323620, ref_stop_time: 2430540258388210, actual_exe_time: 64590, task_app_start_time:2430540090844933, task_sched_time:2430540258257920
app_id: 3, app_name: pulse_doppler_api-aarch64, task_id: 52, task_name: DASH_FFT, resource_name: cpu3, ref_start_time: 2430540258599920, ref_stop_time: 2430540258750400, actual_exe_time: 150480, task_app_start_time:2430540120723348, task_sched_time:2430540258570460
app_id: 2, app_name: pulse_doppler_api-aarch64, task_id: 56, task_name: DASH_FFT, resource_name: fft1, ref_start_time: 2430540259244860, ref_stop_time: 2430540259280530, actual_exe_time: 35670, task_app_start_time:2430540110712946, task_sched_time:2430540259237360
app_id: 2, app_name: pulse_doppler_api-aarch64, task_id: 57, task_name: DASH_FFT, resource_name: cpu1, ref_start_time: 2430540260050000, ref_stop_time: 2430540260072020, actual_exe_time: 22020, task_app_start_time:2430540110712946, task_sched_time:2430540260044900
app_id: 3, app_name: pulse_doppler_api-aarch64, task_id: 53, task_name: DASH_FFT, resource_name: cpu2, ref_start_time: 2430540260553580, ref_stop_time: 2430540260725150, actual_exe_time: 171570, task_app_start_time:2430540120723348, task_sched_time:2430540260548930
app_id: 0, app_name: pulse_doppler_api-aarch64, task_id: 64, task_name: DASH_FFT, resource_name: fft2, ref_start_time: 2430540260583430, ref_stop_time: 2430540260610610, actual_exe_time: 27180, task_app_start_time:2430540090844933, task_sched_time:2430540259406080
app_id: 1, app_name: pulse_doppler_api-aarch64, task_id: 60, task_name: DASH_FFT, resource_name: cpu3, ref_start_time: 2430540260980660, ref_stop_time: 2430540261590410, actual_exe_time: 609750, task_app_start_time:2430540100558994, task_sched_time:2430540260907640
app_id: 2, app_name: pulse_doppler_api-aarch64, task_id: 58, task_name: DASH_FFT, resource_name: fft1, ref_start_time: 2430540261788950, ref_stop_time: 2430540261815290, actual_exe_time: 26340, task_app_start_time:2430540110712946, task_sched_time:2430540261783370
app_id: 3, app_name: pulse_doppler_api-aarch64, task_id: 54, task_name: DASH_FFT, resource_name: fft2, ref_start_time: 2430540262313470, ref_stop_time: 2430540262491641, actual_exe_time: 178171, task_app_start_time:2430540120723348, task_sched_time:2430540262309510
app_id: 3, app_name: pulse_doppler_api-aarch64, task_id: 55, task_name: DASH_FFT, resource_name: cpu1, ref_start_time: 2430540263458451, ref_stop_time: 2430540263479841, actual_exe_time: 21390, task_app_start_time:2430540120723348, task_sched_time:2430540263447771
app_id: 3, app_name: pulse_doppler_api-aarch64, task_id: 56, task_name: DASH_FFT, resource_name: cpu2, ref_start_time: 2430540266336321, ref_stop_time: 2430540266360111, actual_exe_time: 23790, task_app_start_time:2430540120723348, task_sched_time:2430540264111941
app_id: 2, app_name: pulse_doppler_api-aarch64, task_id: 59, task_name: DASH_FFT, resource_name: cpu3, ref_start_time: 2430540273036462, ref_stop_time: 2430540273117882, actual_exe_time: 81420, task_app_start_time:2430540110712946, task_sched_time:2430540273030372
app_id: 0, app_name: pulse_doppler_api-aarch64, task_id: 65, task_name: DASH_FFT, resource_name: fft1, ref_start_time: 2430540274131522, ref_stop_time: 2430540274169502, actual_exe_time: 37980, task_app_start_time:2430540090844933, task_sched_time:2430540274127322
app_id: 4, app_name: TX_api-aarch64, task_id: 40, task_name: DASH_FFT, resource_name: fft2, ref_start_time: 2430540274478292, ref_stop_time: 2430540275001103, actual_exe_time: 522811, task_app_start_time:2430540081969821, task_sched_time:2430540274475412
app_id: 3, app_name: pulse_doppler_api-aarch64, task_id: 57, task_name: DASH_FFT, resource_name: cpu1, ref_start_time: 2430540275506633, ref_stop_time: 2430540275528323, actual_exe_time: 21690, task_app_start_time:2430540120723348, task_sched_time:2430540275500543
app_id: 2, app_name: pulse_doppler_api-aarch64, task_id: 60, task_name: DASH_FFT, resource_name: cpu2, ref_start_time: 2430540275885893, ref_stop_time: 2430540276020803, actual_exe_time: 134910, task_app_start_time:2430540110712946, task_sched_time:2430540275835163
app_id: 4, app_name: TX_api-aarch64, task_id: 41, task_name: DASH_FFT, resource_name: cpu3, ref_start_time: 2430540276732193, ref_stop_time: 2430540277111303, actual_exe_time: 379110, task_app_start_time:2430540081969821, task_sched_time:2430540276725083
app_id: 1, app_name: pulse_doppler_api-aarch64, task_id: 61, task_name: DASH_FFT, resource_name: fft1, ref_start_time: 2430540277450033, ref_stop_time: 2430540277479043, actual_exe_time: 29010, task_app_start_time:2430540100558994, task_sched_time:2430540277442563
app_id: 3, app_name: pulse_doppler_api-aarch64, task_id: 58, task_name: DASH_FFT, resource_name: fft2, ref_start_time: 2430540277655233, ref_stop_time: 2430540277681033, actual_exe_time: 25800, task_app_start_time:2430540120723348, task_sched_time:2430540277645903
app_id: 2, app_name: pulse_doppler_api-aarch64, task_id: 61, task_name: DASH_FFT, resource_name: cpu1, ref_start_time: 2430540278335603, ref_stop_time: 2430540278357953, actual_exe_time: 22350, task_app_start_time:2430540110712946, task_sched_time:2430540278322553
app_id: 0, app_name: pulse_doppler_api-aarch64, task_id: 66, task_name: DASH_FFT, resource_name: cpu2, ref_start_time: 2430540278415283, ref_stop_time: 2430540278437513, actual_exe_time: 22230, task_app_start_time:2430540090844933, task_sched_time:2430540278377513
app_id: 4, app_name: TX_api-aarch64, task_id: 42, task_name: DASH_FFT, resource_name: cpu3, ref_start_time: 2430540279052633, ref_stop_time: 2430540279075493, actual_exe_time: 22860, task_app_start_time:2430540081969821, task_sched_time:2430540279047053
app_id: 1, app_name: pulse_doppler_api-aarch64, task_id: 62, task_name: DASH_FFT, resource_name: fft1, ref_start_time: 2430540279419353, ref_stop_time: 2430540279459253, actual_exe_time: 39900, task_app_start_time:2430540100558994, task_sched_time:2430540279407653
app_id: 0, app_name: pulse_doppler_api-aarch64, task_id: 67, task_name: DASH_FFT, resource_name: fft2, ref_start_time: 2430540280612843, ref_stop_time: 2430540280639333, actual_exe_time: 26490, task_app_start_time:2430540090844933, task_sched_time:2430540280605163
app_id: 3, app_name: pulse_doppler_api-aarch64, task_id: 59, task_name: DASH_FFT, resource_name: cpu1, ref_start_time: 2430540281366114, ref_stop_time: 2430540281389934, actual_exe_time: 23820, task_app_start_time:2430540120723348, task_sched_time:2430540281357594
app_id: 2, app_name: pulse_doppler_api-aarch64, task_id: 62, task_name: DASH_FFT, resource_name: cpu2, ref_start_time: 2430540281622794, ref_stop_time: 2430540281911454, actual_exe_time: 288660, task_app_start_time:2430540110712946, task_sched_time:2430540281616524
app_id: 2, app_name: pulse_doppler_api-aarch64, task_id: 63, task_name: DASH_FFT, resource_name: cpu3, ref_start_time: 2430540282549524, ref_stop_time: 2430540282572564, actual_exe_time: 23040, task_app_start_time:2430540110712946, task_sched_time:2430540282543614
app_id: 1, app_name: pulse_doppler_api-aarch64, task_id: 63, task_name: DASH_FFT, resource_name: fft1, ref_start_time: 2430540282793754, ref_stop_time: 2430540283103774, actual_exe_time: 310020, task_app_start_time:2430540100558994, task_sched_time:2430540282786674
app_id: 0, app_name: pulse_doppler_api-aarch64, task_id: 68, task_name: DASH_FFT, resource_name: fft2, ref_start_time: 2430540283531064, ref_stop_time: 2430540283567364, actual_exe_time: 36300, task_app_start_time:2430540090844933, task_sched_time:2430540283524164
app_id: 2, app_name: pulse_doppler_api-aarch64, task_id: 64, task_name: DASH_FFT, resource_name: cpu1, ref_start_time: 2430540284762234, ref_stop_time: 2430540284784374, actual_exe_time: 22140, task_app_start_time:2430540110712946, task_sched_time:2430540284755334
app_id: 4, app_name: TX_api-aarch64, task_id: 43, task_name: DASH_FFT, resource_name: cpu2, ref_start_time: 2430540285182894, ref_stop_time: 2430540285441494, actual_exe_time: 258600, task_app_start_time:2430540081969821, task_sched_time:2430540285179174
app_id: 3, app_name: pulse_doppler_api-aarch64, task_id: 60, task_name: DASH_FFT, resource_name: cpu3, ref_start_time: 2430540285530414, ref_stop_time: 2430540285825014, actual_exe_time: 294600, task_app_start_time:2430540120723348, task_sched_time:2430540285520184
app_id: 1, app_name: pulse_doppler_api-aarch64, task_id: 64, task_name: DASH_FFT, resource_name: fft1, ref_start_time: 2430540285895484, ref_stop_time: 2430540285924464, actual_exe_time: 28980, task_app_start_time:2430540100558994, task_sched_time:2430540285888884
app_id: 4, app_name: TX_api-aarch64, task_id: 44, task_name: DASH_FFT, resource_name: fft2, ref_start_time: 2430540286368494, ref_stop_time: 2430540286405844, actual_exe_time: 37350, task_app_start_time:2430540081969821, task_sched_time:2430540286361714
app_id: 2, app_name: pulse_doppler_api-aarch64, task_id: 65, task_name: DASH_FFT, resource_name: cpu1, ref_start_time: 2430540286955984, ref_stop_time: 2430540286978664, actual_exe_time: 22680, task_app_start_time:2430540110712946, task_sched_time:2430540286948094
app_id: 1, app_name: pulse_doppler_api-aarch64, task_id: 65, task_name: DASH_FFT, resource_name: cpu2, ref_start_time: 2430540287017994, ref_stop_time: 2430540287041244, actual_exe_time: 23250, task_app_start_time:2430540100558994, task_sched_time:2430540286978514
app_id: 0, app_name: pulse_doppler_api-aarch64, task_id: 69, task_name: DASH_FFT, resource_name: cpu3, ref_start_time: 2430540287077184, ref_stop_time: 2430540287198864, actual_exe_time: 121680, task_app_start_time:2430540090844933, task_sched_time:2430540287063354
app_id: 0, app_name: pulse_doppler_api-aarch64, task_id: 70, task_name: DASH_FFT, resource_name: fft1, ref_start_time: 2430540287745465, ref_stop_time: 2430540287771865, actual_exe_time: 26400, task_app_start_time:2430540090844933, task_sched_time:2430540287742645
app_id: 3, app_name: pulse_doppler_api-aarch64, task_id: 61, task_name: DASH_FFT, resource_name: fft2, ref_start_time: 2430540288797055, ref_stop_time: 2430540289463655, actual_exe_time: 666600, task_app_start_time:2430540120723348, task_sched_time:2430540288794025
app_id: 0, app_name: pulse_doppler_api-aarch64, task_id: 71, task_name: DASH_FFT, resource_name: cpu1, ref_start_time: 2430540289591965, ref_stop_time: 2430540289614795, actual_exe_time: 22830, task_app_start_time:2430540090844933, task_sched_time:2430540289577055
app_id: 1, app_name: pulse_doppler_api-aarch64, task_id: 66, task_name: DASH_FFT, resource_name: cpu2, ref_start_time: 2430540289926555, ref_stop_time: 2430540290402475, actual_exe_time: 475920, task_app_start_time:2430540100558994, task_sched_time:2430540289917045
app_id: 2, app_name: pulse_doppler_api-aarch64, task_id: 66, task_name: DASH_FFT, resource_name: cpu3, ref_start_time: 2430540290218665, ref_stop_time: 2430540290515815, actual_exe_time: 297150, task_app_start_time:2430540110712946, task_sched_time:2430540290212035
app_id: 4, app_name: TX_api-aarch64, task_id: 45, task_name: DASH_FFT, resource_name: fft1, ref_start_time: 2430540290669655, ref_stop_time: 2430540290879145, actual_exe_time: 209490, task_app_start_time:2430540081969821, task_sched_time:2430540290665965
app_id: 3, app_name: pulse_doppler_api-aarch64, task_id: 62, task_name: DASH_FFT, resource_name: fft2, ref_start_time: 2430540291728295, ref_stop_time: 2430540291764235, actual_exe_time: 35940, task_app_start_time:2430540120723348, task_sched_time:2430540291720315
app_id: 2, app_name: pulse_doppler_api-aarch64, task_id: 67, task_name: DASH_FFT, resource_name: cpu1, ref_start_time: 2430540292885095, ref_stop_time: 2430540292907385, actual_exe_time: 22290, task_app_start_time:2430540110712946, task_sched_time:2430540292871445
app_id: 0, app_name: pulse_doppler_api-aarch64, task_id: 72, task_name: DASH_FFT, resource_name: cpu2, ref_start_time: 2430540293381415, ref_stop_time: 2430540293603806, actual_exe_time: 222391, task_app_start_time:2430540090844933, task_sched_time:2430540293370645
app_id: 1, app_name: pulse_doppler_api-aarch64, task_id: 67, task_name: DASH_FFT, resource_name: cpu3, ref_start_time: 2430540294093016, ref_stop_time: 2430540294115636, actual_exe_time: 22620, task_app_start_time:2430540100558994, task_sched_time:2430540294079966
app_id: 2, app_name: pulse_doppler_api-aarch64, task_id: 68, task_name: DASH_FFT, resource_name: fft1, ref_start_time: 2430540294615106, ref_stop_time: 2430540295411756, actual_exe_time: 796650, task_app_start_time:2430540110712946, task_sched_time:2430540294377986
app_id: 3, app_name: pulse_doppler_api-aarch64, task_id: 63, task_name: DASH_FFT, resource_name: fft2, ref_start_time: 2430540295085266, ref_stop_time: 2430540295112536, actual_exe_time: 27270, task_app_start_time:2430540120723348, task_sched_time:2430540295033066
app_id: 4, app_name: TX_api-aarch64, task_id: 46, task_name: DASH_FFT, resource_name: cpu1, ref_start_time: 2430540295812976, ref_stop_time: 2430540296518216, actual_exe_time: 705240, task_app_start_time:2430540081969821, task_sched_time:2430540295799506
app_id: 1, app_name: pulse_doppler_api-aarch64, task_id: 68, task_name: DASH_FFT, resource_name: cpu2, ref_start_time: 2430540296144626, ref_stop_time: 2430540296482936, actual_exe_time: 338310, task_app_start_time:2430540100558994, task_sched_time:2430540296138716
app_id: 3, app_name: pulse_doppler_api-aarch64, task_id: 64, task_name: DASH_FFT, resource_name: cpu3, ref_start_time: 2430540296705716, ref_stop_time: 2430540297250186, actual_exe_time: 544470, task_app_start_time:2430540120723348, task_sched_time:2430540296700706
app_id: 0, app_name: pulse_doppler_api-aarch64, task_id: 73, task_name: DASH_FFT, resource_name: fft1, ref_start_time: 2430540297093616, ref_stop_time: 2430540297372826, actual_exe_time: 279210, task_app_start_time:2430540090844933, task_sched_time:2430540297018016
app_id: 2, app_name: pulse_doppler_api-aarch64, task_id: 69, task_name: DASH_FFT, resource_name: fft2, ref_start_time: 2430540297698626, ref_stop_time: 2430540297727216, actual_exe_time: 28590, task_app_start_time:2430540110712946, task_sched_time:2430540297694306
app_id: 0, app_name: pulse_doppler_api-aarch64, task_id: 74, task_name: DASH_FFT, resource_name: cpu1, ref_start_time: 2430540298637806, ref_stop_time: 2430540298661446, actual_exe_time: 23640, task_app_start_time:2430540090844933, task_sched_time:2430540298633666
app_id: 4, app_name: TX_api-aarch64, task_id: 47, task_name: DASH_FFT, resource_name: cpu2, ref_start_time: 2430540299579896, ref_stop_time: 2430540299605966, actual_exe_time: 26070, task_app_start_time:2430540081969821, task_sched_time:2430540299575636
app_id: 2, app_name: pulse_doppler_api-aarch64, task_id: 70, task_name: DASH_FFT, resource_name: cpu3, ref_start_time: 2430540300262547, ref_stop_time: 2430540300453197, actual_exe_time: 190650, task_app_start_time:2430540110712946, task_sched_time:2430540300254147
app_id: 3, app_name: pulse_doppler_api-aarch64, task_id: 65, task_name: DASH_FFT, resource_name: fft1, ref_start_time: 2430540300847307, ref_stop_time: 2430540300883397, actual_exe_time: 36090, task_app_start_time:2430540120723348, task_sched_time:2430540300842837
app_id: 1, app_name: pulse_doppler_api-aarch64, task_id: 69, task_name: DASH_FFT, resource_name: fft2, ref_start_time: 2430540301852217, ref_stop_time: 2430540301878887, actual_exe_time: 26670, task_app_start_time:2430540100558994, task_sched_time:2430540301848347
app_id: 0, app_name: pulse_doppler_api-aarch64, task_id: 75, task_name: DASH_FFT, resource_name: cpu1, ref_start_time: 2430540302501807, ref_stop_time: 2430540302523887, actual_exe_time: 22080, task_app_start_time:2430540090844933, task_sched_time:2430540302499107
app_id: 4, app_name: TX_api-aarch64, task_id: 48, task_name: DASH_FFT, resource_name: cpu2, ref_start_time: 2430540302858027, ref_stop_time: 2430540303155777, actual_exe_time: 297750, task_app_start_time:2430540081969821, task_sched_time:2430540302852447
app_id: 2, app_name: pulse_doppler_api-aarch64, task_id: 71, task_name: DASH_FFT, resource_name: cpu3, ref_start_time: 2430540303338117, ref_stop_time: 2430540303839807, actual_exe_time: 501690, task_app_start_time:2430540110712946, task_sched_time:2430540303333377
app_id: 3, app_name: pulse_doppler_api-aarch64, task_id: 66, task_name: DASH_FFT, resource_name: fft1, ref_start_time: 2430540303704267, ref_stop_time: 2430540303920357, actual_exe_time: 216090, task_app_start_time:2430540120723348, task_sched_time:2430540303692417
app_id: 1, app_name: pulse_doppler_api-aarch64, task_id: 70, task_name: DASH_FFT, resource_name: fft2, ref_start_time: 2430540304866317, ref_stop_time: 2430540304902137, actual_exe_time: 35820, task_app_start_time:2430540100558994, task_sched_time:2430540304858547
app_id: 0, app_name: pulse_doppler_api-aarch64, task_id: 76, task_name: DASH_FFT, resource_name: cpu1, ref_start_time: 2430540305633447, ref_stop_time: 2430540305656907, actual_exe_time: 23460, task_app_start_time:2430540090844933, task_sched_time:2430540305576747
app_id: 2, app_name: pulse_doppler_api-aarch64, task_id: 72, task_name: DASH_FFT, resource_name: cpu2, ref_start_time: 2430540306039198, ref_stop_time: 2430540306346038, actual_exe_time: 306840, task_app_start_time:2430540110712946, task_sched_time:2430540306032118
app_id: 3, app_name: pulse_doppler_api-aarch64, task_id: 67, task_name: DASH_FFT, resource_name: cpu3, ref_start_time: 2430540306513618, ref_stop_time: 2430540306537978, actual_exe_time: 24360, task_app_start_time:2430540120723348, task_sched_time:2430540306507018
app_id: 4, app_name: TX_api-aarch64, task_id: 49, task_name: DASH_FFT, resource_name: fft1, ref_start_time: 2430540307170888, ref_stop_time: 2430540307369878, actual_exe_time: 198990, task_app_start_time:2430540081969821, task_sched_time:2430540307159488
app_id: 2, app_name: pulse_doppler_api-aarch64, task_id: 73, task_name: DASH_FFT, resource_name: cpu1, ref_start_time: 2430540312865969, ref_stop_time: 2430540312890539, actual_exe_time: 24570, task_app_start_time:2430540110712946, task_sched_time:2430540312855079
app_id: 3, app_name: pulse_doppler_api-aarch64, task_id: 68, task_name: DASH_FFT, resource_name: cpu2, ref_start_time: 2430540313110319, ref_stop_time: 2430540313134229, actual_exe_time: 23910, task_app_start_time:2430540120723348, task_sched_time:2430540313058389
app_id: 0, app_name: pulse_doppler_api-aarch64, task_id: 77, task_name: DASH_FFT, resource_name: cpu3, ref_start_time: 2430540313453129, ref_stop_time: 2430540313479499, actual_exe_time: 26370, task_app_start_time:2430540090844933, task_sched_time:2430540313447849
app_id: 1, app_name: pulse_doppler_api-aarch64, task_id: 71, task_name: DASH_FFT, resource_name: fft2, ref_start_time: 2430540314280049, ref_stop_time: 2430540314317969, actual_exe_time: 37920, task_app_start_time:2430540100558994, task_sched_time:2430540307502958
app_id: 2, app_name: pulse_doppler_api-aarch64, task_id: 74, task_name: DASH_FFT, resource_name: fft1, ref_start_time: 2430540314619289, ref_stop_time: 2430540314657389, actual_exe_time: 38100, task_app_start_time:2430540110712946, task_sched_time:2430540314439649
app_id: 0, app_name: pulse_doppler_api-aarch64, task_id: 78, task_name: DASH_FFT, resource_name: fft2, ref_start_time: 2430540315235609, ref_stop_time: 2430540315261229, actual_exe_time: 25620, task_app_start_time:2430540090844933, task_sched_time:2430540315229909
app_id: 0, app_name: pulse_doppler_api-aarch64, task_id: 79, task_name: DASH_FFT, resource_name: cpu1, ref_start_time: 2430540315866899, ref_stop_time: 2430540315889789, actual_exe_time: 22890, task_app_start_time:2430540090844933, task_sched_time:2430540315860089
app_id: 0, app_name: pulse_doppler_api-aarch64, task_id: 80, task_name: DASH_FFT, resource_name: cpu2, ref_start_time: 2430540316315009, ref_stop_time: 2430540316338049, actual_exe_time: 23040, task_app_start_time:2430540090844933, task_sched_time:2430540316301419
app_id: 2, app_name: pulse_doppler_api-aarch64, task_id: 75, task_name: DASH_FFT, resource_name: cpu3, ref_start_time: 2430540316630639, ref_stop_time: 2430540316653079, actual_exe_time: 22440, task_app_start_time:2430540110712946, task_sched_time:2430540316455589
app_id: 3, app_name: pulse_doppler_api-aarch64, task_id: 69, task_name: DASH_FFT, resource_name: fft1, ref_start_time: 2430540317120569, ref_stop_time: 2430540317217619, actual_exe_time: 97050, task_app_start_time:2430540120723348, task_sched_time:2430540317110249
app_id: 1, app_name: pulse_doppler_api-aarch64, task_id: 72, task_name: DASH_FFT, resource_name: fft2, ref_start_time: 2430540317770369, ref_stop_time: 2430540317796469, actual_exe_time: 26100, task_app_start_time:2430540100558994, task_sched_time:2430540317766769
app_id: 2, app_name: pulse_doppler_api-aarch64, task_id: 76, task_name: DASH_FFT, resource_name: cpu1, ref_start_time: 2430540318219499, ref_stop_time: 2430540318241399, actual_exe_time: 21900, task_app_start_time:2430540110712946, task_sched_time:2430540318214759
app_id: 0, app_name: pulse_doppler_api-aarch64, task_id: 81, task_name: DASH_FFT, resource_name: cpu2, ref_start_time: 2430540318522170, ref_stop_time: 2430540318544100, actual_exe_time: 21930, task_app_start_time:2430540090844933, task_sched_time:2430540318515990
app_id: 1, app_name: pulse_doppler_api-aarch64, task_id: 73, task_name: DASH_FFT, resource_name: cpu3, ref_start_time: 2430540318848150, ref_stop_time: 2430540319136210, actual_exe_time: 288060, task_app_start_time:2430540100558994, task_sched_time:2430540318844700
app_id: 3, app_name: pulse_doppler_api-aarch64, task_id: 70, task_name: DASH_FFT, resource_name: fft1, ref_start_time: 2430540318965570, ref_stop_time: 2430540319250540, actual_exe_time: 284970, task_app_start_time:2430540120723348, task_sched_time:2430540318954950
app_id: 0, app_name: pulse_doppler_api-aarch64, task_id: 82, task_name: DASH_FFT, resource_name: fft2, ref_start_time: 2430540319099910, ref_stop_time: 2430540319439510, actual_exe_time: 339600, task_app_start_time:2430540090844933, task_sched_time:2430540319096190
app_id: 2, app_name: pulse_doppler_api-aarch64, task_id: 77, task_name: DASH_FFT, resource_name: cpu1, ref_start_time: 2430540319614620, ref_stop_time: 2430540319636910, actual_exe_time: 22290, task_app_start_time:2430540110712946, task_sched_time:2430540319609220
app_id: 0, app_name: pulse_doppler_api-aarch64, task_id: 83, task_name: DASH_FFT, resource_name: cpu3, ref_start_time: 2430540320583350, ref_stop_time: 2430540320609750, actual_exe_time: 26400, task_app_start_time:2430540090844933, task_sched_time:2430540320556350
app_id: 1, app_name: pulse_doppler_api-aarch64, task_id: 74, task_name: DASH_FFT, resource_name: cpu2, ref_start_time: 2430540321017960, ref_stop_time: 2430540321041120, actual_exe_time: 23160, task_app_start_time:2430540100558994, task_sched_time:2430540319772690
app_id: 2, app_name: pulse_doppler_api-aarch64, task_id: 78, task_name: DASH_FFT, resource_name: fft1, ref_start_time: 2430540322007090, ref_stop_time: 2430540322033580, actual_exe_time: 26490, task_app_start_time:2430540110712946, task_sched_time:2430540322003940
app_id: 3, app_name: pulse_doppler_api-aarch64, task_id: 71, task_name: DASH_FFT, resource_name: cpu1, ref_start_time: 2430540323426810, ref_stop_time: 2430540323449940, actual_exe_time: 23130, task_app_start_time:2430540120723348, task_sched_time:2430540323423540
app_id: 0, app_name: pulse_doppler_api-aarch64, task_id: 84, task_name: DASH_FFT, resource_name: fft2, ref_start_time: 2430540323864330, ref_stop_time: 2430540323900690, actual_exe_time: 36360, task_app_start_time:2430540090844933, task_sched_time:2430540322480220
app_id: 2, app_name: pulse_doppler_api-aarch64, task_id: 79, task_name: DASH_FFT, resource_name: cpu3, ref_start_time: 2430540324556251, ref_stop_time: 2430540324579711, actual_exe_time: 23460, task_app_start_time:2430540110712946, task_sched_time:2430540324552801
app_id: 1, app_name: pulse_doppler_api-aarch64, task_id: 75, task_name: DASH_FFT, resource_name: cpu2, ref_start_time: 2430540324848451, ref_stop_time: 2430540324870861, actual_exe_time: 22410, task_app_start_time:2430540100558994, task_sched_time:2430540323981420
app_id: 2, app_name: pulse_doppler_api-aarch64, task_id: 80, task_name: DASH_FFT, resource_name: fft1, ref_start_time: 2430540324968121, ref_stop_time: 2430540325004181, actual_exe_time: 36060, task_app_start_time:2430540110712946, task_sched_time:2430540324918921
app_id: 0, app_name: pulse_doppler_api-aarch64, task_id: 85, task_name: DASH_FFT, resource_name: fft2, ref_start_time: 2430540325334961, ref_stop_time: 2430540325698771, actual_exe_time: 363810, task_app_start_time:2430540090844933, task_sched_time:2430540325330401
app_id: 1, app_name: pulse_doppler_api-aarch64, task_id: 76, task_name: DASH_FFT, resource_name: cpu1, ref_start_time: 2430540326171001, ref_stop_time: 2430540326195391, actual_exe_time: 24390, task_app_start_time:2430540100558994, task_sched_time:2430540326160651
app_id: 3, app_name: pulse_doppler_api-aarch64, task_id: 72, task_name: DASH_FFT, resource_name: cpu2, ref_start_time: 2430540326726631, ref_stop_time: 2430540326748741, actual_exe_time: 22110, task_app_start_time:2430540120723348, task_sched_time:2430540326722341
app_id: 0, app_name: pulse_doppler_api-aarch64, task_id: 86, task_name: DASH_FFT, resource_name: cpu3, ref_start_time: 2430540327205851, ref_stop_time: 2430540327391101, actual_exe_time: 185250, task_app_start_time:2430540090844933, task_sched_time:2430540327201201
app_id: 1, app_name: pulse_doppler_api-aarch64, task_id: 77, task_name: DASH_FFT, resource_name: fft1, ref_start_time: 2430540327580701, ref_stop_time: 2430540328195161, actual_exe_time: 614460, task_app_start_time:2430540100558994, task_sched_time:2430540327574311
app_id: 2, app_name: pulse_doppler_api-aarch64, task_id: 81, task_name: DASH_FFT, resource_name: fft2, ref_start_time: 2430540328049631, ref_stop_time: 2430540328165881, actual_exe_time: 116250, task_app_start_time:2430540110712946, task_sched_time:2430540328046031
app_id: 3, app_name: pulse_doppler_api-aarch64, task_id: 73, task_name: DASH_FFT, resource_name: cpu1, ref_start_time: 2430540329000991, ref_stop_time: 2430540329023491, actual_exe_time: 22500, task_app_start_time:2430540120723348, task_sched_time:2430540328991601
app_id: 1, app_name: pulse_doppler_api-aarch64, task_id: 78, task_name: DASH_FFT, resource_name: cpu2, ref_start_time: 2430540329807931, ref_stop_time: 2430540329830251, actual_exe_time: 22320, task_app_start_time:2430540100558994, task_sched_time:2430540329802171
app_id: 0, app_name: pulse_doppler_api-aarch64, task_id: 87, task_name: DASH_FFT, resource_name: cpu3, ref_start_time: 2430540330127341, ref_stop_time: 2430540330256041, actual_exe_time: 128700, task_app_start_time:2430540090844933, task_sched_time:2430540330123771
app_id: 2, app_name: pulse_doppler_api-aarch64, task_id: 82, task_name: DASH_FFT, resource_name: fft1, ref_start_time: 2430540330318021, ref_stop_time: 2430540330752662, actual_exe_time: 434641, task_app_start_time:2430540110712946, task_sched_time:2430540330305511
app_id: 3, app_name: pulse_doppler_api-aarch64, task_id: 74, task_name: DASH_FFT, resource_name: fft2, ref_start_time: 2430540330840262, ref_stop_time: 2430540330876472, actual_exe_time: 36210, task_app_start_time:2430540120723348, task_sched_time:2430540330835102
app_id: 4, app_name: TX_api-aarch64, task_id: 50, task_name: DASH_FFT, resource_name: cpu1, ref_start_time: 2430540332297332, ref_stop_time: 2430540332320492, actual_exe_time: 23160, task_app_start_time:2430540081969821, task_sched_time:2430540332287162
app_id: 0, app_name: pulse_doppler_api-aarch64, task_id: 88, task_name: DASH_FFT, resource_name: cpu2, ref_start_time: 2430540332626282, ref_stop_time: 2430540332985892, actual_exe_time: 359610, task_app_start_time:2430540090844933, task_sched_time:2430540332619442
app_id: 3, app_name: pulse_doppler_api-aarch64, task_id: 75, task_name: DASH_FFT, resource_name: cpu3, ref_start_time: 2430540333199762, ref_stop_time: 2430540333224932, actual_exe_time: 25170, task_app_start_time:2430540120723348, task_sched_time:2430540333193462
app_id: 2, app_name: pulse_doppler_api-aarch64, task_id: 83, task_name: DASH_FFT, resource_name: fft1, ref_start_time: 2430540333685402, ref_stop_time: 2430540334120732, actual_exe_time: 435330, task_app_start_time:2430540110712946, task_sched_time:2430540333679522
app_id: 4, app_name: TX_api-aarch64, task_id: 51, task_name: DASH_FFT, resource_name: fft2, ref_start_time: 2430540334583962, ref_stop_time: 2430540334622452, actual_exe_time: 38490, task_app_start_time:2430540081969821, task_sched_time:2430540334449502
app_id: 0, app_name: pulse_doppler_api-aarch64, task_id: 89, task_name: DASH_FFT, resource_name: cpu1, ref_start_time: 2430540334968112, ref_stop_time: 2430540335337172, actual_exe_time: 369060, task_app_start_time:2430540090844933, task_sched_time:2430540334965292
app_id: 3, app_name: pulse_doppler_api-aarch64, task_id: 76, task_name: DASH_FFT, resource_name: cpu2, ref_start_time: 2430540336291742, ref_stop_time: 2430540336546382, actual_exe_time: 254640, task_app_start_time:2430540120723348, task_sched_time:2430540336287212
app_id: 1, app_name: pulse_doppler_api-aarch64, task_id: 79, task_name: DASH_FFT, resource_name: cpu3, ref_start_time: 2430540336781642, ref_stop_time: 2430540336895792, actual_exe_time: 114150, task_app_start_time:2430540100558994, task_sched_time:2430540336777562
app_id: 0, app_name: pulse_doppler_api-aarch64, task_id: 90, task_name: DASH_FFT, resource_name: fft1, ref_start_time: 2430540337736933, ref_stop_time: 2430540338064293, actual_exe_time: 327360, task_app_start_time:2430540090844933, task_sched_time:2430540337731713
app_id: 4, app_name: TX_api-aarch64, task_id: 52, task_name: DASH_FFT, resource_name: fft2, ref_start_time: 2430540338092223, ref_stop_time: 2430540338471153, actual_exe_time: 378930, task_app_start_time:2430540081969821, task_sched_time:2430540338088893
app_id: 1, app_name: pulse_doppler_api-aarch64, task_id: 80, task_name: DASH_FFT, resource_name: cpu1, ref_start_time: 2430540338992823, ref_stop_time: 2430540339018623, actual_exe_time: 25800, task_app_start_time:2430540100558994, task_sched_time:2430540338985713
app_id: 3, app_name: pulse_doppler_api-aarch64, task_id: 77, task_name: DASH_FFT, resource_name: cpu2, ref_start_time: 2430540340508423, ref_stop_time: 2430540340532033, actual_exe_time: 23610, task_app_start_time:2430540120723348, task_sched_time:2430540340504163
app_id: 2, app_name: pulse_doppler_api-aarch64, task_id: 84, task_name: DASH_FFT, resource_name: cpu3, ref_start_time: 2430540340843013, ref_stop_time: 2430540341272103, actual_exe_time: 429090, task_app_start_time:2430540110712946, task_sched_time:2430540340839383
app_id: 0, app_name: pulse_doppler_api-aarch64, task_id: 91, task_name: DASH_FFT, resource_name: fft1, ref_start_time: 2430540341153933, ref_stop_time: 2430540341413283, actual_exe_time: 259350, task_app_start_time:2430540090844933, task_sched_time:2430540341149223
app_id: 4, app_name: TX_api-aarch64, task_id: 53, task_name: DASH_FFT, resource_name: fft2, ref_start_time: 2430540342077213, ref_stop_time: 2430540342115763, actual_exe_time: 38550, task_app_start_time:2430540081969821, task_sched_time:2430540342070253
app_id: 1, app_name: pulse_doppler_api-aarch64, task_id: 81, task_name: DASH_FFT, resource_name: cpu1, ref_start_time: 2430540342238763, ref_stop_time: 2430540342260603, actual_exe_time: 21840, task_app_start_time:2430540100558994, task_sched_time:2430540342231233
app_id: 4, app_name: TX_api-aarch64, task_id: 54, task_name: DASH_FFT, resource_name: cpu2, ref_start_time: 2430540342740483, ref_stop_time: 2430540342765563, actual_exe_time: 25080, task_app_start_time:2430540081969821, task_sched_time:2430540342735143
app_id: 0, app_name: pulse_doppler_api-aarch64, task_id: 92, task_name: DASH_FFT, resource_name: cpu3, ref_start_time: 2430540343415544, ref_stop_time: 2430540343441584, actual_exe_time: 26040, task_app_start_time:2430540090844933, task_sched_time:2430540343407324
app_id: 1, app_name: pulse_doppler_api-aarch64, task_id: 82, task_name: DASH_FFT, resource_name: fft1, ref_start_time: 2430540344667774, ref_stop_time: 2430540344692944, actual_exe_time: 25170, task_app_start_time:2430540100558994, task_sched_time:2430540344663844
app_id: 3, app_name: pulse_doppler_api-aarch64, task_id: 78, task_name: DASH_FFT, resource_name: fft2, ref_start_time: 2430540345105834, ref_stop_time: 2430540345131994, actual_exe_time: 26160, task_app_start_time:2430540120723348, task_sched_time:2430540345101184
app_id: 0, app_name: pulse_doppler_api-aarch64, task_id: 93, task_name: DASH_FFT, resource_name: cpu1, ref_start_time: 2430540346054014, ref_stop_time: 2430540346075284, actual_exe_time: 21270, task_app_start_time:2430540090844933, task_sched_time:2430540346042104
app_id: 2, app_name: pulse_doppler_api-aarch64, task_id: 85, task_name: DASH_FFT, resource_name: cpu2, ref_start_time: 2430540346597374, ref_stop_time: 2430540346622514, actual_exe_time: 25140, task_app_start_time:2430540110712946, task_sched_time:2430540346588764
app_id: 3, app_name: pulse_doppler_api-aarch64, task_id: 79, task_name: DASH_FFT, resource_name: cpu3, ref_start_time: 2430540347134254, ref_stop_time: 2430540347158884, actual_exe_time: 24630, task_app_start_time:2430540120723348, task_sched_time:2430540347129544
app_id: 1, app_name: pulse_doppler_api-aarch64, task_id: 83, task_name: DASH_FFT, resource_name: fft1, ref_start_time: 2430540347593914, ref_stop_time: 2430540347967114, actual_exe_time: 373200, task_app_start_time:2430540100558994, task_sched_time:2430540347589294
app_id: 4, app_name: TX_api-aarch64, task_id: 55, task_name: DASH_FFT, resource_name: fft2, ref_start_time: 2430540348056664, ref_stop_time: 2430540348191454, actual_exe_time: 134790, task_app_start_time:2430540081969821, task_sched_time:2430540348023604
app_id: 3, app_name: pulse_doppler_api-aarch64, task_id: 80, task_name: DASH_FFT, resource_name: cpu1, ref_start_time: 2430540349331754, ref_stop_time: 2430540349354345, actual_exe_time: 22591, task_app_start_time:2430540120723348, task_sched_time:2430540349317924
app_id: 2, app_name: pulse_doppler_api-aarch64, task_id: 86, task_name: DASH_FFT, resource_name: cpu2, ref_start_time: 2430540350134405, ref_stop_time: 2430540350160685, actual_exe_time: 26280, task_app_start_time:2430540110712946, task_sched_time:2430540350130055
app_id: 4, app_name: TX_api-aarch64, task_id: 56, task_name: DASH_FFT, resource_name: cpu3, ref_start_time: 2430540351257365, ref_stop_time: 2430540351280915, actual_exe_time: 23550, task_app_start_time:2430540081969821, task_sched_time:2430540351252775
app_id: 0, app_name: pulse_doppler_api-aarch64, task_id: 94, task_name: DASH_FFT, resource_name: fft1, ref_start_time: 2430540351962335, ref_stop_time: 2430540351988165, actual_exe_time: 25830, task_app_start_time:2430540090844933, task_sched_time:2430540351955585
app_id: 1, app_name: pulse_doppler_api-aarch64, task_id: 84, task_name: DASH_FFT, resource_name: fft2, ref_start_time: 2430540352461505, ref_stop_time: 2430540352487245, actual_exe_time: 25740, task_app_start_time:2430540100558994, task_sched_time:2430540352451965
app_id: 3, app_name: pulse_doppler_api-aarch64, task_id: 81, task_name: DASH_FFT, resource_name: cpu1, ref_start_time: 2430540353430505, ref_stop_time: 2430540353451205, actual_exe_time: 20700, task_app_start_time:2430540120723348, task_sched_time:2430540353423605
app_id: 2, app_name: pulse_doppler_api-aarch64, task_id: 87, task_name: DASH_FFT, resource_name: cpu2, ref_start_time: 2430540353541325, ref_stop_time: 2430540353667145, actual_exe_time: 125820, task_app_start_time:2430540110712946, task_sched_time:2430540353532685
app_id: 4, app_name: TX_api-aarch64, task_id: 57, task_name: DASH_FFT, resource_name: cpu3, ref_start_time: 2430540353666035, ref_stop_time: 2430540353930275, actual_exe_time: 264240, task_app_start_time:2430540081969821, task_sched_time:2430540353656915
app_id: 1, app_name: pulse_doppler_api-aarch64, task_id: 85, task_name: DASH_FFT, resource_name: fft1, ref_start_time: 2430540353743105, ref_stop_time: 2430540353916595, actual_exe_time: 173490, task_app_start_time:2430540100558994, task_sched_time:2430540353729935
app_id: 0, app_name: pulse_doppler_api-aarch64, task_id: 95, task_name: DASH_FFT, resource_name: fft2, ref_start_time: 2430540353837425, ref_stop_time: 2430540354135895, actual_exe_time: 298470, task_app_start_time:2430540090844933, task_sched_time:2430540353829865
app_id: 3, app_name: pulse_doppler_api-aarch64, task_id: 82, task_name: DASH_FFT, resource_name: cpu1, ref_start_time: 2430540355192285, ref_stop_time: 2430540355212775, actual_exe_time: 20490, task_app_start_time:2430540120723348, task_sched_time:2430540355184305
app_id: 2, app_name: pulse_doppler_api-aarch64, task_id: 88, task_name: DASH_FFT, resource_name: cpu2, ref_start_time: 2430540355840466, ref_stop_time: 2430540355864796, actual_exe_time: 24330, task_app_start_time:2430540110712946, task_sched_time:2430540355835726
app_id: 1, app_name: pulse_doppler_api-aarch64, task_id: 86, task_name: DASH_FFT, resource_name: cpu3, ref_start_time: 2430540356342606, ref_stop_time: 2430540356572946, actual_exe_time: 230340, task_app_start_time:2430540100558994, task_sched_time:2430540356339516
app_id: 3, app_name: pulse_doppler_api-aarch64, task_id: 83, task_name: DASH_FFT, resource_name: fft1, ref_start_time: 2430540356715866, ref_stop_time: 2430540357204536, actual_exe_time: 488670, task_app_start_time:2430540120723348, task_sched_time:2430540356706446
app_id: 4, app_name: TX_api-aarch64, task_id: 58, task_name: DASH_FFT, resource_name: fft2, ref_start_time: 2430540357053066, ref_stop_time: 2430540357265346, actual_exe_time: 212280, task_app_start_time:2430540081969821, task_sched_time:2430540357033956
app_id: 0, app_name: pulse_doppler_api-aarch64, task_id: 96, task_name: DASH_FFT, resource_name: cpu1, ref_start_time: 2430540359276426, ref_stop_time: 2430540359297726, actual_exe_time: 21300, task_app_start_time:2430540090844933, task_sched_time:2430540359262596
app_id: 2, app_name: pulse_doppler_api-aarch64, task_id: 89, task_name: DASH_FFT, resource_name: cpu2, ref_start_time: 2430540359599346, ref_stop_time: 2430540359840336, actual_exe_time: 240990, task_app_start_time:2430540110712946, task_sched_time:2430540359596166
app_id: 0, app_name: pulse_doppler_api-aarch64, task_id: 97, task_name: DASH_FFT, resource_name: cpu3, ref_start_time: 2430540360828356, ref_stop_time: 2430540360853586, actual_exe_time: 25230, task_app_start_time:2430540090844933, task_sched_time:2430540360824576
app_id: 1, app_name: pulse_doppler_api-aarch64, task_id: 87, task_name: DASH_FFT, resource_name: fft1, ref_start_time: 2430540361352546, ref_stop_time: 2430540361378376, actual_exe_time: 25830, task_app_start_time:2430540100558994, task_sched_time:2430540361341296
app_id: 3, app_name: pulse_doppler_api-aarch64, task_id: 84, task_name: DASH_FFT, resource_name: fft2, ref_start_time: 2430540361708376, ref_stop_time: 2430540362025777, actual_exe_time: 317401, task_app_start_time:2430540120723348, task_sched_time:2430540361698566
app_id: 4, app_name: TX_api-aarch64, task_id: 59, task_name: DASH_FFT, resource_name: cpu1, ref_start_time: 2430540362516667, ref_stop_time: 2430540362538477, actual_exe_time: 21810, task_app_start_time:2430540081969821, task_sched_time:2430540362514267
app_id: 2, app_name: pulse_doppler_api-aarch64, task_id: 90, task_name: DASH_FFT, resource_name: cpu3, ref_start_time: 2430540364000707, ref_stop_time: 2430540364023627, actual_exe_time: 22920, task_app_start_time:2430540110712946, task_sched_time:2430540363994047
app_id: 2, app_name: pulse_doppler_api-aarch64, task_id: 91, task_name: DASH_FFT, resource_name: fft1, ref_start_time: 2430540364391877, ref_stop_time: 2430540364417437, actual_exe_time: 25560, task_app_start_time:2430540110712946, task_sched_time:2430540364383867
app_id: 1, app_name: pulse_doppler_api-aarch64, task_id: 88, task_name: DASH_FFT, resource_name: cpu2, ref_start_time: 2430540364624227, ref_stop_time: 2430540364646517, actual_exe_time: 22290, task_app_start_time:2430540100558994, task_sched_time:2430540363021747
app_id: 0, app_name: pulse_doppler_api-aarch64, task_id: 98, task_name: DASH_FFT, resource_name: fft2, ref_start_time: 2430540364886487, ref_stop_time: 2430540364922337, actual_exe_time: 35850, task_app_start_time:2430540090844933, task_sched_time:2430540364881927
app_id: 2, app_name: pulse_doppler_api-aarch64, task_id: 92, task_name: DASH_FFT, resource_name: cpu1, ref_start_time: 2430540366063237, ref_stop_time: 2430540366085107, actual_exe_time: 21870, task_app_start_time:2430540110712946, task_sched_time:2430540366050847
app_id: 3, app_name: pulse_doppler_api-aarch64, task_id: 85, task_name: DASH_FFT, resource_name: cpu2, ref_start_time: 2430540366354237, ref_stop_time: 2430540366376707, actual_exe_time: 22470, task_app_start_time:2430540120723348, task_sched_time:2430540366260817
app_id: 1, app_name: pulse_doppler_api-aarch64, task_id: 89, task_name: DASH_FFT, resource_name: cpu3, ref_start_time: 2430540366446967, ref_stop_time: 2430540367231977, actual_exe_time: 785010, task_app_start_time:2430540100558994, task_sched_time:2430540366434967
app_id: 0, app_name: pulse_doppler_api-aarch64, task_id: 99, task_name: DASH_FFT, resource_name: fft1, ref_start_time: 2430540366912687, ref_stop_time: 2430540366937917, actual_exe_time: 25230, task_app_start_time:2430540090844933, task_sched_time:2430540366909537
app_id: 2, app_name: pulse_doppler_api-aarch64, task_id: 93, task_name: DASH_FFT, resource_name: fft2, ref_start_time: 2430540366972027, ref_stop_time: 2430540372074668, actual_exe_time: 5102641, task_app_start_time:2430540110712946, task_sched_time:2430540366962787
app_id: 3, app_name: pulse_doppler_api-aarch64, task_id: 86, task_name: DASH_FFT, resource_name: cpu1, ref_start_time: 2430540369309448, ref_stop_time: 2430540369332488, actual_exe_time: 23040, task_app_start_time:2430540120723348, task_sched_time:2430540369301648
app_id: 1, app_name: pulse_doppler_api-aarch64, task_id: 90, task_name: DASH_FFT, resource_name: cpu3, ref_start_time: 2430540370057708, ref_stop_time: 2430540370083088, actual_exe_time: 25380, task_app_start_time:2430540100558994, task_sched_time:2430540370054318
app_id: 3, app_name: pulse_doppler_api-aarch64, task_id: 87, task_name: DASH_FFT, resource_name: fft1, ref_start_time: 2430540370810528, ref_stop_time: 2430540370836388, actual_exe_time: 25860, task_app_start_time:2430540120723348, task_sched_time:2430540370806118
app_id: 0, app_name: pulse_doppler_api-aarch64, task_id: 100, task_name: DASH_FFT, resource_name: cpu2, ref_start_time: 2430540371864158, ref_stop_time: 2430540371889988, actual_exe_time: 25830, task_app_start_time:2430540090844933, task_sched_time:2430540369625168
app_id: 1, app_name: pulse_doppler_api-aarch64, task_id: 91, task_name: DASH_FFT, resource_name: fft2, ref_start_time: 2430540372080308, ref_stop_time: 2430540372107188, actual_exe_time: 26880, task_app_start_time:2430540100558994, task_sched_time:2430540371363998
app_id: 3, app_name: pulse_doppler_api-aarch64, task_id: 88, task_name: DASH_FFT, resource_name: cpu1, ref_start_time: 2430540372343018, ref_stop_time: 2430540372363718, actual_exe_time: 20700, task_app_start_time:2430540120723348, task_sched_time:2430540372338638
app_id: 2, app_name: pulse_doppler_api-aarch64, task_id: 94, task_name: DASH_FFT, resource_name: cpu2, ref_start_time: 2430540372921088, ref_stop_time: 2430540372971908, actual_exe_time: 50820, task_app_start_time:2430540110712946, task_sched_time:2430540372918418
app_id: 0, app_name: pulse_doppler_api-aarch64, task_id: 101, task_name: DASH_FFT, resource_name: cpu3, ref_start_time: 2430540373360228, ref_stop_time: 2430540373632958, actual_exe_time: 272730, task_app_start_time:2430540090844933, task_sched_time:2430540373355818
app_id: 2, app_name: pulse_doppler_api-aarch64, task_id: 95, task_name: DASH_FFT, resource_name: fft1, ref_start_time: 2430540373552258, ref_stop_time: 2430540373587418, actual_exe_time: 35160, task_app_start_time:2430540110712946, task_sched_time:2430540373548778
app_id: 2, app_name: pulse_doppler_api-aarch64, task_id: 96, task_name: DASH_FFT, resource_name: fft2, ref_start_time: 2430540374140138, ref_stop_time: 2430540374331929, actual_exe_time: 191791, task_app_start_time:2430540110712946, task_sched_time:2430540374135368
app_id: 3, app_name: pulse_doppler_api-aarch64, task_id: 89, task_name: DASH_FFT, resource_name: cpu1, ref_start_time: 2430540375074189, ref_stop_time: 2430540375095549, actual_exe_time: 21360, task_app_start_time:2430540120723348, task_sched_time:2430540375061859
app_id: 1, app_name: pulse_doppler_api-aarch64, task_id: 92, task_name: DASH_FFT, resource_name: cpu2, ref_start_time: 2430540375382979, ref_stop_time: 2430540376091969, actual_exe_time: 708990, task_app_start_time:2430540100558994, task_sched_time:2430540375379649
app_id: 0, app_name: pulse_doppler_api-aarch64, task_id: 102, task_name: DASH_FFT, resource_name: cpu3, ref_start_time: 2430540376358099, ref_stop_time: 2430540376756289, actual_exe_time: 398190, task_app_start_time:2430540090844933, task_sched_time:2430540376323839
app_id: 2, app_name: pulse_doppler_api-aarch64, task_id: 97, task_name: DASH_FFT, resource_name: fft1, ref_start_time: 2430540376927049, ref_stop_time: 2430540377028359, actual_exe_time: 101310, task_app_start_time:2430540110712946, task_sched_time:2430540376924019
app_id: 2, app_name: pulse_doppler_api-aarch64, task_id: 98, task_name: DASH_FFT, resource_name: fft2, ref_start_time: 2430540377928659, ref_stop_time: 2430540378238379, actual_exe_time: 309720, task_app_start_time:2430540110712946, task_sched_time:2430540377388689
app_id: 0, app_name: pulse_doppler_api-aarch64, task_id: 103, task_name: DASH_FFT, resource_name: cpu1, ref_start_time: 2430540378445859, ref_stop_time: 2430540378468059, actual_exe_time: 22200, task_app_start_time:2430540090844933, task_sched_time:2430540378435989
app_id: 3, app_name: pulse_doppler_api-aarch64, task_id: 90, task_name: DASH_FFT, resource_name: cpu2, ref_start_time: 2430540378747179, ref_stop_time: 2430540378920459, actual_exe_time: 173280, task_app_start_time:2430540120723348, task_sched_time:2430540378738539
app_id: 2, app_name: pulse_doppler_api-aarch64, task_id: 99, task_name: DASH_FFT, resource_name: cpu3, ref_start_time: 2430540379188239, ref_stop_time: 2430540379210679, actual_exe_time: 22440, task_app_start_time:2430540110712946, task_sched_time:2430540379184369
app_id: 1, app_name: pulse_doppler_api-aarch64, task_id: 93, task_name: DASH_FFT, resource_name: fft1, ref_start_time: 2430540379248389, ref_stop_time: 2430540379411439, actual_exe_time: 163050, task_app_start_time:2430540100558994, task_sched_time:2430540379238369
app_id: 0, app_name: pulse_doppler_api-aarch64, task_id: 104, task_name: DASH_FFT, resource_name: fft2, ref_start_time: 2430540380139749, ref_stop_time: 2430540380175839, actual_exe_time: 36090, task_app_start_time:2430540090844933, task_sched_time:2430540379693649
app_id: 2, app_name: pulse_doppler_api-aarch64, task_id: 100, task_name: DASH_FFT, resource_name: cpu1, ref_start_time: 2430540380226989, ref_stop_time: 2430540380247659, actual_exe_time: 20670, task_app_start_time:2430540110712946, task_sched_time:2430540380221229
app_id: 3, app_name: pulse_doppler_api-aarch64, task_id: 91, task_name: DASH_FFT, resource_name: cpu2, ref_start_time: 2430540380625090, ref_stop_time: 2430540380711100, actual_exe_time: 86010, task_app_start_time:2430540120723348, task_sched_time:2430540380617260
app_id: 2, app_name: pulse_doppler_api-aarch64, task_id: 101, task_name: DASH_FFT, resource_name: cpu3, ref_start_time: 2430540381044280, ref_stop_time: 2430540381067590, actual_exe_time: 23310, task_app_start_time:2430540110712946, task_sched_time:2430540381033870
app_id: 1, app_name: pulse_doppler_api-aarch64, task_id: 94, task_name: DASH_FFT, resource_name: fft1, ref_start_time: 2430540381470340, ref_stop_time: 2430540381797400, actual_exe_time: 327060, task_app_start_time:2430540100558994, task_sched_time:2430540381466050
app_id: 0, app_name: pulse_doppler_api-aarch64, task_id: 105, task_name: DASH_FFT, resource_name: fft2, ref_start_time: 2430540382426380, ref_stop_time: 2430540382452210, actual_exe_time: 25830, task_app_start_time:2430540090844933, task_sched_time:2430540381960870
app_id: 2, app_name: pulse_doppler_api-aarch64, task_id: 102, task_name: DASH_FFT, resource_name: cpu1, ref_start_time: 2430540383001390, ref_stop_time: 2430540383022150, actual_exe_time: 20760, task_app_start_time:2430540110712946, task_sched_time:2430540382998630
app_id: 3, app_name: pulse_doppler_api-aarch64, task_id: 92, task_name: DASH_FFT, resource_name: cpu2, ref_start_time: 2430540383484270, ref_stop_time: 2430540383513760, actual_exe_time: 29490, task_app_start_time:2430540120723348, task_sched_time:2430540383335800
app_id: 0, app_name: pulse_doppler_api-aarch64, task_id: 106, task_name: DASH_FFT, resource_name: cpu3, ref_start_time: 2430540384523830, ref_stop_time: 2430540384549420, actual_exe_time: 25590, task_app_start_time:2430540090844933, task_sched_time:2430540384488670
app_id: 1, app_name: pulse_doppler_api-aarch64, task_id: 95, task_name: DASH_FFT, resource_name: fft1, ref_start_time: 2430540385120140, ref_stop_time: 2430540385154790, actual_exe_time: 34650, task_app_start_time:2430540100558994, task_sched_time:2430540385112550
app_id: 4, app_name: TX_api-aarch64, task_id: 60, task_name: DASH_FFT, resource_name: fft2, ref_start_time: 2430540385445520, ref_stop_time: 2430540385921470, actual_exe_time: 475950, task_app_start_time:2430540081969821, task_sched_time:2430540385428450
app_id: 0, app_name: pulse_doppler_api-aarch64, task_id: 107, task_name: DASH_FFT, resource_name: cpu1, ref_start_time: 2430540386579820, ref_stop_time: 2430540386601210, actual_exe_time: 21390, task_app_start_time:2430540090844933, task_sched_time:2430540386572770
app_id: 2, app_name: pulse_doppler_api-aarch64, task_id: 103, task_name: DASH_FFT, resource_name: cpu2, ref_start_time: 2430540386705731, ref_stop_time: 2430540386869801, actual_exe_time: 164070, task_app_start_time:2430540110712946, task_sched_time:2430540386696071
app_id: 2, app_name: pulse_doppler_api-aarch64, task_id: 104, task_name: DASH_FFT, resource_name: cpu3, ref_start_time: 2430540387634441, ref_stop_time: 2430540387657751, actual_exe_time: 23310, task_app_start_time:2430540110712946, task_sched_time:2430540387625531
app_id: 1, app_name: pulse_doppler_api-aarch64, task_id: 96, task_name: DASH_FFT, resource_name: fft1, ref_start_time: 2430540388179421, ref_stop_time: 2430540388204561, actual_exe_time: 25140, task_app_start_time:2430540100558994, task_sched_time:2430540388170301
app_id: 3, app_name: pulse_doppler_api-aarch64, task_id: 93, task_name: DASH_FFT, resource_name: fft2, ref_start_time: 2430540388981861, ref_stop_time: 2430540389008561, actual_exe_time: 26700, task_app_start_time:2430540120723348, task_sched_time:2430540388972921
app_id: 0, app_name: pulse_doppler_api-aarch64, task_id: 108, task_name: DASH_FFT, resource_name: cpu1, ref_start_time: 2430540389846101, ref_stop_time: 2430540389866651, actual_exe_time: 20550, task_app_start_time:2430540090844933, task_sched_time:2430540389837071
app_id: 4, app_name: TX_api-aarch64, task_id: 61, task_name: DASH_FFT, resource_name: cpu2, ref_start_time: 2430540389895481, ref_stop_time: 2430540389921281, actual_exe_time: 25800, task_app_start_time:2430540081969821, task_sched_time:2430540389889661
app_id: 1, app_name: pulse_doppler_api-aarch64, task_id: 97, task_name: DASH_FFT, resource_name: cpu3, ref_start_time: 2430540390242071, ref_stop_time: 2430540390585211, actual_exe_time: 343140, task_app_start_time:2430540100558994, task_sched_time:2430540390238201
app_id: 0, app_name: pulse_doppler_api-aarch64, task_id: 109, task_name: DASH_FFT, resource_name: fft1, ref_start_time: 2430540390874741, ref_stop_time: 2430540390899281, actual_exe_time: 24540, task_app_start_time:2430540090844933, task_sched_time:2430540390869161
app_id: 2, app_name: pulse_doppler_api-aarch64, task_id: 105, task_name: DASH_FFT, resource_name: fft2, ref_start_time: 2430540391204261, ref_stop_time: 2430540391514401, actual_exe_time: 310140, task_app_start_time:2430540110712946, task_sched_time:2430540391195831
app_id: 0, app_name: pulse_doppler_api-aarch64, task_id: 110, task_name: DASH_FFT, resource_name: cpu1, ref_start_time: 2430540392169661, ref_stop_time: 2430540392191471, actual_exe_time: 21810, task_app_start_time:2430540090844933, task_sched_time:2430540392166301
app_id: 4, app_name: TX_api-aarch64, task_id: 62, task_name: DASH_FFT, resource_name: cpu2, ref_start_time: 2430540392483461, ref_stop_time: 2430540392851682, actual_exe_time: 368221, task_app_start_time:2430540081969821, task_sched_time:2430540392466871
app_id: 1, app_name: pulse_doppler_api-aarch64, task_id: 98, task_name: DASH_FFT, resource_name: cpu3, ref_start_time: 2430540392790451, ref_stop_time: 2430540393015872, actual_exe_time: 225421, task_app_start_time:2430540100558994, task_sched_time:2430540392776711
app_id: 3, app_name: pulse_doppler_api-aarch64, task_id: 94, task_name: DASH_FFT, resource_name: fft1, ref_start_time: 2430540393537632, ref_stop_time: 2430540394070492, actual_exe_time: 532860, task_app_start_time:2430540120723348, task_sched_time:2430540393530702
app_id: 0, app_name: pulse_doppler_api-aarch64, task_id: 111, task_name: DASH_FFT, resource_name: fft2, ref_start_time: 2430540393920132, ref_stop_time: 2430540394234322, actual_exe_time: 314190, task_app_start_time:2430540090844933, task_sched_time:2430540393916142
app_id: 4, app_name: TX_api-aarch64, task_id: 63, task_name: DASH_FFT, resource_name: cpu1, ref_start_time: 2430540395313182, ref_stop_time: 2430540395334782, actual_exe_time: 21600, task_app_start_time:2430540081969821, task_sched_time:2430540395305232
app_id: 1, app_name: pulse_doppler_api-aarch64, task_id: 99, task_name: DASH_FFT, resource_name: cpu2, ref_start_time: 2430540396027932, ref_stop_time: 2430540396050312, actual_exe_time: 22380, task_app_start_time:2430540100558994, task_sched_time:2430540396024902
app_id: 2, app_name: pulse_doppler_api-aarch64, task_id: 106, task_name: DASH_FFT, resource_name: cpu3, ref_start_time: 2430540396350252, ref_stop_time: 2430540396569162, actual_exe_time: 218910, task_app_start_time:2430540110712946, task_sched_time:2430540396341612
app_id: 3, app_name: pulse_doppler_api-aarch64, task_id: 95, task_name: DASH_FFT, resource_name: fft1, ref_start_time: 2430540396799472, ref_stop_time: 2430540396834722, actual_exe_time: 35250, task_app_start_time:2430540120723348, task_sched_time:2430540396789332
app_id: 4, app_name: TX_api-aarch64, task_id: 64, task_name: DASH_FFT, resource_name: fft2, ref_start_time: 2430540397188572, ref_stop_time: 2430540397352312, actual_exe_time: 163740, task_app_start_time:2430540081969821, task_sched_time:2430540397183772
app_id: 0, app_name: pulse_doppler_api-aarch64, task_id: 112, task_name: DASH_FFT, resource_name: cpu1, ref_start_time: 2430540398381672, ref_stop_time: 2430540398403332, actual_exe_time: 21660, task_app_start_time:2430540090844933, task_sched_time:2430540398376662
app_id: 1, app_name: pulse_doppler_api-aarch64, task_id: 100, task_name: DASH_FFT, resource_name: cpu2, ref_start_time: 2430540398891432, ref_stop_time: 2430540398913632, actual_exe_time: 22200, task_app_start_time:2430540100558994, task_sched_time:2430540398887112
app_id: 4, app_name: TX_api-aarch64, task_id: 65, task_name: DASH_FFT, resource_name: cpu3, ref_start_time: 2430540399562833, ref_stop_time: 2430540399585663, actual_exe_time: 22830, task_app_start_time:2430540081969821, task_sched_time:2430540399554073
app_id: 2, app_name: pulse_doppler_api-aarch64, task_id: 107, task_name: DASH_FFT, resource_name: fft1, ref_start_time: 2430540400476603, ref_stop_time: 2430540400512153, actual_exe_time: 35550, task_app_start_time:2430540110712946, task_sched_time:2430540400471293
app_id: 1, app_name: pulse_doppler_api-aarch64, task_id: 101, task_name: DASH_FFT, resource_name: fft2, ref_start_time: 2430540401004783, ref_stop_time: 2430540401040153, actual_exe_time: 35370, task_app_start_time:2430540100558994, task_sched_time:2430540401000823
app_id: 0, app_name: pulse_doppler_api-aarch64, task_id: 113, task_name: DASH_FFT, resource_name: cpu1, ref_start_time: 2430540402174423, ref_stop_time: 2430540402195843, actual_exe_time: 21420, task_app_start_time:2430540090844933, task_sched_time:2430540402168333
app_id: 3, app_name: pulse_doppler_api-aarch64, task_id: 96, task_name: DASH_FFT, resource_name: cpu2, ref_start_time: 2430540402644193, ref_stop_time: 2430540402724413, actual_exe_time: 80220, task_app_start_time:2430540120723348, task_sched_time:2430540402633933
app_id: 2, app_name: pulse_doppler_api-aarch64, task_id: 108, task_name: DASH_FFT, resource_name: cpu3, ref_start_time: 2430540403231473, ref_stop_time: 2430540403549923, actual_exe_time: 318450, task_app_start_time:2430540110712946, task_sched_time:2430540403221753
app_id: 4, app_name: TX_api-aarch64, task_id: 66, task_name: DASH_FFT, resource_name: fft1, ref_start_time: 2430540403912053, ref_stop_time: 2430540404052063, actual_exe_time: 140010, task_app_start_time:2430540081969821, task_sched_time:2430540403904013
app_id: 3, app_name: pulse_doppler_api-aarch64, task_id: 97, task_name: DASH_FFT, resource_name: fft2, ref_start_time: 2430540404524623, ref_stop_time: 2430540405034383, actual_exe_time: 509760, task_app_start_time:2430540120723348, task_sched_time:2430540404517153
app_id: 0, app_name: pulse_doppler_api-aarch64, task_id: 114, task_name: DASH_FFT, resource_name: cpu1, ref_start_time: 2430540405221283, ref_stop_time: 2430540405242013, actual_exe_time: 20730, task_app_start_time:2430540090844933, task_sched_time:2430540405216153
app_id: 1, app_name: pulse_doppler_api-aarch64, task_id: 102, task_name: DASH_FFT, resource_name: cpu2, ref_start_time: 2430540405665194, ref_stop_time: 2430540406056994, actual_exe_time: 391800, task_app_start_time:2430540100558994, task_sched_time:2430540405657274
app_id: 2, app_name: pulse_doppler_api-aarch64, task_id: 109, task_name: DASH_FFT, resource_name: cpu3, ref_start_time: 2430540406325134, ref_stop_time: 2430540406347754, actual_exe_time: 22620, task_app_start_time:2430540110712946, task_sched_time:2430540406320394
app_id: 0, app_name: pulse_doppler_api-aarch64, task_id: 115, task_name: DASH_FFT, resource_name: fft1, ref_start_time: 2430540406788604, ref_stop_time: 2430540406813954, actual_exe_time: 25350, task_app_start_time:2430540090844933, task_sched_time:2430540406785064
app_id: 3, app_name: pulse_doppler_api-aarch64, task_id: 98, task_name: DASH_FFT, resource_name: fft2, ref_start_time: 2430540407275744, ref_stop_time: 2430540407618794, actual_exe_time: 343050, task_app_start_time:2430540120723348, task_sched_time:2430540407268154
app_id: 4, app_name: TX_api-aarch64, task_id: 67, task_name: DASH_FFT, resource_name: cpu1, ref_start_time: 2430540408122254, ref_stop_time: 2430540408143884, actual_exe_time: 21630, task_app_start_time:2430540081969821, task_sched_time:2430540408118444
app_id: 1, app_name: pulse_doppler_api-aarch64, task_id: 103, task_name: DASH_FFT, resource_name: cpu2, ref_start_time: 2430540408493954, ref_stop_time: 2430540408689374, actual_exe_time: 195420, task_app_start_time:2430540100558994, task_sched_time:2430540408483754
app_id: 0, app_name: pulse_doppler_api-aarch64, task_id: 116, task_name: DASH_FFT, resource_name: cpu3, ref_start_time: 2430540409364764, ref_stop_time: 2430540409390624, actual_exe_time: 25860, task_app_start_time:2430540090844933, task_sched_time:2430540409332664
app_id: 3, app_name: pulse_doppler_api-aarch64, task_id: 99, task_name: DASH_FFT, resource_name: fft1, ref_start_time: 2430540409909564, ref_stop_time: 2430540410561224, actual_exe_time: 651660, task_app_start_time:2430540120723348, task_sched_time:2430540409896124
app_id: 4, app_name: TX_api-aarch64, task_id: 68, task_name: DASH_FFT, resource_name: fft2, ref_start_time: 2430540410437444, ref_stop_time: 2430540410476294, actual_exe_time: 38850, task_app_start_time:2430540081969821, task_sched_time:2430540410429194
app_id: 0, app_name: pulse_doppler_api-aarch64, task_id: 117, task_name: DASH_FFT, resource_name: cpu1, ref_start_time: 2430540411354154, ref_stop_time: 2430540411374854, actual_exe_time: 20700, task_app_start_time:2430540090844933, task_sched_time:2430540411348244
app_id: 2, app_name: pulse_doppler_api-aarch64, task_id: 110, task_name: DASH_FFT, resource_name: cpu2, ref_start_time: 2430540411888845, ref_stop_time: 2430540411914405, actual_exe_time: 25560, task_app_start_time:2430540110712946, task_sched_time:2430540411885515
app_id: 4, app_name: TX_api-aarch64, task_id: 69, task_name: DASH_FFT, resource_name: cpu3, ref_start_time: 2430540413872715, ref_stop_time: 2430540413896115, actual_exe_time: 23400, task_app_start_time:2430540081969821, task_sched_time:2430540413864165
app_id: 1, app_name: pulse_doppler_api-aarch64, task_id: 104, task_name: DASH_FFT, resource_name: fft1, ref_start_time: 2430540414205175, ref_stop_time: 2430540414524105, actual_exe_time: 318930, task_app_start_time:2430540100558994, task_sched_time:2430540414200675
app_id: 1, app_name: pulse_doppler_api-aarch64, task_id: 105, task_name: DASH_FFT, resource_name: fft2, ref_start_time: 2430540416173235, ref_stop_time: 2430540416200715, actual_exe_time: 27480, task_app_start_time:2430540100558994, task_sched_time:2430540415948475
app_id: 3, app_name: pulse_doppler_api-aarch64, task_id: 100, task_name: DASH_FFT, resource_name: cpu1, ref_start_time: 2430540416969435, ref_stop_time: 2430540416991485, actual_exe_time: 22050, task_app_start_time:2430540120723348, task_sched_time:2430540416964395
app_id: 2, app_name: pulse_doppler_api-aarch64, task_id: 111, task_name: DASH_FFT, resource_name: cpu2, ref_start_time: 2430540417578075, ref_stop_time: 2430540417603605, actual_exe_time: 25530, task_app_start_time:2430540110712946, task_sched_time:2430540417574355
app_id: 0, app_name: pulse_doppler_api-aarch64, task_id: 118, task_name: DASH_FFT, resource_name: cpu3, ref_start_time: 2430540417768366, ref_stop_time: 2430540417792996, actual_exe_time: 24630, task_app_start_time:2430540090844933, task_sched_time:2430540417760116
app_id: 1, app_name: pulse_doppler_api-aarch64, task_id: 106, task_name: DASH_FFT, resource_name: fft1, ref_start_time: 2430540418387056, ref_stop_time: 2430540418621176, actual_exe_time: 234120, task_app_start_time:2430540100558994, task_sched_time:2430540418373826
app_id: 2, app_name: pulse_doppler_api-aarch64, task_id: 112, task_name: DASH_FFT, resource_name: fft2, ref_start_time: 2430540418768926, ref_stop_time: 2430540419079396, actual_exe_time: 310470, task_app_start_time:2430540110712946, task_sched_time:2430540418763676
app_id: 0, app_name: pulse_doppler_api-aarch64, task_id: 119, task_name: DASH_FFT, resource_name: cpu1, ref_start_time: 2430540419731146, ref_stop_time: 2430540419752626, actual_exe_time: 21480, task_app_start_time:2430540090844933, task_sched_time:2430540419721936
app_id: 3, app_name: pulse_doppler_api-aarch64, task_id: 101, task_name: DASH_FFT, resource_name: cpu2, ref_start_time: 2430540420290316, ref_stop_time: 2430540420585516, actual_exe_time: 295200, task_app_start_time:2430540120723348, task_sched_time:2430540420286776
app_id: 1, app_name: pulse_doppler_api-aarch64, task_id: 107, task_name: DASH_FFT, resource_name: cpu3, ref_start_time: 2430540420880896, ref_stop_time: 2430540421220646, actual_exe_time: 339750, task_app_start_time:2430540100558994, task_sched_time:2430540420673896
app_id: 0, app_name: pulse_doppler_api-aarch64, task_id: 120, task_name: DASH_FFT, resource_name: fft1, ref_start_time: 2430540422207106, ref_stop_time: 2430540422233026, actual_exe_time: 25920, task_app_start_time:2430540090844933, task_sched_time:2430540422193666
app_id: 2, app_name: pulse_doppler_api-aarch64, task_id: 113, task_name: DASH_FFT, resource_name: fft2, ref_start_time: 2430540422683326, ref_stop_time: 2430540422721546, actual_exe_time: 38220, task_app_start_time:2430540110712946, task_sched_time:2430540422530806
app_id: 3, app_name: pulse_doppler_api-aarch64, task_id: 102, task_name: DASH_FFT, resource_name: cpu1, ref_start_time: 2430540423368376, ref_stop_time: 2430540423389256, actual_exe_time: 20880, task_app_start_time:2430540120723348, task_sched_time:2430540423360546
app_id: 0, app_name: pulse_doppler_api-aarch64, task_id: 121, task_name: DASH_FFT, resource_name: cpu2, ref_start_time: 2430540423991237, ref_stop_time: 2430540424014397, actual_exe_time: 23160, task_app_start_time:2430540090844933, task_sched_time:2430540423988267
app_id: 1, app_name: pulse_doppler_api-aarch64, task_id: 108, task_name: DASH_FFT, resource_name: cpu3, ref_start_time: 2430540424315237, ref_stop_time: 2430540424481737, actual_exe_time: 166500, task_app_start_time:2430540100558994, task_sched_time:2430540424306807
app_id: 3, app_name: pulse_doppler_api-aarch64, task_id: 103, task_name: DASH_FFT, resource_name: fft1, ref_start_time: 2430540424901797, ref_stop_time: 2430540425229727, actual_exe_time: 327930, task_app_start_time:2430540120723348, task_sched_time:2430540424895707
app_id: 1, app_name: pulse_doppler_api-aarch64, task_id: 109, task_name: DASH_FFT, resource_name: cpu1, ref_start_time: 2430540426165997, ref_stop_time: 2430540426187237, actual_exe_time: 21240, task_app_start_time:2430540100558994, task_sched_time:2430540426161467
app_id: 1, app_name: pulse_doppler_api-aarch64, task_id: 110, task_name: DASH_FFT, resource_name: cpu3, ref_start_time: 2430540427162177, ref_stop_time: 2430540427187617, actual_exe_time: 25440, task_app_start_time:2430540100558994, task_sched_time:2430540427153567
app_id: 3, app_name: pulse_doppler_api-aarch64, task_id: 104, task_name: DASH_FFT, resource_name: cpu2, ref_start_time: 2430540427843507, ref_stop_time: 2430540427867507, actual_exe_time: 24000, task_app_start_time:2430540120723348, task_sched_time:2430540426596377
app_id: 0, app_name: pulse_doppler_api-aarch64, task_id: 122, task_name: DASH_FFT, resource_name: fft2, ref_start_time: 2430540427895917, ref_stop_time: 2430540427933477, actual_exe_time: 37560, task_app_start_time:2430540090844933, task_sched_time:2430540425094937
app_id: 1, app_name: pulse_doppler_api-aarch64, task_id: 111, task_name: DASH_FFT, resource_name: fft1, ref_start_time: 2430540427976107, ref_stop_time: 2430540428001427, actual_exe_time: 25320, task_app_start_time:2430540100558994, task_sched_time:2430540427969597
app_id: 2, app_name: pulse_doppler_api-aarch64, task_id: 114, task_name: DASH_FFT, resource_name: fft2, ref_start_time: 2430540428676637, ref_stop_time: 2430540428705287, actual_exe_time: 28650, task_app_start_time:2430540110712946, task_sched_time:2430540428411227
app_id: 0, app_name: pulse_doppler_api-aarch64, task_id: 123, task_name: DASH_FFT, resource_name: cpu1, ref_start_time: 2430540429594547, ref_stop_time: 2430540429614857, actual_exe_time: 20310, task_app_start_time:2430540090844933, task_sched_time:2430540429581047
app_id: 1, app_name: pulse_doppler_api-aarch64, task_id: 112, task_name: DASH_FFT, resource_name: cpu2, ref_start_time: 2430540430090057, ref_stop_time: 2430540430112317, actual_exe_time: 22260, task_app_start_time:2430540100558994, task_sched_time:2430540430080997
app_id: 3, app_name: pulse_doppler_api-aarch64, task_id: 105, task_name: DASH_FFT, resource_name: cpu3, ref_start_time: 2430540430582988, ref_stop_time: 2430540431061998, actual_exe_time: 479010, task_app_start_time:2430540120723348, task_sched_time:2430540430575068
app_id: 1, app_name: pulse_doppler_api-aarch64, task_id: 113, task_name: DASH_FFT, resource_name: fft1, ref_start_time: 2430540431001278, ref_stop_time: 2430540431036228, actual_exe_time: 34950, task_app_start_time:2430540100558994, task_sched_time:2430540430994198
app_id: 2, app_name: pulse_doppler_api-aarch64, task_id: 115, task_name: DASH_FFT, resource_name: fft2, ref_start_time: 2430540431867198, ref_stop_time: 2430540432554768, actual_exe_time: 687570, task_app_start_time:2430540110712946, task_sched_time:2430540431850218
app_id: 1, app_name: pulse_doppler_api-aarch64, task_id: 114, task_name: DASH_FFT, resource_name: cpu1, ref_start_time: 2430540433127288, ref_stop_time: 2430540433148498, actual_exe_time: 21210, task_app_start_time:2430540100558994, task_sched_time:2430540433120628
app_id: 2, app_name: pulse_doppler_api-aarch64, task_id: 116, task_name: DASH_FFT, resource_name: cpu3, ref_start_time: 2430540433812788, ref_stop_time: 2430540434186618, actual_exe_time: 373830, task_app_start_time:2430540110712946, task_sched_time:2430540433802078
app_id: 3, app_name: pulse_doppler_api-aarch64, task_id: 106, task_name: DASH_FFT, resource_name: cpu2, ref_start_time: 2430540434074958, ref_stop_time: 2430540434097788, actual_exe_time: 22830, task_app_start_time:2430540120723348, task_sched_time:2430540433478198
app_id: 0, app_name: pulse_doppler_api-aarch64, task_id: 124, task_name: DASH_FFT, resource_name: fft1, ref_start_time: 2430540434793608, ref_stop_time: 2430540434818958, actual_exe_time: 25350, task_app_start_time:2430540090844933, task_sched_time:2430540434780588
app_id: 1, app_name: pulse_doppler_api-aarch64, task_id: 115, task_name: DASH_FFT, resource_name: fft2, ref_start_time: 2430540435229658, ref_stop_time: 2430540435897728, actual_exe_time: 668070, task_app_start_time:2430540100558994, task_sched_time:2430540435220508
app_id: 2, app_name: pulse_doppler_api-aarch64, task_id: 117, task_name: DASH_FFT, resource_name: cpu1, ref_start_time: 2430540436158998, ref_stop_time: 2430540436179698, actual_exe_time: 20700, task_app_start_time:2430540110712946, task_sched_time:2430540436153538
app_id: 0, app_name: pulse_doppler_api-aarch64, task_id: 125, task_name: DASH_FFT, resource_name: cpu2, ref_start_time: 2430540436615569, ref_stop_time: 2430540436768449, actual_exe_time: 152880, task_app_start_time:2430540090844933, task_sched_time:2430540436605519
app_id: 4, app_name: TX_api-aarch64, task_id: 70, task_name: DASH_FFT, resource_name: cpu3, ref_start_time: 2430540436954749, ref_stop_time: 2430540437258739, actual_exe_time: 303990, task_app_start_time:2430540081969821, task_sched_time:2430540436949859
app_id: 3, app_name: pulse_doppler_api-aarch64, task_id: 107, task_name: DASH_FFT, resource_name: fft1, ref_start_time: 2430540437138799, ref_stop_time: 2430540437371119, actual_exe_time: 232320, task_app_start_time:2430540120723348, task_sched_time:2430540437127279
app_id: 1, app_name: pulse_doppler_api-aarch64, task_id: 116, task_name: DASH_FFT, resource_name: fft2, ref_start_time: 2430540438810309, ref_stop_time: 2430540439147629, actual_exe_time: 337320, task_app_start_time:2430540100558994, task_sched_time:2430540438803739
app_id: 2, app_name: pulse_doppler_api-aarch64, task_id: 118, task_name: DASH_FFT, resource_name: cpu1, ref_start_time: 2430540439896069, ref_stop_time: 2430540439917159, actual_exe_time: 21090, task_app_start_time:2430540110712946, task_sched_time:2430540439883019
app_id: 3, app_name: pulse_doppler_api-aarch64, task_id: 108, task_name: DASH_FFT, resource_name: cpu2, ref_start_time: 2430540440316819, ref_stop_time: 2430540440516169, actual_exe_time: 199350, task_app_start_time:2430540120723348, task_sched_time:2430540440311269
app_id: 4, app_name: TX_api-aarch64, task_id: 71, task_name: DASH_FFT, resource_name: cpu3, ref_start_time: 2430540440830029, ref_stop_time: 2430540440852949, actual_exe_time: 22920, task_app_start_time:2430540081969821, task_sched_time:2430540440821119
app_id: 0, app_name: pulse_doppler_api-aarch64, task_id: 126, task_name: DASH_FFT, resource_name: fft1, ref_start_time: 2430540441474909, ref_stop_time: 2430540441500469, actual_exe_time: 25560, task_app_start_time:2430540090844933, task_sched_time:2430540441468759
app_id: 4, app_name: TX_api-aarch64, task_id: 72, task_name: DASH_FFT, resource_name: fft2, ref_start_time: 2430540441669039, ref_stop_time: 2430540441917259, actual_exe_time: 248220, task_app_start_time:2430540081969821, task_sched_time:2430540441665979
app_id: 2, app_name: pulse_doppler_api-aarch64, task_id: 119, task_name: DASH_FFT, resource_name: cpu1, ref_start_time: 2430540443078260, ref_stop_time: 2430540443099680, actual_exe_time: 21420, task_app_start_time:2430540110712946, task_sched_time:2430540443065180
app_id: 1, app_name: pulse_doppler_api-aarch64, task_id: 117, task_name: DASH_FFT, resource_name: cpu2, ref_start_time: 2430540443122000, ref_stop_time: 2430540443144020, actual_exe_time: 22020, task_app_start_time:2430540100558994, task_sched_time:2430540443118280
app_id: 3, app_name: pulse_doppler_api-aarch64, task_id: 109, task_name: DASH_FFT, resource_name: cpu3, ref_start_time: 2430540443226100, ref_stop_time: 2430540443251210, actual_exe_time: 25110, task_app_start_time:2430540120723348, task_sched_time:2430540443222170
app_id: 0, app_name: pulse_doppler_api-aarch64, task_id: 127, task_name: DASH_FFT, resource_name: fft1, ref_start_time: 2430540444140170, ref_stop_time: 2430540444166060, actual_exe_time: 25890, task_app_start_time:2430540090844933, task_sched_time:2430540444131500
app_id: 2, app_name: pulse_doppler_api-aarch64, task_id: 120, task_name: DASH_FFT, resource_name: fft2, ref_start_time: 2430540444800620, ref_stop_time: 2430540444829570, actual_exe_time: 28950, task_app_start_time:2430540110712946, task_sched_time:2430540444795850
app_id: 4, app_name: TX_api-aarch64, task_id: 73, task_name: DASH_FFT, resource_name: cpu1, ref_start_time: 2430540445187740, ref_stop_time: 2430540445209850, actual_exe_time: 22110, task_app_start_time:2430540081969821, task_sched_time:2430540445177750
app_id: 3, app_name: pulse_doppler_api-aarch64, task_id: 110, task_name: DASH_FFT, resource_name: cpu2, ref_start_time: 2430540445572130, ref_stop_time: 2430540445926850, actual_exe_time: 354720, task_app_start_time:2430540120723348, task_sched_time:2430540445562980
app_id: 0, app_name: pulse_doppler_api-aarch64, task_id: 128, task_name: DASH_FFT, resource_name: cpu3, ref_start_time: 2430540446147890, ref_stop_time: 2430540446174560, actual_exe_time: 26670, task_app_start_time:2430540090844933, task_sched_time:2430540446140540
app_id: 1, app_name: pulse_doppler_api-aarch64, task_id: 118, task_name: DASH_FFT, resource_name: fft1, ref_start_time: 2430540447206110, ref_stop_time: 2430540447231370, actual_exe_time: 25260, task_app_start_time:2430540100558994, task_sched_time:2430540447195520
app_id: 4, app_name: TX_api-aarch64, task_id: 74, task_name: DASH_FFT, resource_name: fft2, ref_start_time: 2430540447753610, ref_stop_time: 2430540447791410, actual_exe_time: 37800, task_app_start_time:2430540081969821, task_sched_time:2430540447747160
app_id: 3, app_name: pulse_doppler_api-aarch64, task_id: 111, task_name: DASH_FFT, resource_name: cpu1, ref_start_time: 2430540448418890, ref_stop_time: 2430540448786901, actual_exe_time: 368011, task_app_start_time:2430540120723348, task_sched_time:2430540448409350
app_id: 0, app_name: pulse_doppler_api-aarch64, task_id: 129, task_name: DASH_FFT, resource_name: cpu2, ref_start_time: 2430540448989911, ref_stop_time: 2430540449143031, actual_exe_time: 153120, task_app_start_time:2430540090844933, task_sched_time:2430540448980581
app_id: 2, app_name: pulse_doppler_api-aarch64, task_id: 121, task_name: DASH_FFT, resource_name: cpu3, ref_start_time: 2430540449453531, ref_stop_time: 2430540450001961, actual_exe_time: 548430, task_app_start_time:2430540110712946, task_sched_time:2430540449449421
app_id: 3, app_name: pulse_doppler_api-aarch64, task_id: 112, task_name: DASH_FFT, resource_name: fft1, ref_start_time: 2430540450159551, ref_stop_time: 2430540450184631, actual_exe_time: 25080, task_app_start_time:2430540120723348, task_sched_time:2430540450148181
app_id: 1, app_name: pulse_doppler_api-aarch64, task_id: 119, task_name: DASH_FFT, resource_name: fft2, ref_start_time: 2430540450726251, ref_stop_time: 2430540450762551, actual_exe_time: 36300, task_app_start_time:2430540100558994, task_sched_time:2430540450713171
app_id: 2, app_name: pulse_doppler_api-aarch64, task_id: 122, task_name: DASH_FFT, resource_name: cpu1, ref_start_time: 2430540451641131, ref_stop_time: 2430540451663091, actual_exe_time: 21960, task_app_start_time:2430540110712946, task_sched_time:2430540451622081
app_id: 0, app_name: pulse_doppler_api-aarch64, task_id: 130, task_name: DASH_FFT, resource_name: cpu2, ref_start_time: 2430540451683221, ref_stop_time: 2430540451705121, actual_exe_time: 21900, task_app_start_time:2430540090844933, task_sched_time:2430540451677311
app_id: 4, app_name: TX_api-aarch64, task_id: 75, task_name: DASH_FFT, resource_name: cpu3, ref_start_time: 2430540451946231, ref_stop_time: 2430540451969511, actual_exe_time: 23280, task_app_start_time:2430540081969821, task_sched_time:2430540451941851
app_id: 3, app_name: pulse_doppler_api-aarch64, task_id: 113, task_name: DASH_FFT, resource_name: fft1, ref_start_time: 2430540452670251, ref_stop_time: 2430540453006041, actual_exe_time: 335790, task_app_start_time:2430540120723348, task_sched_time:2430540452665751
app_id: 0, app_name: pulse_doppler_api-aarch64, task_id: 131, task_name: DASH_FFT, resource_name: fft2, ref_start_time: 2430540453067061, ref_stop_time: 2430540453715031, actual_exe_time: 647970, task_app_start_time:2430540090844933, task_sched_time:2430540453063521
app_id: 4, app_name: TX_api-aarch64, task_id: 76, task_name: DASH_FFT, resource_name: cpu1, ref_start_time: 2430540454293701, ref_stop_time: 2430540454614611, actual_exe_time: 320910, task_app_start_time:2430540081969821, task_sched_time:2430540454287941
app_id: 1, app_name: pulse_doppler_api-aarch64, task_id: 120, task_name: DASH_FFT, resource_name: cpu2, ref_start_time: 2430540454884281, ref_stop_time: 2430540454906961, actual_exe_time: 22680, task_app_start_time:2430540100558994, task_sched_time:2430540454689761
app_id: 3, app_name: pulse_doppler_api-aarch64, task_id: 114, task_name: DASH_FFT, resource_name: cpu3, ref_start_time: 2430540456068802, ref_stop_time: 2430540456094812, actual_exe_time: 26010, task_app_start_time:2430540120723348, task_sched_time:2430540456039852
app_id: 0, app_name: pulse_doppler_api-aarch64, task_id: 132, task_name: DASH_FFT, resource_name: fft1, ref_start_time: 2430540456471402, ref_stop_time: 2430540456497202, actual_exe_time: 25800, task_app_start_time:2430540090844933, task_sched_time:2430540456461412
app_id: 2, app_name: pulse_doppler_api-aarch64, task_id: 123, task_name: DASH_FFT, resource_name: fft2, ref_start_time: 2430540456670962, ref_stop_time: 2430540456794952, actual_exe_time: 123990, task_app_start_time:2430540110712946, task_sched_time:2430540456664932
app_id: 4, app_name: TX_api-aarch64, task_id: 77, task_name: DASH_FFT, resource_name: cpu1, ref_start_time: 2430540457658022, ref_stop_time: 2430540457679922, actual_exe_time: 21900, task_app_start_time:2430540081969821, task_sched_time:2430540457652982
app_id: 1, app_name: pulse_doppler_api-aarch64, task_id: 121, task_name: DASH_FFT, resource_name: cpu2, ref_start_time: 2430540457942002, ref_stop_time: 2430540458311482, actual_exe_time: 369480, task_app_start_time:2430540100558994, task_sched_time:2430540457937352
app_id: 3, app_name: pulse_doppler_api-aarch64, task_id: 115, task_name: DASH_FFT, resource_name: cpu3, ref_start_time: 2430540458651232, ref_stop_time: 2430540458675622, actual_exe_time: 24390, task_app_start_time:2430540120723348, task_sched_time:2430540458647602
app_id: 0, app_name: pulse_doppler_api-aarch64, task_id: 133, task_name: DASH_FFT, resource_name: fft1, ref_start_time: 2430540459174912, ref_stop_time: 2430540459200862, actual_exe_time: 25950, task_app_start_time:2430540090844933, task_sched_time:2430540459161982
app_id: 4, app_name: TX_api-aarch64, task_id: 78, task_name: DASH_FFT, resource_name: fft2, ref_start_time: 2430540459875142, ref_stop_time: 2430540459913812, actual_exe_time: 38670, task_app_start_time:2430540081969821, task_sched_time:2430540459866412
app_id: 2, app_name: pulse_doppler_api-aarch64, task_id: 124, task_name: DASH_FFT, resource_name: cpu1, ref_start_time: 2430540461029302, ref_stop_time: 2430540461050452, actual_exe_time: 21150, task_app_start_time:2430540110712946, task_sched_time:2430540461019852
app_id: 0, app_name: pulse_doppler_api-aarch64, task_id: 134, task_name: DASH_FFT, resource_name: cpu2, ref_start_time: 2430540461460553, ref_stop_time: 2430540461735623, actual_exe_time: 275070, task_app_start_time:2430540090844933, task_sched_time:2430540461456623
app_id: 3, app_name: pulse_doppler_api-aarch64, task_id: 116, task_name: DASH_FFT, resource_name: cpu3, ref_start_time: 2430540461660353, ref_stop_time: 2430540462085333, actual_exe_time: 424980, task_app_start_time:2430540120723348, task_sched_time:2430540461630233
app_id: 1, app_name: pulse_doppler_api-aarch64, task_id: 122, task_name: DASH_FFT, resource_name: fft1, ref_start_time: 2430540462589303, ref_stop_time: 2430540462623803, actual_exe_time: 34500, task_app_start_time:2430540100558994, task_sched_time:2430540462577693
app_id: 4, app_name: TX_api-aarch64, task_id: 79, task_name: DASH_FFT, resource_name: fft2, ref_start_time: 2430540462982093, ref_stop_time: 2430540463110853, actual_exe_time: 128760, task_app_start_time:2430540081969821, task_sched_time:2430540462963493
app_id: 0, app_name: pulse_doppler_api-aarch64, task_id: 135, task_name: DASH_FFT, resource_name: cpu1, ref_start_time: 2430540463666453, ref_stop_time: 2430540463687873, actual_exe_time: 21420, task_app_start_time:2430540090844933, task_sched_time:2430540463663693
app_id: 0, app_name: pulse_doppler_api-aarch64, task_id: 136, task_name: DASH_FFT, resource_name: cpu2, ref_start_time: 2430540467918294, ref_stop_time: 2430540467942984, actual_exe_time: 24690, task_app_start_time:2430540090844933, task_sched_time:2430540465340003
app_id: 2, app_name: pulse_doppler_api-aarch64, task_id: 125, task_name: DASH_FFT, resource_name: cpu3, ref_start_time: 2430540468311924, ref_stop_time: 2430540468336254, actual_exe_time: 24330, task_app_start_time:2430540110712946, task_sched_time:2430540468304184
app_id: 3, app_name: pulse_doppler_api-aarch64, task_id: 117, task_name: DASH_FFT, resource_name: fft1, ref_start_time: 2430540468520034, ref_stop_time: 2430540468719654, actual_exe_time: 199620, task_app_start_time:2430540120723348, task_sched_time:2430540468509324
app_id: 1, app_name: pulse_doppler_api-aarch64, task_id: 123, task_name: DASH_FFT, resource_name: fft2, ref_start_time: 2430540468985724, ref_stop_time: 2430540469012994, actual_exe_time: 27270, task_app_start_time:2430540100558994, task_sched_time:2430540468982814
app_id: 0, app_name: pulse_doppler_api-aarch64, task_id: 137, task_name: DASH_FFT, resource_name: cpu1, ref_start_time: 2430540469705064, ref_stop_time: 2430540469726994, actual_exe_time: 21930, task_app_start_time:2430540090844933, task_sched_time:2430540469701644
app_id: 3, app_name: pulse_doppler_api-aarch64, task_id: 118, task_name: DASH_FFT, resource_name: cpu2, ref_start_time: 2430540470170004, ref_stop_time: 2430540470487854, actual_exe_time: 317850, task_app_start_time:2430540120723348, task_sched_time:2430540470166404
app_id: 1, app_name: pulse_doppler_api-aarch64, task_id: 124, task_name: DASH_FFT, resource_name: cpu3, ref_start_time: 2430540470922104, ref_stop_time: 2430540471210374, actual_exe_time: 288270, task_app_start_time:2430540100558994, task_sched_time:2430540470917304
app_id: 0, app_name: pulse_doppler_api-aarch64, task_id: 138, task_name: DASH_FFT, resource_name: fft1, ref_start_time: 2430540471374234, ref_stop_time: 2430540471399164, actual_exe_time: 24930, task_app_start_time:2430540090844933, task_sched_time:2430540471366524
app_id: 3, app_name: pulse_doppler_api-aarch64, task_id: 119, task_name: DASH_FFT, resource_name: fft2, ref_start_time: 2430540471993854, ref_stop_time: 2430540472029314, actual_exe_time: 35460, task_app_start_time:2430540120723348, task_sched_time:2430540471984644
app_id: 2, app_name: pulse_doppler_api-aarch64, task_id: 126, task_name: DASH_FFT, resource_name: cpu1, ref_start_time: 2430540472971824, ref_stop_time: 2430540472992974, actual_exe_time: 21150, task_app_start_time:2430540110712946, task_sched_time:2430540472963334
app_id: 2, app_name: pulse_doppler_api-aarch64, task_id: 127, task_name: DASH_FFT, resource_name: cpu2, ref_start_time: 2430540473340074, ref_stop_time: 2430540473364374, actual_exe_time: 24300, task_app_start_time:2430540110712946, task_sched_time:2430540473335454
app_id: 1, app_name: pulse_doppler_api-aarch64, task_id: 125, task_name: DASH_FFT, resource_name: cpu3, ref_start_time: 2430540473720115, ref_stop_time: 2430540473889405, actual_exe_time: 169290, task_app_start_time:2430540100558994, task_sched_time:2430540473717115
app_id: 0, app_name: pulse_doppler_api-aarch64, task_id: 139, task_name: DASH_FFT, resource_name: fft1, ref_start_time: 2430540473994975, ref_stop_time: 2430540474463305, actual_exe_time: 468330, task_app_start_time:2430540090844933, task_sched_time:2430540473986575
app_id: 3, app_name: pulse_doppler_api-aarch64, task_id: 120, task_name: DASH_FFT, resource_name: fft2, ref_start_time: 2430540474781875, ref_stop_time: 2430540474807975, actual_exe_time: 26100, task_app_start_time:2430540120723348, task_sched_time:2430540474774945
app_id: 2, app_name: pulse_doppler_api-aarch64, task_id: 128, task_name: DASH_FFT, resource_name: cpu1, ref_start_time: 2430540475592145, ref_stop_time: 2430540475614525, actual_exe_time: 22380, task_app_start_time:2430540110712946, task_sched_time:2430540475581345
app_id: 1, app_name: pulse_doppler_api-aarch64, task_id: 126, task_name: DASH_FFT, resource_name: cpu2, ref_start_time: 2430540475947045, ref_stop_time: 2430540476074365, actual_exe_time: 127320, task_app_start_time:2430540100558994, task_sched_time:2430540475937895
app_id: 3, app_name: pulse_doppler_api-aarch64, task_id: 121, task_name: DASH_FFT, resource_name: cpu3, ref_start_time: 2430540476208975, ref_stop_time: 2430540476622735, actual_exe_time: 413760, task_app_start_time:2430540120723348, task_sched_time:2430540476204145
app_id: 0, app_name: pulse_doppler_api-aarch64, task_id: 140, task_name: DASH_FFT, resource_name: fft1, ref_start_time: 2430540476669565, ref_stop_time: 2430540476704635, actual_exe_time: 35070, task_app_start_time:2430540090844933, task_sched_time:2430540476666175
app_id: 2, app_name: pulse_doppler_api-aarch64, task_id: 129, task_name: DASH_FFT, resource_name: fft2, ref_start_time: 2430540477361305, ref_stop_time: 2430540477514875, actual_exe_time: 153570, task_app_start_time:2430540110712946, task_sched_time:2430540477313425
app_id: 1, app_name: pulse_doppler_api-aarch64, task_id: 127, task_name: DASH_FFT, resource_name: cpu1, ref_start_time: 2430540478268115, ref_stop_time: 2430540478289535, actual_exe_time: 21420, task_app_start_time:2430540100558994, task_sched_time:2430540478262325
app_id: 3, app_name: pulse_doppler_api-aarch64, task_id: 122, task_name: DASH_FFT, resource_name: cpu3, ref_start_time: 2430540478766925, ref_stop_time: 2430540478978155, actual_exe_time: 211230, task_app_start_time:2430540120723348, task_sched_time:2430540478764105
app_id: 0, app_name: pulse_doppler_api-aarch64, task_id: 141, task_name: DASH_FFT, resource_name: fft1, ref_start_time: 2430540479403495, ref_stop_time: 2430540479429925, actual_exe_time: 26430, task_app_start_time:2430540090844933, task_sched_time:2430540479392875
app_id: 2, app_name: pulse_doppler_api-aarch64, task_id: 130, task_name: DASH_FFT, resource_name: cpu2, ref_start_time: 2430540479855116, ref_stop_time: 2430540479882686, actual_exe_time: 27570, task_app_start_time:2430540110712946, task_sched_time:2430540478460145
app_id: 1, app_name: pulse_doppler_api-aarch64, task_id: 128, task_name: DASH_FFT, resource_name: fft2, ref_start_time: 2430540480901216, ref_stop_time: 2430540480938056, actual_exe_time: 36840, task_app_start_time:2430540100558994, task_sched_time:2430540479926366
app_id: 0, app_name: pulse_doppler_api-aarch64, task_id: 142, task_name: DASH_FFT, resource_name: cpu1, ref_start_time: 2430540481402126, ref_stop_time: 2430540481422946, actual_exe_time: 20820, task_app_start_time:2430540090844933, task_sched_time:2430540481399126
app_id: 2, app_name: pulse_doppler_api-aarch64, task_id: 131, task_name: DASH_FFT, resource_name: cpu2, ref_start_time: 2430540481779046, ref_stop_time: 2430540481989586, actual_exe_time: 210540, task_app_start_time:2430540110712946, task_sched_time:2430540481735336
app_id: 2, app_name: pulse_doppler_api-aarch64, task_id: 132, task_name: DASH_FFT, resource_name: cpu3, ref_start_time: 2430540482342446, ref_stop_time: 2430540482364616, actual_exe_time: 22170, task_app_start_time:2430540110712946, task_sched_time:2430540482334376
app_id: 3, app_name: pulse_doppler_api-aarch64, task_id: 123, task_name: DASH_FFT, resource_name: fft1, ref_start_time: 2430540482662486, ref_stop_time: 2430540482915086, actual_exe_time: 252600, task_app_start_time:2430540120723348, task_sched_time:2430540482649106
app_id: 1, app_name: pulse_doppler_api-aarch64, task_id: 129, task_name: DASH_FFT, resource_name: fft2, ref_start_time: 2430540483346036, ref_stop_time: 2430540483372556, actual_exe_time: 26520, task_app_start_time:2430540100558994, task_sched_time:2430540483341236
app_id: 0, app_name: pulse_doppler_api-aarch64, task_id: 143, task_name: DASH_FFT, resource_name: cpu1, ref_start_time: 2430540484049206, ref_stop_time: 2430540484071076, actual_exe_time: 21870, task_app_start_time:2430540090844933, task_sched_time:2430540484037086
app_id: 0, app_name: pulse_doppler_api-aarch64, task_id: 144, task_name: DASH_FFT, resource_name: cpu2, ref_start_time: 2430540484674466, ref_stop_time: 2430540484697206, actual_exe_time: 22740, task_app_start_time:2430540090844933, task_sched_time:2430540484664656
app_id: 2, app_name: pulse_doppler_api-aarch64, task_id: 133, task_name: DASH_FFT, resource_name: cpu3, ref_start_time: 2430540485263936, ref_stop_time: 2430540485286286, actual_exe_time: 22350, task_app_start_time:2430540110712946, task_sched_time:2430540485259166
app_id: 3, app_name: pulse_doppler_api-aarch64, task_id: 124, task_name: DASH_FFT, resource_name: fft1, ref_start_time: 2430540486036256, ref_stop_time: 2430540486061847, actual_exe_time: 25591, task_app_start_time:2430540120723348, task_sched_time:2430540486026776
app_id: 4, app_name: TX_api-aarch64, task_id: 80, task_name: DASH_FFT, resource_name: fft2, ref_start_time: 2430540486095387, ref_stop_time: 2430540486343097, actual_exe_time: 247710, task_app_start_time:2430540081969821, task_sched_time:2430540486086327
app_id: 0, app_name: pulse_doppler_api-aarch64, task_id: 145, task_name: DASH_FFT, resource_name: cpu1, ref_start_time: 2430540486698927, ref_stop_time: 2430540486719387, actual_exe_time: 20460, task_app_start_time:2430540090844933, task_sched_time:2430540486690707
app_id: 2, app_name: pulse_doppler_api-aarch64, task_id: 134, task_name: DASH_FFT, resource_name: cpu2, ref_start_time: 2430540486917477, ref_stop_time: 2430540487087487, actual_exe_time: 170010, task_app_start_time:2430540110712946, task_sched_time:2430540486909587
app_id: 1, app_name: pulse_doppler_api-aarch64, task_id: 130, task_name: DASH_FFT, resource_name: cpu3, ref_start_time: 2430540486998537, ref_stop_time: 2430540487024157, actual_exe_time: 25620, task_app_start_time:2430540100558994, task_sched_time:2430540486990467
app_id: 0, app_name: pulse_doppler_api-aarch64, task_id: 146, task_name: DASH_FFT, resource_name: fft1, ref_start_time: 2430540487635077, ref_stop_time: 2430540487670447, actual_exe_time: 35370, task_app_start_time:2430540090844933, task_sched_time:2430540487627697
app_id: 0, app_name: pulse_doppler_api-aarch64, task_id: 147, task_name: DASH_FFT, resource_name: fft2, ref_start_time: 2430540488402267, ref_stop_time: 2430540488428097, actual_exe_time: 25830, task_app_start_time:2430540090844933, task_sched_time:2430540488394737
app_id: 3, app_name: pulse_doppler_api-aarch64, task_id: 125, task_name: DASH_FFT, resource_name: cpu1, ref_start_time: 2430540489202187, ref_stop_time: 2430540489223727, actual_exe_time: 21540, task_app_start_time:2430540120723348, task_sched_time:2430540489197837
app_id: 1, app_name: pulse_doppler_api-aarch64, task_id: 131, task_name: DASH_FFT, resource_name: cpu2, ref_start_time: 2430540489569117, ref_stop_time: 2430540489973547, actual_exe_time: 404430, task_app_start_time:2430540100558994, task_sched_time:2430540489560897
app_id: 2, app_name: pulse_doppler_api-aarch64, task_id: 135, task_name: DASH_FFT, resource_name: cpu3, ref_start_time: 2430540490233317, ref_stop_time: 2430540490255997, actual_exe_time: 22680, task_app_start_time:2430540110712946, task_sched_time:2430540490227767
app_id: 4, app_name: TX_api-aarch64, task_id: 81, task_name: DASH_FFT, resource_name: fft1, ref_start_time: 2430540490698377, ref_stop_time: 2430540490986197, actual_exe_time: 287820, task_app_start_time:2430540081969821, task_sched_time:2430540490691987
app_id: 0, app_name: pulse_doppler_api-aarch64, task_id: 148, task_name: DASH_FFT, resource_name: fft2, ref_start_time: 2430540491169227, ref_stop_time: 2430540491602037, actual_exe_time: 432810, task_app_start_time:2430540090844933, task_sched_time:2430540491112767
app_id: 2, app_name: pulse_doppler_api-aarch64, task_id: 136, task_name: DASH_FFT, resource_name: cpu1, ref_start_time: 2430540492199037, ref_stop_time: 2430540492219737, actual_exe_time: 20700, task_app_start_time:2430540110712946, task_sched_time:2430540492195377
app_id: 3, app_name: pulse_doppler_api-aarch64, task_id: 126, task_name: DASH_FFT, resource_name: cpu2, ref_start_time: 2430540492529218, ref_stop_time: 2430540492675258, actual_exe_time: 146040, task_app_start_time:2430540120723348, task_sched_time:2430540492521868
app_id: 4, app_name: TX_api-aarch64, task_id: 82, task_name: DASH_FFT, resource_name: cpu3, ref_start_time: 2430540492649428, ref_stop_time: 2430540492953718, actual_exe_time: 304290, task_app_start_time:2430540081969821, task_sched_time:2430540492641568
app_id: 0, app_name: pulse_doppler_api-aarch64, task_id: 149, task_name: DASH_FFT, resource_name: fft1, ref_start_time: 2430540492960888, ref_stop_time: 2430540492995748, actual_exe_time: 34860, task_app_start_time:2430540090844933, task_sched_time:2430540492952278
app_id: 1, app_name: pulse_doppler_api-aarch64, task_id: 132, task_name: DASH_FFT, resource_name: fft2, ref_start_time: 2430540493767678, ref_stop_time: 2430540493793448, actual_exe_time: 25770, task_app_start_time:2430540100558994, task_sched_time:2430540493760868
app_id: 3, app_name: pulse_doppler_api-aarch64, task_id: 127, task_name: DASH_FFT, resource_name: cpu1, ref_start_time: 2430540494678838, ref_stop_time: 2430540494699268, actual_exe_time: 20430, task_app_start_time:2430540120723348, task_sched_time:2430540494668818
app_id: 4, app_name: TX_api-aarch64, task_id: 83, task_name: DASH_FFT, resource_name: cpu2, ref_start_time: 2430540495026808, ref_stop_time: 2430540495199398, actual_exe_time: 172590, task_app_start_time:2430540081969821, task_sched_time:2430540495019218
app_id: 2, app_name: pulse_doppler_api-aarch64, task_id: 137, task_name: DASH_FFT, resource_name: cpu3, ref_start_time: 2430540496071798, ref_stop_time: 2430540496094748, actual_exe_time: 22950, task_app_start_time:2430540110712946, task_sched_time:2430540496068138
app_id: 0, app_name: pulse_doppler_api-aarch64, task_id: 150, task_name: DASH_FFT, resource_name: fft1, ref_start_time: 2430540496383288, ref_stop_time: 2430540496851648, actual_exe_time: 468360, task_app_start_time:2430540090844933, task_sched_time:2430540496377108
app_id: 1, app_name: pulse_doppler_api-aarch64, task_id: 133, task_name: DASH_FFT, resource_name: fft2, ref_start_time: 2430540496846878, ref_stop_time: 2430540497363358, actual_exe_time: 516480, task_app_start_time:2430540100558994, task_sched_time:2430540496840878
app_id: 3, app_name: pulse_doppler_api-aarch64, task_id: 128, task_name: DASH_FFT, resource_name: cpu1, ref_start_time: 2430540498072018, ref_stop_time: 2430540498095208, actual_exe_time: 23190, task_app_start_time:2430540120723348, task_sched_time:2430540498058308
app_id: 2, app_name: pulse_doppler_api-aarch64, task_id: 138, task_name: DASH_FFT, resource_name: cpu2, ref_start_time: 2430540498542719, ref_stop_time: 2430540498773689, actual_exe_time: 230970, task_app_start_time:2430540110712946, task_sched_time:2430540498522289
app_id: 1, app_name: pulse_doppler_api-aarch64, task_id: 134, task_name: DASH_FFT, resource_name: cpu3, ref_start_time: 2430540498898309, ref_stop_time: 2430540499334179, actual_exe_time: 435870, task_app_start_time:2430540100558994, task_sched_time:2430540498893809
app_id: 4, app_name: TX_api-aarch64, task_id: 84, task_name: DASH_FFT, resource_name: fft1, ref_start_time: 2430540499418959, ref_stop_time: 2430540499455019, actual_exe_time: 36060, task_app_start_time:2430540081969821, task_sched_time:2430540499409809
app_id: 0, app_name: pulse_doppler_api-aarch64, task_id: 151, task_name: DASH_FFT, resource_name: fft2, ref_start_time: 2430540500592439, ref_stop_time: 2430540500619109, actual_exe_time: 26670, task_app_start_time:2430540090844933, task_sched_time:2430540500583139
app_id: 3, app_name: pulse_doppler_api-aarch64, task_id: 129, task_name: DASH_FFT, resource_name: cpu1, ref_start_time: 2430540501145489, ref_stop_time: 2430540501167029, actual_exe_time: 21540, task_app_start_time:2430540120723348, task_sched_time:2430540501139939
app_id: 4, app_name: TX_api-aarch64, task_id: 85, task_name: DASH_FFT, resource_name: cpu2, ref_start_time: 2430540501647809, ref_stop_time: 2430540501883609, actual_exe_time: 235800, task_app_start_time:2430540081969821, task_sched_time:2430540501643459
app_id: 1, app_name: pulse_doppler_api-aarch64, task_id: 135, task_name: DASH_FFT, resource_name: cpu3, ref_start_time: 2430540502183159, ref_stop_time: 2430540502207699, actual_exe_time: 24540, task_app_start_time:2430540100558994, task_sched_time:2430540502175209
app_id: 2, app_name: pulse_doppler_api-aarch64, task_id: 139, task_name: DASH_FFT, resource_name: fft1, ref_start_time: 2430540502325149, ref_stop_time: 2430540502349779, actual_exe_time: 24630, task_app_start_time:2430540110712946, task_sched_time:2430540502317589
app_id: 3, app_name: pulse_doppler_api-aarch64, task_id: 130, task_name: DASH_FFT, resource_name: fft2, ref_start_time: 2430540502373179, ref_stop_time: 2430540502399309, actual_exe_time: 26130, task_app_start_time:2430540120723348, task_sched_time:2430540502369639
app_id: 0, app_name: pulse_doppler_api-aarch64, task_id: 152, task_name: DASH_FFT, resource_name: cpu1, ref_start_time: 2430540502989079, ref_stop_time: 2430540503010349, actual_exe_time: 21270, task_app_start_time:2430540090844933, task_sched_time:2430540502984999
app_id: 1, app_name: pulse_doppler_api-aarch64, task_id: 136, task_name: DASH_FFT, resource_name: cpu2, ref_start_time: 2430540503548039, ref_stop_time: 2430540503870239, actual_exe_time: 322200, task_app_start_time:2430540100558994, task_sched_time:2430540503539519
app_id: 2, app_name: pulse_doppler_api-aarch64, task_id: 140, task_name: DASH_FFT, resource_name: cpu3, ref_start_time: 2430540504148069, ref_stop_time: 2430540504170779, actual_exe_time: 22710, task_app_start_time:2430540110712946, task_sched_time:2430540504144499
app_id: 4, app_name: TX_api-aarch64, task_id: 86, task_name: DASH_FFT, resource_name: fft1, ref_start_time: 2430540504743480, ref_stop_time: 2430540504878690, actual_exe_time: 135210, task_app_start_time:2430540081969821, task_sched_time:2430540504731960
app_id: 3, app_name: pulse_doppler_api-aarch64, task_id: 131, task_name: DASH_FFT, resource_name: fft2, ref_start_time: 2430540504826070, ref_stop_time: 2430540505341620, actual_exe_time: 515550, task_app_start_time:2430540120723348, task_sched_time:2430540504822140
app_id: 0, app_name: pulse_doppler_api-aarch64, task_id: 153, task_name: DASH_FFT, resource_name: cpu1, ref_start_time: 2430540505681550, ref_stop_time: 2430540505702340, actual_exe_time: 20790, task_app_start_time:2430540090844933, task_sched_time:2430540505668260
app_id: 1, app_name: pulse_doppler_api-aarch64, task_id: 137, task_name: DASH_FFT, resource_name: cpu2, ref_start_time: 2430540506026550, ref_stop_time: 2430540506553590, actual_exe_time: 527040, task_app_start_time:2430540100558994, task_sched_time:2430540506020820
app_id: 4, app_name: TX_api-aarch64, task_id: 87, task_name: DASH_FFT, resource_name: cpu3, ref_start_time: 2430540506361890, ref_stop_time: 2430540506692760, actual_exe_time: 330870, task_app_start_time:2430540081969821, task_sched_time:2430540506354780
app_id: 2, app_name: pulse_doppler_api-aarch64, task_id: 141, task_name: DASH_FFT, resource_name: fft1, ref_start_time: 2430540507108890, ref_stop_time: 2430540507134480, actual_exe_time: 25590, task_app_start_time:2430540110712946, task_sched_time:2430540507102530
app_id: 3, app_name: pulse_doppler_api-aarch64, task_id: 132, task_name: DASH_FFT, resource_name: fft2, ref_start_time: 2430540507464240, ref_stop_time: 2430540507596210, actual_exe_time: 131970, task_app_start_time:2430540120723348, task_sched_time:2430540507435710
app_id: 2, app_name: pulse_doppler_api-aarch64, task_id: 142, task_name: DASH_FFT, resource_name: cpu1, ref_start_time: 2430540509481470, ref_stop_time: 2430540509502290, actual_exe_time: 20820, task_app_start_time:2430540110712946, task_sched_time:2430540509476490
app_id: 0, app_name: pulse_doppler_api-aarch64, task_id: 154, task_name: DASH_FFT, resource_name: cpu2, ref_start_time: 2430540510112910, ref_stop_time: 2430540510135920, actual_exe_time: 23010, task_app_start_time:2430540090844933, task_sched_time:2430540510071930
app_id: 1, app_name: pulse_doppler_api-aarch64, task_id: 138, task_name: DASH_FFT, resource_name: cpu3, ref_start_time: 2430540510357650, ref_stop_time: 2430540510503990, actual_exe_time: 146340, task_app_start_time:2430540100558994, task_sched_time:2430540510334460
app_id: 4, app_name: TX_api-aarch64, task_id: 88, task_name: DASH_FFT, resource_name: fft1, ref_start_time: 2430540510726140, ref_stop_time: 2430540510909921, actual_exe_time: 183781, task_app_start_time:2430540081969821, task_sched_time:2430540510713330
app_id: 3, app_name: pulse_doppler_api-aarch64, task_id: 133, task_name: DASH_FFT, resource_name: fft2, ref_start_time: 2430540511701621, ref_stop_time: 2430540511727991, actual_exe_time: 26370, task_app_start_time:2430540120723348, task_sched_time:2430540511693431
app_id: 1, app_name: pulse_doppler_api-aarch64, task_id: 139, task_name: DASH_FFT, resource_name: cpu1, ref_start_time: 2430540512063571, ref_stop_time: 2430540512084181, actual_exe_time: 20610, task_app_start_time:2430540100558994, task_sched_time:2430540512058621
app_id: 0, app_name: pulse_doppler_api-aarch64, task_id: 155, task_name: DASH_FFT, resource_name: cpu2, ref_start_time: 2430540512401431, ref_stop_time: 2430540512424081, actual_exe_time: 22650, task_app_start_time:2430540090844933, task_sched_time:2430540512392191
app_id: 2, app_name: pulse_doppler_api-aarch64, task_id: 143, task_name: DASH_FFT, resource_name: cpu3, ref_start_time: 2430540512450781, ref_stop_time: 2430540512473581, actual_exe_time: 22800, task_app_start_time:2430540110712946, task_sched_time:2430540512444811
app_id: 4, app_name: TX_api-aarch64, task_id: 89, task_name: DASH_FFT, resource_name: fft1, ref_start_time: 2430540513579981, ref_stop_time: 2430540513615411, actual_exe_time: 35430, task_app_start_time:2430540081969821, task_sched_time:2430540513573171
app_id: 3, app_name: pulse_doppler_api-aarch64, task_id: 134, task_name: DASH_FFT, resource_name: fft2, ref_start_time: 2430540515889051, ref_stop_time: 2430540515927511, actual_exe_time: 38460, task_app_start_time:2430540120723348, task_sched_time:2430540513890781
app_id: 2, app_name: pulse_doppler_api-aarch64, task_id: 144, task_name: DASH_FFT, resource_name: cpu1, ref_start_time: 2430540516857061, ref_stop_time: 2430540516878841, actual_exe_time: 21780, task_app_start_time:2430540110712946, task_sched_time:2430540516851871
app_id: 2, app_name: pulse_doppler_api-aarch64, task_id: 145, task_name: DASH_FFT, resource_name: cpu3, ref_start_time: 2430540518095732, ref_stop_time: 2430540518118472, actual_exe_time: 22740, task_app_start_time:2430540110712946, task_sched_time:2430540518089012
app_id: 1, app_name: pulse_doppler_api-aarch64, task_id: 140, task_name: DASH_FFT, resource_name: fft1, ref_start_time: 2430540518298082, ref_stop_time: 2430540518333842, actual_exe_time: 35760, task_app_start_time:2430540100558994, task_sched_time:2430540518286202
app_id: 0, app_name: pulse_doppler_api-aarch64, task_id: 156, task_name: DASH_FFT, resource_name: cpu2, ref_start_time: 2430540518404912, ref_stop_time: 2430540518428132, actual_exe_time: 23220, task_app_start_time:2430540090844933, task_sched_time:2430540517898062
app_id: 3, app_name: pulse_doppler_api-aarch64, task_id: 135, task_name: DASH_FFT, resource_name: fft2, ref_start_time: 2430540519286012, ref_stop_time: 2430540519311962, actual_exe_time: 25950, task_app_start_time:2430540120723348, task_sched_time:2430540519278542
app_id: 2, app_name: pulse_doppler_api-aarch64, task_id: 146, task_name: DASH_FFT, resource_name: cpu1, ref_start_time: 2430540520131892, ref_stop_time: 2430540520154452, actual_exe_time: 22560, task_app_start_time:2430540110712946, task_sched_time:2430540520124722
app_id: 1, app_name: pulse_doppler_api-aarch64, task_id: 141, task_name: DASH_FFT, resource_name: cpu3, ref_start_time: 2430540520675462, ref_stop_time: 2430540520868362, actual_exe_time: 192900, task_app_start_time:2430540100558994, task_sched_time:2430540520672522
app_id: 3, app_name: pulse_doppler_api-aarch64, task_id: 136, task_name: DASH_FFT, resource_name: fft1, ref_start_time: 2430540520850992, ref_stop_time: 2430540520876252, actual_exe_time: 25260, task_app_start_time:2430540120723348, task_sched_time:2430540520846792
app_id: 1, app_name: pulse_doppler_api-aarch64, task_id: 142, task_name: DASH_FFT, resource_name: cpu1, ref_start_time: 2430540521718622, ref_stop_time: 2430540521739052, actual_exe_time: 20430, task_app_start_time:2430540100558994, task_sched_time:2430540521715442
app_id: 1, app_name: pulse_doppler_api-aarch64, task_id: 143, task_name: DASH_FFT, resource_name: cpu3, ref_start_time: 2430540522737272, ref_stop_time: 2430540522763402, actual_exe_time: 26130, task_app_start_time:2430540100558994, task_sched_time:2430540522732802
app_id: 1, app_name: pulse_doppler_api-aarch64, task_id: 144, task_name: DASH_FFT, resource_name: fft1, ref_start_time: 2430540523605083, ref_stop_time: 2430540523630073, actual_exe_time: 24990, task_app_start_time:2430540100558994, task_sched_time:2430540523600103
app_id: 0, app_name: pulse_doppler_api-aarch64, task_id: 157, task_name: DASH_FFT, resource_name: fft2, ref_start_time: 2430540523852223, ref_stop_time: 2430540523880123, actual_exe_time: 27900, task_app_start_time:2430540090844933, task_sched_time:2430540520878442
app_id: 1, app_name: pulse_doppler_api-aarch64, task_id: 145, task_name: DASH_FFT, resource_name: fft2, ref_start_time: 2430540524377913, ref_stop_time: 2430540524402993, actual_exe_time: 25080, task_app_start_time:2430540100558994, task_sched_time:2430540524374853
app_id: 0, app_name: pulse_doppler_api-aarch64, task_id: 158, task_name: DASH_FFT, resource_name: cpu1, ref_start_time: 2430540525227213, ref_stop_time: 2430540525248753, actual_exe_time: 21540, task_app_start_time:2430540090844933, task_sched_time:2430540525215453
app_id: 2, app_name: pulse_doppler_api-aarch64, task_id: 147, task_name: DASH_FFT, resource_name: cpu2, ref_start_time: 2430540525495083, ref_stop_time: 2430540525521603, actual_exe_time: 26520, task_app_start_time:2430540110712946, task_sched_time:2430540520582042
app_id: 3, app_name: pulse_doppler_api-aarch64, task_id: 137, task_name: DASH_FFT, resource_name: cpu2, ref_start_time: 2430540525585503, ref_stop_time: 2430540525608483, actual_exe_time: 22980, task_app_start_time:2430540120723348, task_sched_time:2430540522133552
app_id: 1, app_name: pulse_doppler_api-aarch64, task_id: 146, task_name: DASH_FFT, resource_name: cpu2, ref_start_time: 2430540526142783, ref_stop_time: 2430540526187663, actual_exe_time: 44880, task_app_start_time:2430540100558994, task_sched_time:2430540526084673
app_id: 0, app_name: pulse_doppler_api-aarch64, task_id: 159, task_name: DASH_FFT, resource_name: cpu3, ref_start_time: 2430540526861193, ref_stop_time: 2430540527026673, actual_exe_time: 165480, task_app_start_time:2430540090844933, task_sched_time:2430540526854383
app_id: 1, app_name: pulse_doppler_api-aarch64, task_id: 147, task_name: DASH_FFT, resource_name: fft1, ref_start_time: 2430540527404763, ref_stop_time: 2430540527429783, actual_exe_time: 25020, task_app_start_time:2430540100558994, task_sched_time:2430540527399933
app_id: 3, app_name: pulse_doppler_api-aarch64, task_id: 138, task_name: DASH_FFT, resource_name: fft2, ref_start_time: 2430540528519743, ref_stop_time: 2430540528545333, actual_exe_time: 25590, task_app_start_time:2430540120723348, task_sched_time:2430540528516503
app_id: 2, app_name: pulse_doppler_api-aarch64, task_id: 148, task_name: DASH_FFT, resource_name: cpu1, ref_start_time: 2430540529194413, ref_stop_time: 2430540529328153, actual_exe_time: 133740, task_app_start_time:2430540110712946, task_sched_time:2430540529191653
app_id: 2, app_name: pulse_doppler_api-aarch64, task_id: 149, task_name: DASH_FFT, resource_name: cpu2, ref_start_time: 2430540529575624, ref_stop_time: 2430540529600854, actual_exe_time: 25230, task_app_start_time:2430540110712946, task_sched_time:2430540529563354
app_id: 3, app_name: pulse_doppler_api-aarch64, task_id: 139, task_name: DASH_FFT, resource_name: cpu3, ref_start_time: 2430540529960164, ref_stop_time: 2430540530353854, actual_exe_time: 393690, task_app_start_time:2430540120723348, task_sched_time:2430540529954404
app_id: 1, app_name: pulse_doppler_api-aarch64, task_id: 148, task_name: DASH_FFT, resource_name: fft1, ref_start_time: 2430540530276064, ref_stop_time: 2430540530958684, actual_exe_time: 682620, task_app_start_time:2430540100558994, task_sched_time:2430540530270814
app_id: 1, app_name: pulse_doppler_api-aarch64, task_id: 149, task_name: DASH_FFT, resource_name: cpu1, ref_start_time: 2430540531976434, ref_stop_time: 2430540531998514, actual_exe_time: 22080, task_app_start_time:2430540100558994, task_sched_time:2430540531971514
app_id: 0, app_name: pulse_doppler_api-aarch64, task_id: 160, task_name: DASH_FFT, resource_name: fft2, ref_start_time: 2430540532371474, ref_stop_time: 2430540532398294, actual_exe_time: 26820, task_app_start_time:2430540090844933, task_sched_time:2430540531045414
app_id: 3, app_name: pulse_doppler_api-aarch64, task_id: 140, task_name: DASH_FFT, resource_name: cpu2, ref_start_time: 2430540532693464, ref_stop_time: 2430540532793574, actual_exe_time: 100110, task_app_start_time:2430540120723348, task_sched_time:2430540532683264
app_id: 2, app_name: pulse_doppler_api-aarch64, task_id: 150, task_name: DASH_FFT, resource_name: cpu3, ref_start_time: 2430540533310654, ref_stop_time: 2430540533332734, actual_exe_time: 22080, task_app_start_time:2430540110712946, task_sched_time:2430540533307654
app_id: 2, app_name: pulse_doppler_api-aarch64, task_id: 151, task_name: DASH_FFT, resource_name: fft1, ref_start_time: 2430540533702214, ref_stop_time: 2430540533727534, actual_exe_time: 25320, task_app_start_time:2430540110712946, task_sched_time:2430540533689134
app_id: 1, app_name: pulse_doppler_api-aarch64, task_id: 150, task_name: DASH_FFT, resource_name: fft2, ref_start_time: 2430540534026724, ref_stop_time: 2430540534233964, actual_exe_time: 207240, task_app_start_time:2430540100558994, task_sched_time:2430540534023094
app_id: 0, app_name: pulse_doppler_api-aarch64, task_id: 161, task_name: DASH_FFT, resource_name: cpu1, ref_start_time: 2430540534898344, ref_stop_time: 2430540534919824, actual_exe_time: 21480, task_app_start_time:2430540090844933, task_sched_time:2430540534892824
app_id: 3, app_name: pulse_doppler_api-aarch64, task_id: 141, task_name: DASH_FFT, resource_name: cpu2, ref_start_time: 2430540535861975, ref_stop_time: 2430540535885345, actual_exe_time: 23370, task_app_start_time:2430540120723348, task_sched_time:2430540535853515
app_id: 2, app_name: pulse_doppler_api-aarch64, task_id: 152, task_name: DASH_FFT, resource_name: cpu3, ref_start_time: 2430540536195305, ref_stop_time: 2430540536218555, actual_exe_time: 23250, task_app_start_time:2430540110712946, task_sched_time:2430540536190925
app_id: 1, app_name: pulse_doppler_api-aarch64, task_id: 151, task_name: DASH_FFT, resource_name: fft1, ref_start_time: 2430540536252845, ref_stop_time: 2430540536278405, actual_exe_time: 25560, task_app_start_time:2430540100558994, task_sched_time:2430540536243965
app_id: 0, app_name: pulse_doppler_api-aarch64, task_id: 162, task_name: DASH_FFT, resource_name: fft2, ref_start_time: 2430540536957455, ref_stop_time: 2430540537234775, actual_exe_time: 277320, task_app_start_time:2430540090844933, task_sched_time:2430540536947585
app_id: 3, app_name: pulse_doppler_api-aarch64, task_id: 142, task_name: DASH_FFT, resource_name: cpu1, ref_start_time: 2430540537970555, ref_stop_time: 2430540537991045, actual_exe_time: 20490, task_app_start_time:2430540120723348, task_sched_time:2430540537965665
app_id: 4, app_name: TX_api-aarch64, task_id: 90, task_name: DASH_FFT, resource_name: cpu2, ref_start_time: 2430540537999925, ref_stop_time: 2430540538025125, actual_exe_time: 25200, task_app_start_time:2430540081969821, task_sched_time:2430540537994435
app_id: 2, app_name: pulse_doppler_api-aarch64, task_id: 153, task_name: DASH_FFT, resource_name: cpu3, ref_start_time: 2430540538117675, ref_stop_time: 2430540538139575, actual_exe_time: 21900, task_app_start_time:2430540110712946, task_sched_time:2430540538022995
app_id: 3, app_name: pulse_doppler_api-aarch64, task_id: 143, task_name: DASH_FFT, resource_name: fft1, ref_start_time: 2430540538780165, ref_stop_time: 2430540538814815, actual_exe_time: 34650, task_app_start_time:2430540120723348, task_sched_time:2430540538775695
app_id: 0, app_name: pulse_doppler_api-aarch64, task_id: 163, task_name: DASH_FFT, resource_name: fft2, ref_start_time: 2430540539144995, ref_stop_time: 2430540539716825, actual_exe_time: 571830, task_app_start_time:2430540090844933, task_sched_time:2430540539135935
app_id: 4, app_name: TX_api-aarch64, task_id: 91, task_name: DASH_FFT, resource_name: cpu1, ref_start_time: 2430540540208585, ref_stop_time: 2430540540230425, actual_exe_time: 21840, task_app_start_time:2430540081969821, task_sched_time:2430540540200305
app_id: 1, app_name: pulse_doppler_api-aarch64, task_id: 152, task_name: DASH_FFT, resource_name: cpu2, ref_start_time: 2430540540650965, ref_stop_time: 2430540540673975, actual_exe_time: 23010, task_app_start_time:2430540100558994, task_sched_time:2430540540648205
app_id: 2, app_name: pulse_doppler_api-aarch64, task_id: 154, task_name: DASH_FFT, resource_name: cpu3, ref_start_time: 2430540541192345, ref_stop_time: 2430540541336435, actual_exe_time: 144090, task_app_start_time:2430540110712946, task_sched_time:2430540541188355
app_id: 3, app_name: pulse_doppler_api-aarch64, task_id: 144, task_name: DASH_FFT, resource_name: fft1, ref_start_time: 2430540541858855, ref_stop_time: 2430540542113106, actual_exe_time: 254251, task_app_start_time:2430540120723348, task_sched_time:2430540541843945
app_id: 0, app_name: pulse_doppler_api-aarch64, task_id: 164, task_name: DASH_FFT, resource_name: fft2, ref_start_time: 2430540542470706, ref_stop_time: 2430540542506526, actual_exe_time: 35820, task_app_start_time:2430540090844933, task_sched_time:2430540542465246
app_id: 2, app_name: pulse_doppler_api-aarch64, task_id: 155, task_name: DASH_FFT, resource_name: cpu1, ref_start_time: 2430540543185276, ref_stop_time: 2430540543206876, actual_exe_time: 21600, task_app_start_time:2430540110712946, task_sched_time:2430540543179246
app_id: 4, app_name: TX_api-aarch64, task_id: 92, task_name: DASH_FFT, resource_name: cpu2, ref_start_time: 2430540543483776, ref_stop_time: 2430540543631286, actual_exe_time: 147510, task_app_start_time:2430540081969821, task_sched_time:2430540543469136
app_id: 1, app_name: pulse_doppler_api-aarch64, task_id: 153, task_name: DASH_FFT, resource_name: cpu3, ref_start_time: 2430540543798236, ref_stop_time: 2430540544112666, actual_exe_time: 314430, task_app_start_time:2430540100558994, task_sched_time:2430540543794576
app_id: 3, app_name: pulse_doppler_api-aarch64, task_id: 145, task_name: DASH_FFT, resource_name: fft1, ref_start_time: 2430540543991946, ref_stop_time: 2430540544159706, actual_exe_time: 167760, task_app_start_time:2430540120723348, task_sched_time:2430540543978086
app_id: 2, app_name: pulse_doppler_api-aarch64, task_id: 156, task_name: DASH_FFT, resource_name: fft2, ref_start_time: 2430540544958726, ref_stop_time: 2430540544987496, actual_exe_time: 28770, task_app_start_time:2430540110712946, task_sched_time:2430540544954226
app_id: 1, app_name: pulse_doppler_api-aarch64, task_id: 154, task_name: DASH_FFT, resource_name: cpu1, ref_start_time: 2430540545718446, ref_stop_time: 2430540545739116, actual_exe_time: 20670, task_app_start_time:2430540100558994, task_sched_time:2430540545709716
app_id: 0, app_name: pulse_doppler_api-aarch64, task_id: 165, task_name: DASH_FFT, resource_name: cpu2, ref_start_time: 2430540546060896, ref_stop_time: 2430540546558536, actual_exe_time: 497640, task_app_start_time:2430540090844933, task_sched_time:2430540546054056
app_id: 2, app_name: pulse_doppler_api-aarch64, task_id: 157, task_name: DASH_FFT, resource_name: cpu3, ref_start_time: 2430540546420776, ref_stop_time: 2430540546544616, actual_exe_time: 123840, task_app_start_time:2430540110712946, task_sched_time:2430540546418046
app_id: 3, app_name: pulse_doppler_api-aarch64, task_id: 146, task_name: DASH_FFT, resource_name: fft1, ref_start_time: 2430540546525086, ref_stop_time: 2430540546710156, actual_exe_time: 185070, task_app_start_time:2430540120723348, task_sched_time:2430540546512606
app_id: 1, app_name: pulse_doppler_api-aarch64, task_id: 155, task_name: DASH_FFT, resource_name: fft2, ref_start_time: 2430540546621386, ref_stop_time: 2430540546892496, actual_exe_time: 271110, task_app_start_time:2430540100558994, task_sched_time:2430540546603536
app_id: 4, app_name: TX_api-aarch64, task_id: 93, task_name: DASH_FFT, resource_name: cpu1, ref_start_time: 2430540546785606, ref_stop_time: 2430540546926006, actual_exe_time: 140400, task_app_start_time:2430540081969821, task_sched_time:2430540546773756
app_id: 2, app_name: pulse_doppler_api-aarch64, task_id: 158, task_name: DASH_FFT, resource_name: cpu2, ref_start_time: 2430540547433426, ref_stop_time: 2430540547458746, actual_exe_time: 25320, task_app_start_time:2430540110712946, task_sched_time:2430540547385876
app_id: 0, app_name: pulse_doppler_api-aarch64, task_id: 166, task_name: DASH_FFT, resource_name: cpu3, ref_start_time: 2430540548431257, ref_stop_time: 2430540548455947, actual_exe_time: 24690, task_app_start_time:2430540090844933, task_sched_time:2430540548426247
app_id: 3, app_name: pulse_doppler_api-aarch64, task_id: 147, task_name: DASH_FFT, resource_name: fft1, ref_start_time: 2430540548542227, ref_stop_time: 2430540548568417, actual_exe_time: 26190, task_app_start_time:2430540120723348, task_sched_time:2430540548534667
app_id: 1, app_name: pulse_doppler_api-aarch64, task_id: 156, task_name: DASH_FFT, resource_name: fft2, ref_start_time: 2430540548944377, ref_stop_time: 2430540548969997, actual_exe_time: 25620, task_app_start_time:2430540100558994, task_sched_time:2430540548940237
app_id: 4, app_name: TX_api-aarch64, task_id: 94, task_name: DASH_FFT, resource_name: cpu1, ref_start_time: 2430540549707157, ref_stop_time: 2430540549728397, actual_exe_time: 21240, task_app_start_time:2430540081969821, task_sched_time:2430540549693987
app_id: 2, app_name: pulse_doppler_api-aarch64, task_id: 159, task_name: DASH_FFT, resource_name: cpu2, ref_start_time: 2430540550610067, ref_stop_time: 2430540550634847, actual_exe_time: 24780, task_app_start_time:2430540110712946, task_sched_time:2430540550600467
app_id: 0, app_name: pulse_doppler_api-aarch64, task_id: 167, task_name: DASH_FFT, resource_name: cpu3, ref_start_time: 2430540551006997, ref_stop_time: 2430540551336757, actual_exe_time: 329760, task_app_start_time:2430540090844933, task_sched_time:2430540550999647
app_id: 3, app_name: pulse_doppler_api-aarch64, task_id: 148, task_name: DASH_FFT, resource_name: fft1, ref_start_time: 2430540551528667, ref_stop_time: 2430540552551157, actual_exe_time: 1022490, task_app_start_time:2430540120723348, task_sched_time:2430540551525067
app_id: 1, app_name: pulse_doppler_api-aarch64, task_id: 157, task_name: DASH_FFT, resource_name: fft2, ref_start_time: 2430540551871237, ref_stop_time: 2430540552096237, actual_exe_time: 225000, task_app_start_time:2430540100558994, task_sched_time:2430540551861457
app_id: 4, app_name: TX_api-aarch64, task_id: 95, task_name: DASH_FFT, resource_name: cpu1, ref_start_time: 2430540553045917, ref_stop_time: 2430540553067847, actual_exe_time: 21930, task_app_start_time:2430540081969821, task_sched_time:2430540553040367
app_id: 2, app_name: pulse_doppler_api-aarch64, task_id: 160, task_name: DASH_FFT, resource_name: cpu2, ref_start_time: 2430540553251597, ref_stop_time: 2430540553281837, actual_exe_time: 30240, task_app_start_time:2430540110712946, task_sched_time:2430540553141737
app_id: 0, app_name: pulse_doppler_api-aarch64, task_id: 168, task_name: DASH_FFT, resource_name: cpu3, ref_start_time: 2430540553261737, ref_stop_time: 2430540553286607, actual_exe_time: 24870, task_app_start_time:2430540090844933, task_sched_time:2430540553258257
app_id: 1, app_name: pulse_doppler_api-aarch64, task_id: 158, task_name: DASH_FFT, resource_name: fft1, ref_start_time: 2430540553726557, ref_stop_time: 2430540554562418, actual_exe_time: 835861, task_app_start_time:2430540100558994, task_sched_time:2430540553712517
app_id: 3, app_name: pulse_doppler_api-aarch64, task_id: 149, task_name: DASH_FFT, resource_name: fft2, ref_start_time: 2430540554420908, ref_stop_time: 2430540554457538, actual_exe_time: 36630, task_app_start_time:2430540120723348, task_sched_time:2430540554417158
app_id: 0, app_name: pulse_doppler_api-aarch64, task_id: 169, task_name: DASH_FFT, resource_name: cpu1, ref_start_time: 2430540555524818, ref_stop_time: 2430540555643318, actual_exe_time: 118500, task_app_start_time:2430540090844933, task_sched_time:2430540555514648
app_id: 2, app_name: pulse_doppler_api-aarch64, task_id: 161, task_name: DASH_FFT, resource_name: cpu2, ref_start_time: 2430540557260198, ref_stop_time: 2430540557286388, actual_exe_time: 26190, task_app_start_time:2430540110712946, task_sched_time:2430540557255758
app_id: 4, app_name: TX_api-aarch64, task_id: 96, task_name: DASH_FFT, resource_name: cpu3, ref_start_time: 2430540557474128, ref_stop_time: 2430540557497738, actual_exe_time: 23610, task_app_start_time:2430540081969821, task_sched_time:2430540557468878
app_id: 0, app_name: pulse_doppler_api-aarch64, task_id: 170, task_name: DASH_FFT, resource_name: fft1, ref_start_time: 2430540557583058, ref_stop_time: 2430540557618878, actual_exe_time: 35820, task_app_start_time:2430540090844933, task_sched_time:2430540557574448
app_id: 3, app_name: pulse_doppler_api-aarch64, task_id: 150, task_name: DASH_FFT, resource_name: fft2, ref_start_time: 2430540557701708, ref_stop_time: 2430540557728618, actual_exe_time: 26910, task_app_start_time:2430540120723348, task_sched_time:2430540557622478
app_id: 1, app_name: pulse_doppler_api-aarch64, task_id: 159, task_name: DASH_FFT, resource_name: cpu1, ref_start_time: 2430540557981638, ref_stop_time: 2430540558001978, actual_exe_time: 20340, task_app_start_time:2430540100558994, task_sched_time:2430540557974528
app_id: 2, app_name: pulse_doppler_api-aarch64, task_id: 162, task_name: DASH_FFT, resource_name: cpu2, ref_start_time: 2430540558713518, ref_stop_time: 2430540559108558, actual_exe_time: 395040, task_app_start_time:2430540110712946, task_sched_time:2430540558695788
app_id: 1, app_name: pulse_doppler_api-aarch64, task_id: 160, task_name: DASH_FFT, resource_name: cpu3, ref_start_time: 2430540559275838, ref_stop_time: 2430540559300708, actual_exe_time: 24870, task_app_start_time:2430540100558994, task_sched_time:2430540559268818
app_id: 2, app_name: pulse_doppler_api-aarch64, task_id: 163, task_name: DASH_FFT, resource_name: fft1, ref_start_time: 2430540559787908, ref_stop_time: 2430540559813018, actual_exe_time: 25110, task_app_start_time:2430540110712946, task_sched_time:2430540559772248
app_id: 3, app_name: pulse_doppler_api-aarch64, task_id: 151, task_name: DASH_FFT, resource_name: fft2, ref_start_time: 2430540560212648, ref_stop_time: 2430540560239018, actual_exe_time: 26370, task_app_start_time:2430540120723348, task_sched_time:2430540560203918
app_id: 0, app_name: pulse_doppler_api-aarch64, task_id: 171, task_name: DASH_FFT, resource_name: cpu1, ref_start_time: 2430540560760689, ref_stop_time: 2430540560781539, actual_exe_time: 20850, task_app_start_time:2430540090844933, task_sched_time:2430540560752199
app_id: 4, app_name: TX_api-aarch64, task_id: 97, task_name: DASH_FFT, resource_name: cpu2, ref_start_time: 2430540560954639, ref_stop_time: 2430540560980229, actual_exe_time: 25590, task_app_start_time:2430540081969821, task_sched_time:2430540560951309
app_id: 0, app_name: pulse_doppler_api-aarch64, task_id: 172, task_name: DASH_FFT, resource_name: cpu3, ref_start_time: 2430540562003739, ref_stop_time: 2430540562028729, actual_exe_time: 24990, task_app_start_time:2430540090844933, task_sched_time:2430540561995309
app_id: 1, app_name: pulse_doppler_api-aarch64, task_id: 161, task_name: DASH_FFT, resource_name: fft1, ref_start_time: 2430540562218599, ref_stop_time: 2430540562253159, actual_exe_time: 34560, task_app_start_time:2430540100558994, task_sched_time:2430540562207679
app_id: 3, app_name: pulse_doppler_api-aarch64, task_id: 152, task_name: DASH_FFT, resource_name: fft2, ref_start_time: 2430540563117729, ref_stop_time: 2430540563153849, actual_exe_time: 36120, task_app_start_time:2430540120723348, task_sched_time:2430540563112899
app_id: 4, app_name: TX_api-aarch64, task_id: 98, task_name: DASH_FFT, resource_name: cpu1, ref_start_time: 2430540563793839, ref_stop_time: 2430540563815169, actual_exe_time: 21330, task_app_start_time:2430540081969821, task_sched_time:2430540563787239
app_id: 0, app_name: pulse_doppler_api-aarch64, task_id: 173, task_name: DASH_FFT, resource_name: cpu2, ref_start_time: 2430540564172679, ref_stop_time: 2430540564452579, actual_exe_time: 279900, task_app_start_time:2430540090844933, task_sched_time:2430540564169049
app_id: 2, app_name: pulse_doppler_api-aarch64, task_id: 164, task_name: DASH_FFT, resource_name: cpu3, ref_start_time: 2430540564629309, ref_stop_time: 2430540564653459, actual_exe_time: 24150, task_app_start_time:2430540110712946, task_sched_time:2430540564576749
app_id: 1, app_name: pulse_doppler_api-aarch64, task_id: 162, task_name: DASH_FFT, resource_name: fft1, ref_start_time: 2430540565475369, ref_stop_time: 2430540565500389, actual_exe_time: 25020, task_app_start_time:2430540100558994, task_sched_time:2430540565464869
app_id: 0, app_name: pulse_doppler_api-aarch64, task_id: 174, task_name: DASH_FFT, resource_name: fft2, ref_start_time: 2430540565926749, ref_stop_time: 2430540565952429, actual_exe_time: 25680, task_app_start_time:2430540090844933, task_sched_time:2430540565916999
app_id: 3, app_name: pulse_doppler_api-aarch64, task_id: 153, task_name: DASH_FFT, resource_name: cpu1, ref_start_time: 2430540566685149, ref_stop_time: 2430540566706389, actual_exe_time: 21240, task_app_start_time:2430540120723348, task_sched_time:2430540566673299
app_id: 2, app_name: pulse_doppler_api-aarch64, task_id: 165, task_name: DASH_FFT, resource_name: cpu2, ref_start_time: 2430540566839320, ref_stop_time: 2430540566949870, actual_exe_time: 110550, task_app_start_time:2430540110712946, task_sched_time:2430540566834910
app_id: 1, app_name: pulse_doppler_api-aarch64, task_id: 163, task_name: DASH_FFT, resource_name: cpu3, ref_start_time: 2430540567253770, ref_stop_time: 2430540567463980, actual_exe_time: 210210, task_app_start_time:2430540100558994, task_sched_time:2430540567249090
app_id: 3, app_name: pulse_doppler_api-aarch64, task_id: 154, task_name: DASH_FFT, resource_name: fft1, ref_start_time: 2430540567636540, ref_stop_time: 2430540568120290, actual_exe_time: 483750, task_app_start_time:2430540120723348, task_sched_time:2430540567628770
app_id: 0, app_name: pulse_doppler_api-aarch64, task_id: 175, task_name: DASH_FFT, resource_name: fft2, ref_start_time: 2430540567990210, ref_stop_time: 2430540568260150, actual_exe_time: 269940, task_app_start_time:2430540090844933, task_sched_time:2430540567983160
app_id: 4, app_name: TX_api-aarch64, task_id: 99, task_name: DASH_FFT, resource_name: cpu1, ref_start_time: 2430540569275650, ref_stop_time: 2430540569297670, actual_exe_time: 22020, task_app_start_time:2430540081969821, task_sched_time:2430540569262930
app_id: 3, app_name: pulse_doppler_api-aarch64, task_id: 155, task_name: DASH_FFT, resource_name: cpu3, ref_start_time: 2430540569594250, ref_stop_time: 2430540569687640, actual_exe_time: 93390, task_app_start_time:2430540120723348, task_sched_time:2430540569586300
app_id: 3, app_name: pulse_doppler_api-aarch64, task_id: 156, task_name: DASH_FFT, resource_name: fft1, ref_start_time: 2430540570258690, ref_stop_time: 2430540570285510, actual_exe_time: 26820, task_app_start_time:2430540120723348, task_sched_time:2430540570254880
app_id: 3, app_name: pulse_doppler_api-aarch64, task_id: 157, task_name: DASH_FFT, resource_name: fft2, ref_start_time: 2430540572443230, ref_stop_time: 2430540572470500, actual_exe_time: 27270, task_app_start_time:2430540120723348, task_sched_time:2430540571114560
app_id: 1, app_name: pulse_doppler_api-aarch64, task_id: 164, task_name: DASH_FFT, resource_name: cpu2, ref_start_time: 2430540572907180, ref_stop_time: 2430540572930640, actual_exe_time: 23460, task_app_start_time:2430540100558994, task_sched_time:2430540569452650
app_id: 2, app_name: pulse_doppler_api-aarch64, task_id: 166, task_name: DASH_FFT, resource_name: cpu1, ref_start_time: 2430540573516691, ref_stop_time: 2430540573537931, actual_exe_time: 21240, task_app_start_time:2430540110712946, task_sched_time:2430540573505441
app_id: 3, app_name: pulse_doppler_api-aarch64, task_id: 158, task_name: DASH_FFT, resource_name: cpu3, ref_start_time: 2430540573733441, ref_stop_time: 2430540573758821, actual_exe_time: 25380, task_app_start_time:2430540120723348, task_sched_time:2430540573730351
app_id: 0, app_name: pulse_doppler_api-aarch64, task_id: 176, task_name: DASH_FFT, resource_name: cpu2, ref_start_time: 2430540573741211, ref_stop_time: 2430540573764071, actual_exe_time: 22860, task_app_start_time:2430540090844933, task_sched_time:2430540573696271
app_id: 1, app_name: pulse_doppler_api-aarch64, task_id: 165, task_name: DASH_FFT, resource_name: fft1, ref_start_time: 2430540574851871, ref_stop_time: 2430540574877821, actual_exe_time: 25950, task_app_start_time:2430540100558994, task_sched_time:2430540574840651
app_id: 2, app_name: pulse_doppler_api-aarch64, task_id: 167, task_name: DASH_FFT, resource_name: fft2, ref_start_time: 2430540575117401, ref_stop_time: 2430540575338291, actual_exe_time: 220890, task_app_start_time:2430540110712946, task_sched_time:2430540575112151
app_id: 3, app_name: pulse_doppler_api-aarch64, task_id: 159, task_name: DASH_FFT, resource_name: cpu1, ref_start_time: 2430540575735071, ref_stop_time: 2430540575840431, actual_exe_time: 105360, task_app_start_time:2430540120723348, task_sched_time:2430540575729821
app_id: 1, app_name: pulse_doppler_api-aarch64, task_id: 166, task_name: DASH_FFT, resource_name: cpu2, ref_start_time: 2430540576283051, ref_stop_time: 2430540576474481, actual_exe_time: 191430, task_app_start_time:2430540100558994, task_sched_time:2430540576279901
app_id: 2, app_name: pulse_doppler_api-aarch64, task_id: 168, task_name: DASH_FFT, resource_name: cpu3, ref_start_time: 2430540576749971, ref_stop_time: 2430540576771841, actual_exe_time: 21870, task_app_start_time:2430540110712946, task_sched_time:2430540576743341
app_id: 0, app_name: pulse_doppler_api-aarch64, task_id: 177, task_name: DASH_FFT, resource_name: fft1, ref_start_time: 2430540577107031, ref_stop_time: 2430540577361941, actual_exe_time: 254910, task_app_start_time:2430540090844933, task_sched_time:2430540577096501
app_id: 1, app_name: pulse_doppler_api-aarch64, task_id: 167, task_name: DASH_FFT, resource_name: fft2, ref_start_time: 2430540577533571, ref_stop_time: 2430540577668811, actual_exe_time: 135240, task_app_start_time:2430540100558994, task_sched_time:2430540577528861
app_id: 2, app_name: pulse_doppler_api-aarch64, task_id: 169, task_name: DASH_FFT, resource_name: cpu1, ref_start_time: 2430540578366251, ref_stop_time: 2430540578388001, actual_exe_time: 21750, task_app_start_time:2430540110712946, task_sched_time:2430540578355601
app_id: 3, app_name: pulse_doppler_api-aarch64, task_id: 160, task_name: DASH_FFT, resource_name: cpu2, ref_start_time: 2430540578807581, ref_stop_time: 2430540578829361, actual_exe_time: 21780, task_app_start_time:2430540120723348, task_sched_time:2430540578798911
app_id: 2, app_name: pulse_doppler_api-aarch64, task_id: 170, task_name: DASH_FFT, resource_name: cpu3, ref_start_time: 2430540579110461, ref_stop_time: 2430540579220921, actual_exe_time: 110460, task_app_start_time:2430540110712946, task_sched_time:2430540579100501
app_id: 2, app_name: pulse_doppler_api-aarch64, task_id: 171, task_name: DASH_FFT, resource_name: fft1, ref_start_time: 2430540579571532, ref_stop_time: 2430540579596882, actual_exe_time: 25350, task_app_start_time:2430540110712946, task_sched_time:2430540579567242
app_id: 1, app_name: pulse_doppler_api-aarch64, task_id: 168, task_name: DASH_FFT, resource_name: cpu1, ref_start_time: 2430540580573892, ref_stop_time: 2430540580687472, actual_exe_time: 113580, task_app_start_time:2430540100558994, task_sched_time:2430540580566542
app_id: 1, app_name: pulse_doppler_api-aarch64, task_id: 169, task_name: DASH_FFT, resource_name: cpu3, ref_start_time: 2430540581558702, ref_stop_time: 2430540581582672, actual_exe_time: 23970, task_app_start_time:2430540100558994, task_sched_time:2430540581550422
app_id: 1, app_name: pulse_doppler_api-aarch64, task_id: 170, task_name: DASH_FFT, resource_name: fft1, ref_start_time: 2430540582232682, ref_stop_time: 2430540582267212, actual_exe_time: 34530, task_app_start_time:2430540100558994, task_sched_time:2430540582229712
app_id: 0, app_name: pulse_doppler_api-aarch64, task_id: 178, task_name: DASH_FFT, resource_name: fft2, ref_start_time: 2430540583160312, ref_stop_time: 2430540583191752, actual_exe_time: 31440, task_app_start_time:2430540090844933, task_sched_time:2430540579864182
app_id: 1, app_name: pulse_doppler_api-aarch64, task_id: 171, task_name: DASH_FFT, resource_name: fft2, ref_start_time: 2430540583326752, ref_stop_time: 2430540583354202, actual_exe_time: 27450, task_app_start_time:2430540100558994, task_sched_time:2430540582955022
app_id: 3, app_name: pulse_doppler_api-aarch64, task_id: 161, task_name: DASH_FFT, resource_name: cpu2, ref_start_time: 2430540584013392, ref_stop_time: 2430540584038292, actual_exe_time: 24900, task_app_start_time:2430540120723348, task_sched_time:2430540581128172
app_id: 2, app_name: pulse_doppler_api-aarch64, task_id: 172, task_name: DASH_FFT, resource_name: cpu1, ref_start_time: 2430540584072282, ref_stop_time: 2430540584092772, actual_exe_time: 20490, task_app_start_time:2430540110712946, task_sched_time:2430540584069582
app_id: 0, app_name: pulse_doppler_api-aarch64, task_id: 179, task_name: DASH_FFT, resource_name: cpu2, ref_start_time: 2430540584183612, ref_stop_time: 2430540584206232, actual_exe_time: 22620, task_app_start_time:2430540090844933, task_sched_time:2430540584121842
app_id: 1, app_name: pulse_doppler_api-aarch64, task_id: 172, task_name: DASH_FFT, resource_name: cpu3, ref_start_time: 2430540585118772, ref_stop_time: 2430540585143402, actual_exe_time: 24630, task_app_start_time:2430540100558994, task_sched_time:2430540585114362
app_id: 3, app_name: pulse_doppler_api-aarch64, task_id: 162, task_name: DASH_FFT, resource_name: fft1, ref_start_time: 2430540585580413, ref_stop_time: 2430540585605463, actual_exe_time: 25050, task_app_start_time:2430540120723348, task_sched_time:2430540585566643
app_id: 2, app_name: pulse_doppler_api-aarch64, task_id: 173, task_name: DASH_FFT, resource_name: fft2, ref_start_time: 2430540586080693, ref_stop_time: 2430540586119513, actual_exe_time: 38820, task_app_start_time:2430540110712946, task_sched_time:2430540586033383
app_id: 1, app_name: pulse_doppler_api-aarch64, task_id: 173, task_name: DASH_FFT, resource_name: cpu1, ref_start_time: 2430540586948893, ref_stop_time: 2430540586970463, actual_exe_time: 21570, task_app_start_time:2430540100558994, task_sched_time:2430540586945533
app_id: 2, app_name: pulse_doppler_api-aarch64, task_id: 174, task_name: DASH_FFT, resource_name: cpu2, ref_start_time: 2430540587045493, ref_stop_time: 2430540587070483, actual_exe_time: 24990, task_app_start_time:2430540110712946, task_sched_time:2430540587039643
app_id: 0, app_name: pulse_doppler_api-aarch64, task_id: 180, task_name: DASH_FFT, resource_name: cpu3, ref_start_time: 2430540587250663, ref_stop_time: 2430540587275623, actual_exe_time: 24960, task_app_start_time:2430540090844933, task_sched_time:2430540587243973
app_id: 3, app_name: pulse_doppler_api-aarch64, task_id: 163, task_name: DASH_FFT, resource_name: fft1, ref_start_time: 2430540587897943, ref_stop_time: 2430540587923473, actual_exe_time: 25530, task_app_start_time:2430540120723348, task_sched_time:2430540587895363
app_id: 0, app_name: pulse_doppler_api-aarch64, task_id: 181, task_name: DASH_FFT, resource_name: fft2, ref_start_time: 2430540588486033, ref_stop_time: 2430540588739443, actual_exe_time: 253410, task_app_start_time:2430540090844933, task_sched_time:2430540588482733
app_id: 1, app_name: pulse_doppler_api-aarch64, task_id: 174, task_name: DASH_FFT, resource_name: cpu1, ref_start_time: 2430540589291263, ref_stop_time: 2430540589405503, actual_exe_time: 114240, task_app_start_time:2430540100558994, task_sched_time:2430540589282083
app_id: 2, app_name: pulse_doppler_api-aarch64, task_id: 175, task_name: DASH_FFT, resource_name: cpu2, ref_start_time: 2430540590029983, ref_stop_time: 2430540590054673, actual_exe_time: 24690, task_app_start_time:2430540110712946, task_sched_time:2430540590020623
app_id: 3, app_name: pulse_doppler_api-aarch64, task_id: 164, task_name: DASH_FFT, resource_name: cpu3, ref_start_time: 2430540590207793, ref_stop_time: 2430540590233023, actual_exe_time: 25230, task_app_start_time:2430540120723348, task_sched_time:2430540590200023
app_id: 0, app_name: pulse_doppler_api-aarch64, task_id: 182, task_name: DASH_FFT, resource_name: fft1, ref_start_time: 2430540590392923, ref_stop_time: 2430540590427243, actual_exe_time: 34320, task_app_start_time:2430540090844933, task_sched_time:2430540590384553
app_id: 1, app_name: pulse_doppler_api-aarch64, task_id: 175, task_name: DASH_FFT, resource_name: fft2, ref_start_time: 2430540591093243, ref_stop_time: 2430540591625203, actual_exe_time: 531960, task_app_start_time:2430540100558994, task_sched_time:2430540591078003
app_id: 2, app_name: pulse_doppler_api-aarch64, task_id: 176, task_name: DASH_FFT, resource_name: cpu1, ref_start_time: 2430540592270414, ref_stop_time: 2430540592292314, actual_exe_time: 21900, task_app_start_time:2430540110712946, task_sched_time:2430540592258564
app_id: 2, app_name: pulse_doppler_api-aarch64, task_id: 177, task_name: DASH_FFT, resource_name: cpu2, ref_start_time: 2430540592919494, ref_stop_time: 2430540593026384, actual_exe_time: 106890, task_app_start_time:2430540110712946, task_sched_time:2430540592913704
app_id: 3, app_name: pulse_doppler_api-aarch64, task_id: 165, task_name: DASH_FFT, resource_name: cpu3, ref_start_time: 2430540592967164, ref_stop_time: 2430540593411644, actual_exe_time: 444480, task_app_start_time:2430540120723348, task_sched_time:2430540592962484
app_id: 0, app_name: pulse_doppler_api-aarch64, task_id: 183, task_name: DASH_FFT, resource_name: fft1, ref_start_time: 2430540593089264, ref_stop_time: 2430540593441854, actual_exe_time: 352590, task_app_start_time:2430540090844933, task_sched_time:2430540593081794
app_id: 1, app_name: pulse_doppler_api-aarch64, task_id: 176, task_name: DASH_FFT, resource_name: fft2, ref_start_time: 2430540593280874, ref_stop_time: 2430540593547274, actual_exe_time: 266400, task_app_start_time:2430540100558994, task_sched_time:2430540593273014
app_id: 2, app_name: pulse_doppler_api-aarch64, task_id: 178, task_name: DASH_FFT, resource_name: cpu1, ref_start_time: 2430540594606094, ref_stop_time: 2430540594626554, actual_exe_time: 20460, task_app_start_time:2430540110712946, task_sched_time:2430540594596734
app_id: 1, app_name: pulse_doppler_api-aarch64, task_id: 177, task_name: DASH_FFT, resource_name: cpu2, ref_start_time: 2430540594918874, ref_stop_time: 2430540595158334, actual_exe_time: 239460, task_app_start_time:2430540100558994, task_sched_time:2430540594912664
app_id: 0, app_name: pulse_doppler_api-aarch64, task_id: 184, task_name: DASH_FFT, resource_name: cpu3, ref_start_time: 2430540595835554, ref_stop_time: 2430540595860574, actual_exe_time: 25020, task_app_start_time:2430540090844933, task_sched_time:2430540595831774
app_id: 2, app_name: pulse_doppler_api-aarch64, task_id: 179, task_name: DASH_FFT, resource_name: fft1, ref_start_time: 2430540595888114, ref_stop_time: 2430540595923064, actual_exe_time: 34950, task_app_start_time:2430540110712946, task_sched_time:2430540595882114
app_id: 3, app_name: pulse_doppler_api-aarch64, task_id: 166, task_name: DASH_FFT, resource_name: fft2, ref_start_time: 2430540596039494, ref_stop_time: 2430540596065984, actual_exe_time: 26490, task_app_start_time:2430540120723348, task_sched_time:2430540595995604
app_id: 1, app_name: pulse_doppler_api-aarch64, task_id: 178, task_name: DASH_FFT, resource_name: cpu1, ref_start_time: 2430540597002944, ref_stop_time: 2430540597023374, actual_exe_time: 20430, task_app_start_time:2430540100558994, task_sched_time:2430540597000304
app_id: 2, app_name: pulse_doppler_api-aarch64, task_id: 180, task_name: DASH_FFT, resource_name: cpu2, ref_start_time: 2430540597273094, ref_stop_time: 2430540597337174, actual_exe_time: 64080, task_app_start_time:2430540110712946, task_sched_time:2430540597231004
app_id: 0, app_name: pulse_doppler_api-aarch64, task_id: 185, task_name: DASH_FFT, resource_name: cpu3, ref_start_time: 2430540598032845, ref_stop_time: 2430540598315835, actual_exe_time: 282990, task_app_start_time:2430540090844933, task_sched_time:2430540598016615
app_id: 1, app_name: pulse_doppler_api-aarch64, task_id: 179, task_name: DASH_FFT, resource_name: fft1, ref_start_time: 2430540598390235, ref_stop_time: 2430540598939415, actual_exe_time: 549180, task_app_start_time:2430540100558994, task_sched_time:2430540598384535
app_id: 3, app_name: pulse_doppler_api-aarch64, task_id: 167, task_name: DASH_FFT, resource_name: fft2, ref_start_time: 2430540599004935, ref_stop_time: 2430540599040125, actual_exe_time: 35190, task_app_start_time:2430540120723348, task_sched_time:2430540598997345
app_id: 2, app_name: pulse_doppler_api-aarch64, task_id: 181, task_name: DASH_FFT, resource_name: cpu1, ref_start_time: 2430540599989895, ref_stop_time: 2430540600010955, actual_exe_time: 21060, task_app_start_time:2430540110712946, task_sched_time:2430540599976605
app_id: 0, app_name: pulse_doppler_api-aarch64, task_id: 186, task_name: DASH_FFT, resource_name: cpu2, ref_start_time: 2430540600306815, ref_stop_time: 2430540600395825, actual_exe_time: 89010, task_app_start_time:2430540090844933, task_sched_time:2430540600298115
app_id: 1, app_name: pulse_doppler_api-aarch64, task_id: 180, task_name: DASH_FFT, resource_name: cpu3, ref_start_time: 2430540600539375, ref_stop_time: 2430540600668345, actual_exe_time: 128970, task_app_start_time:2430540100558994, task_sched_time:2430540600443465
app_id: 0, app_name: pulse_doppler_api-aarch64, task_id: 187, task_name: DASH_FFT, resource_name: fft1, ref_start_time: 2430540600747905, ref_stop_time: 2430540600773285, actual_exe_time: 25380, task_app_start_time:2430540090844933, task_sched_time:2430540600735275
app_id: 3, app_name: pulse_doppler_api-aarch64, task_id: 168, task_name: DASH_FFT, resource_name: fft2, ref_start_time: 2430540601566575, ref_stop_time: 2430540601591835, actual_exe_time: 25260, task_app_start_time:2430540120723348, task_sched_time:2430540601561895
app_id: 2, app_name: pulse_doppler_api-aarch64, task_id: 182, task_name: DASH_FFT, resource_name: cpu1, ref_start_time: 2430540602429225, ref_stop_time: 2430540602450645, actual_exe_time: 21420, task_app_start_time:2430540110712946, task_sched_time:2430540602424905
app_id: 0, app_name: pulse_doppler_api-aarch64, task_id: 188, task_name: DASH_FFT, resource_name: cpu2, ref_start_time: 2430540602586455, ref_stop_time: 2430540602829215, actual_exe_time: 242760, task_app_start_time:2430540090844933, task_sched_time:2430540602562785
app_id: 3, app_name: pulse_doppler_api-aarch64, task_id: 169, task_name: DASH_FFT, resource_name: cpu3, ref_start_time: 2430540602994965, ref_stop_time: 2430540603400865, actual_exe_time: 405900, task_app_start_time:2430540120723348, task_sched_time:2430540602954915
app_id: 2, app_name: pulse_doppler_api-aarch64, task_id: 183, task_name: DASH_FFT, resource_name: fft1, ref_start_time: 2430540603329465, ref_stop_time: 2430540603558725, actual_exe_time: 229260, task_app_start_time:2430540110712946, task_sched_time:2430540603325145
app_id: 1, app_name: pulse_doppler_api-aarch64, task_id: 181, task_name: DASH_FFT, resource_name: fft2, ref_start_time: 2430540605106066, ref_stop_time: 2430540605802696, actual_exe_time: 696630, task_app_start_time:2430540100558994, task_sched_time:2430540605102106
app_id: 0, app_name: pulse_doppler_api-aarch64, task_id: 189, task_name: DASH_FFT, resource_name: cpu1, ref_start_time: 2430540606129036, ref_stop_time: 2430540606150036, actual_exe_time: 21000, task_app_start_time:2430540090844933, task_sched_time:2430540606125016
app_id: 3, app_name: pulse_doppler_api-aarch64, task_id: 170, task_name: DASH_FFT, resource_name: cpu2, ref_start_time: 2430540606623166, ref_stop_time: 2430540607260696, actual_exe_time: 637530, task_app_start_time:2430540120723348, task_sched_time:2430540606615966
app_id: 0, app_name: pulse_doppler_api-aarch64, task_id: 190, task_name: DASH_FFT, resource_name: cpu3, ref_start_time: 2430540607188366, ref_stop_time: 2430540607213266, actual_exe_time: 24900, task_app_start_time:2430540090844933, task_sched_time:2430540607161606
app_id: 2, app_name: pulse_doppler_api-aarch64, task_id: 184, task_name: DASH_FFT, resource_name: fft1, ref_start_time: 2430540608004756, ref_stop_time: 2430540608030796, actual_exe_time: 26040, task_app_start_time:2430540110712946, task_sched_time:2430540607994946
app_id: 0, app_name: pulse_doppler_api-aarch64, task_id: 191, task_name: DASH_FFT, resource_name: fft2, ref_start_time: 2430540608315226, ref_stop_time: 2430540608601246, actual_exe_time: 286020, task_app_start_time:2430540090844933, task_sched_time:2430540608301426
app_id: 3, app_name: pulse_doppler_api-aarch64, task_id: 171, task_name: DASH_FFT, resource_name: cpu1, ref_start_time: 2430540609514956, ref_stop_time: 2430540609536676, actual_exe_time: 21720, task_app_start_time:2430540120723348, task_sched_time:2430540609506046
app_id: 2, app_name: pulse_doppler_api-aarch64, task_id: 185, task_name: DASH_FFT, resource_name: cpu2, ref_start_time: 2430540609543366, ref_stop_time: 2430540609567936, actual_exe_time: 24570, task_app_start_time:2430540110712946, task_sched_time:2430540609535686
app_id: 1, app_name: pulse_doppler_api-aarch64, task_id: 182, task_name: DASH_FFT, resource_name: cpu3, ref_start_time: 2430540609573366, ref_stop_time: 2430540609598596, actual_exe_time: 25230, task_app_start_time:2430540100558994, task_sched_time:2430540609564426
app_id: 3, app_name: pulse_doppler_api-aarch64, task_id: 172, task_name: DASH_FFT, resource_name: fft1, ref_start_time: 2430540610206786, ref_stop_time: 2430540610232166, actual_exe_time: 25380, task_app_start_time:2430540120723348, task_sched_time:2430540610194396
app_id: 2, app_name: pulse_doppler_api-aarch64, task_id: 186, task_name: DASH_FFT, resource_name: fft2, ref_start_time: 2430540610931797, ref_stop_time: 2430540611255587, actual_exe_time: 323790, task_app_start_time:2430540110712946, task_sched_time:2430540610926757
app_id: 1, app_name: pulse_doppler_api-aarch64, task_id: 183, task_name: DASH_FFT, resource_name: cpu1, ref_start_time: 2430540612107827, ref_stop_time: 2430540612128707, actual_exe_time: 20880, task_app_start_time:2430540100558994, task_sched_time:2430540612101947
app_id: 3, app_name: pulse_doppler_api-aarch64, task_id: 173, task_name: DASH_FFT, resource_name: cpu2, ref_start_time: 2430540612161767, ref_stop_time: 2430540612184627, actual_exe_time: 22860, task_app_start_time:2430540120723348, task_sched_time:2430540612155377
app_id: 0, app_name: pulse_doppler_api-aarch64, task_id: 192, task_name: DASH_FFT, resource_name: cpu3, ref_start_time: 2430540612337177, ref_stop_time: 2430540612362857, actual_exe_time: 25680, task_app_start_time:2430540090844933, task_sched_time:2430540612252187
app_id: 2, app_name: pulse_doppler_api-aarch64, task_id: 187, task_name: DASH_FFT, resource_name: fft1, ref_start_time: 2430540613082857, ref_stop_time: 2430540613107847, actual_exe_time: 24990, task_app_start_time:2430540110712946, task_sched_time:2430540613072387
app_id: 1, app_name: pulse_doppler_api-aarch64, task_id: 184, task_name: DASH_FFT, resource_name: fft2, ref_start_time: 2430540613592677, ref_stop_time: 2430540613838047, actual_exe_time: 245370, task_app_start_time:2430540100558994, task_sched_time:2430540613587967
app_id: 3, app_name: pulse_doppler_api-aarch64, task_id: 174, task_name: DASH_FFT, resource_name: cpu1, ref_start_time: 2430540614278117, ref_stop_time: 2430540614534437, actual_exe_time: 256320, task_app_start_time:2430540120723348, task_sched_time:2430540614273107
app_id: 0, app_name: pulse_doppler_api-aarch64, task_id: 193, task_name: DASH_FFT, resource_name: cpu2, ref_start_time: 2430540614909287, ref_stop_time: 2430540614930827, actual_exe_time: 21540, task_app_start_time:2430540090844933, task_sched_time:2430540614901727
app_id: 2, app_name: pulse_doppler_api-aarch64, task_id: 188, task_name: DASH_FFT, resource_name: cpu3, ref_start_time: 2430540615381907, ref_stop_time: 2430540615405097, actual_exe_time: 23190, task_app_start_time:2430540110712946, task_sched_time:2430540615376297
app_id: 0, app_name: pulse_doppler_api-aarch64, task_id: 194, task_name: DASH_FFT, resource_name: fft1, ref_start_time: 2430540616007347, ref_stop_time: 2430540616042417, actual_exe_time: 35070, task_app_start_time:2430540090844933, task_sched_time:2430540615994987
app_id: 1, app_name: pulse_doppler_api-aarch64, task_id: 185, task_name: DASH_FFT, resource_name: fft2, ref_start_time: 2430540616511767, ref_stop_time: 2430540616833848, actual_exe_time: 322081, task_app_start_time:2430540100558994, task_sched_time:2430540616507147
app_id: 2, app_name: pulse_doppler_api-aarch64, task_id: 189, task_name: DASH_FFT, resource_name: cpu1, ref_start_time: 2430540617705468, ref_stop_time: 2430540617726048, actual_exe_time: 20580, task_app_start_time:2430540110712946, task_sched_time:2430540617702738
app_id: 0, app_name: pulse_doppler_api-aarch64, task_id: 195, task_name: DASH_FFT, resource_name: cpu2, ref_start_time: 2430540618161018, ref_stop_time: 2430540618350918, actual_exe_time: 189900, task_app_start_time:2430540090844933, task_sched_time:2430540618156518
app_id: 1, app_name: pulse_doppler_api-aarch64, task_id: 186, task_name: DASH_FFT, resource_name: cpu3, ref_start_time: 2430540618545498, ref_stop_time: 2430540618841508, actual_exe_time: 296010, task_app_start_time:2430540100558994, task_sched_time:2430540618541718
app_id: 2, app_name: pulse_doppler_api-aarch64, task_id: 190, task_name: DASH_FFT, resource_name: fft1, ref_start_time: 2430540619137128, ref_stop_time: 2430540619162418, actual_exe_time: 25290, task_app_start_time:2430540110712946, task_sched_time:2430540619125158
app_id: 3, app_name: pulse_doppler_api-aarch64, task_id: 175, task_name: DASH_FFT, resource_name: fft2, ref_start_time: 2430540619518038, ref_stop_time: 2430540619863158, actual_exe_time: 345120, task_app_start_time:2430540120723348, task_sched_time:2430540619508888
app_id: 1, app_name: pulse_doppler_api-aarch64, task_id: 187, task_name: DASH_FFT, resource_name: cpu1, ref_start_time: 2430540620979968, ref_stop_time: 2430540621000578, actual_exe_time: 20610, task_app_start_time:2430540100558994, task_sched_time:2430540620977058
app_id: 0, app_name: pulse_doppler_api-aarch64, task_id: 196, task_name: DASH_FFT, resource_name: cpu2, ref_start_time: 2430540621447818, ref_stop_time: 2430540621469478, actual_exe_time: 21660, task_app_start_time:2430540090844933, task_sched_time:2430540621437948
app_id: 3, app_name: pulse_doppler_api-aarch64, task_id: 176, task_name: DASH_FFT, resource_name: cpu3, ref_start_time: 2430540622009928, ref_stop_time: 2430540622035038, actual_exe_time: 25110, task_app_start_time:2430540120723348, task_sched_time:2430540622000268
app_id: 3, app_name: pulse_doppler_api-aarch64, task_id: 177, task_name: DASH_FFT, resource_name: fft1, ref_start_time: 2430540622459238, ref_stop_time: 2430540622484618, actual_exe_time: 25380, task_app_start_time:2430540120723348, task_sched_time:2430540622447658
app_id: 2, app_name: pulse_doppler_api-aarch64, task_id: 191, task_name: DASH_FFT, resource_name: fft2, ref_start_time: 2430540622882839, ref_stop_time: 2430540622920849, actual_exe_time: 38010, task_app_start_time:2430540110712946, task_sched_time:2430540622878009
app_id: 1, app_name: pulse_doppler_api-aarch64, task_id: 188, task_name: DASH_FFT, resource_name: cpu1, ref_start_time: 2430540623992419, ref_stop_time: 2430540624014139, actual_exe_time: 21720, task_app_start_time:2430540100558994, task_sched_time:2430540623987739
app_id: 0, app_name: pulse_doppler_api-aarch64, task_id: 197, task_name: DASH_FFT, resource_name: cpu2, ref_start_time: 2430540624906039, ref_stop_time: 2430540624929319, actual_exe_time: 23280, task_app_start_time:2430540090844933, task_sched_time:2430540624902469
app_id: 3, app_name: pulse_doppler_api-aarch64, task_id: 178, task_name: DASH_FFT, resource_name: cpu3, ref_start_time: 2430540625072659, ref_stop_time: 2430540625098609, actual_exe_time: 25950, task_app_start_time:2430540120723348, task_sched_time:2430540625068219
app_id: 2, app_name: pulse_doppler_api-aarch64, task_id: 192, task_name: DASH_FFT, resource_name: fft1, ref_start_time: 2430540625271289, ref_stop_time: 2430540625297449, actual_exe_time: 26160, task_app_start_time:2430540110712946, task_sched_time:2430540625266309
app_id: 1, app_name: pulse_doppler_api-aarch64, task_id: 189, task_name: DASH_FFT, resource_name: fft2, ref_start_time: 2430540625512189, ref_stop_time: 2430540625538979, actual_exe_time: 26790, task_app_start_time:2430540100558994, task_sched_time:2430540625507959
app_id: 0, app_name: pulse_doppler_api-aarch64, task_id: 198, task_name: DASH_FFT, resource_name: cpu1, ref_start_time: 2430540626567229, ref_stop_time: 2430540626588529, actual_exe_time: 21300, task_app_start_time:2430540090844933, task_sched_time:2430540626554089
app_id: 3, app_name: pulse_doppler_api-aarch64, task_id: 179, task_name: DASH_FFT, resource_name: cpu2, ref_start_time: 2430540626955549, ref_stop_time: 2430540627435399, actual_exe_time: 479850, task_app_start_time:2430540120723348, task_sched_time:2430540626947719
app_id: 0, app_name: pulse_doppler_api-aarch64, task_id: 199, task_name: DASH_FFT, resource_name: cpu3, ref_start_time: 2430540627364989, ref_stop_time: 2430540627389769, actual_exe_time: 24780, task_app_start_time:2430540090844933, task_sched_time:2430540627337149
app_id: 2, app_name: pulse_doppler_api-aarch64, task_id: 193, task_name: DASH_FFT, resource_name: fft1, ref_start_time: 2430540627971199, ref_stop_time: 2430540628143549, actual_exe_time: 172350, task_app_start_time:2430540110712946, task_sched_time:2430540627964059
app_id: 0, app_name: pulse_doppler_api-aarch64, task_id: 200, task_name: DASH_FFT, resource_name: fft2, ref_start_time: 2430540628395639, ref_stop_time: 2430540628987240, actual_exe_time: 591601, task_app_start_time:2430540090844933, task_sched_time:2430540628390359
app_id: 3, app_name: pulse_doppler_api-aarch64, task_id: 180, task_name: DASH_FFT, resource_name: cpu1, ref_start_time: 2430540629149270, ref_stop_time: 2430540629169910, actual_exe_time: 20640, task_app_start_time:2430540120723348, task_sched_time:2430540629146690
app_id: 2, app_name: pulse_doppler_api-aarch64, task_id: 194, task_name: DASH_FFT, resource_name: cpu2, ref_start_time: 2430540629489080, ref_stop_time: 2430540629630140, actual_exe_time: 141060, task_app_start_time:2430540110712946, task_sched_time:2430540629485960
app_id: 0, app_name: pulse_doppler_api-aarch64, task_id: 201, task_name: DASH_FFT, resource_name: cpu3, ref_start_time: 2430540629947780, ref_stop_time: 2430540630619420, actual_exe_time: 671640, task_app_start_time:2430540090844933, task_sched_time:2430540629941840
app_id: 3, app_name: pulse_doppler_api-aarch64, task_id: 181, task_name: DASH_FFT, resource_name: fft1, ref_start_time: 2430540630755890, ref_stop_time: 2430540630781210, actual_exe_time: 25320, task_app_start_time:2430540120723348, task_sched_time:2430540630745390
app_id: 2, app_name: pulse_doppler_api-aarch64, task_id: 195, task_name: DASH_FFT, resource_name: fft2, ref_start_time: 2430540630875560, ref_stop_time: 2430540630904090, actual_exe_time: 28530, task_app_start_time:2430540110712946, task_sched_time:2430540630868030
app_id: 1, app_name: pulse_doppler_api-aarch64, task_id: 190, task_name: DASH_FFT, resource_name: cpu1, ref_start_time: 2430540631769560, ref_stop_time: 2430540631789990, actual_exe_time: 20430, task_app_start_time:2430540100558994, task_sched_time:2430540631765300
app_id: 1, app_name: pulse_doppler_api-aarch64, task_id: 191, task_name: DASH_FFT, resource_name: cpu2, ref_start_time: 2430540632068630, ref_stop_time: 2430540632091700, actual_exe_time: 23070, task_app_start_time:2430540100558994, task_sched_time:2430540632062330
app_id: 3, app_name: pulse_doppler_api-aarch64, task_id: 182, task_name: DASH_FFT, resource_name: cpu3, ref_start_time: 2430540632455720, ref_stop_time: 2430540632884720, actual_exe_time: 429000, task_app_start_time:2430540120723348, task_sched_time:2430540632450740
app_id: 0, app_name: pulse_doppler_api-aarch64, task_id: 202, task_name: DASH_FFT, resource_name: fft1, ref_start_time: 2430540632761690, ref_stop_time: 2430540632976850, actual_exe_time: 215160, task_app_start_time:2430540090844933, task_sched_time:2430540632749780
app_id: 2, app_name: pulse_doppler_api-aarch64, task_id: 196, task_name: DASH_FFT, resource_name: fft2, ref_start_time: 2430540633709900, ref_stop_time: 2430540633738130, actual_exe_time: 28230, task_app_start_time:2430540110712946, task_sched_time:2430540633702040
app_id: 1, app_name: pulse_doppler_api-aarch64, task_id: 192, task_name: DASH_FFT, resource_name: cpu1, ref_start_time: 2430540634359700, ref_stop_time: 2430540634380850, actual_exe_time: 21150, task_app_start_time:2430540100558994, task_sched_time:2430540634347190
app_id: 0, app_name: pulse_doppler_api-aarch64, task_id: 203, task_name: DASH_FFT, resource_name: cpu2, ref_start_time: 2430540634672030, ref_stop_time: 2430540635243441, actual_exe_time: 571411, task_app_start_time:2430540090844933, task_sched_time:2430540634663840
app_id: 2, app_name: pulse_doppler_api-aarch64, task_id: 197, task_name: DASH_FFT, resource_name: cpu3, ref_start_time: 2430540635038060, ref_stop_time: 2430540635385161, actual_exe_time: 347101, task_app_start_time:2430540110712946, task_sched_time:2430540635032390
app_id: 1, app_name: pulse_doppler_api-aarch64, task_id: 193, task_name: DASH_FFT, resource_name: fft1, ref_start_time: 2430540635420681, ref_stop_time: 2430540635985101, actual_exe_time: 564420, task_app_start_time:2430540100558994, task_sched_time:2430540635417471
app_id: 3, app_name: pulse_doppler_api-aarch64, task_id: 183, task_name: DASH_FFT, resource_name: fft2, ref_start_time: 2430540636293711, ref_stop_time: 2430540636319991, actual_exe_time: 26280, task_app_start_time:2430540120723348, task_sched_time:2430540636289931
app_id: 1, app_name: pulse_doppler_api-aarch64, task_id: 194, task_name: DASH_FFT, resource_name: cpu1, ref_start_time: 2430540636749351, ref_stop_time: 2430540636770711, actual_exe_time: 21360, task_app_start_time:2430540100558994, task_sched_time:2430540636746051
app_id: 2, app_name: pulse_doppler_api-aarch64, task_id: 198, task_name: DASH_FFT, resource_name: cpu2, ref_start_time: 2430540636887591, ref_stop_time: 2430540637023071, actual_exe_time: 135480, task_app_start_time:2430540110712946, task_sched_time:2430540636883631
app_id: 3, app_name: pulse_doppler_api-aarch64, task_id: 184, task_name: DASH_FFT, resource_name: cpu3, ref_start_time: 2430540636960491, ref_stop_time: 2430540637132541, actual_exe_time: 172050, task_app_start_time:2430540120723348, task_sched_time:2430540636955961
app_id: 0, app_name: pulse_doppler_api-aarch64, task_id: 204, task_name: DASH_FFT, resource_name: fft1, ref_start_time: 2430540637795871, ref_stop_time: 2430540637820891, actual_exe_time: 25020, task_app_start_time:2430540090844933, task_sched_time:2430540637784231
app_id: 3, app_name: pulse_doppler_api-aarch64, task_id: 185, task_name: DASH_FFT, resource_name: fft2, ref_start_time: 2430540638321351, ref_stop_time: 2430540638632781, actual_exe_time: 311430, task_app_start_time:2430540120723348, task_sched_time:2430540638317541
app_id: 1, app_name: pulse_doppler_api-aarch64, task_id: 195, task_name: DASH_FFT, resource_name: cpu1, ref_start_time: 2430540639089261, ref_stop_time: 2430540639109601, actual_exe_time: 20340, task_app_start_time:2430540100558994, task_sched_time:2430540639080261
app_id: 3, app_name: pulse_doppler_api-aarch64, task_id: 186, task_name: DASH_FFT, resource_name: cpu2, ref_start_time: 2430540639560981, ref_stop_time: 2430540639843491, actual_exe_time: 282510, task_app_start_time:2430540120723348, task_sched_time:2430540639551771
app_id: 2, app_name: pulse_doppler_api-aarch64, task_id: 199, task_name: DASH_FFT, resource_name: cpu3, ref_start_time: 2430540640211141, ref_stop_time: 2430540640232921, actual_exe_time: 21780, task_app_start_time:2430540110712946, task_sched_time:2430540640207001
app_id: 0, app_name: pulse_doppler_api-aarch64, task_id: 205, task_name: DASH_FFT, resource_name: fft1, ref_start_time: 2430540640676561, ref_stop_time: 2430540641258351, actual_exe_time: 581790, task_app_start_time:2430540090844933, task_sched_time:2430540640664351
app_id: 3, app_name: pulse_doppler_api-aarch64, task_id: 187, task_name: DASH_FFT, resource_name: fft2, ref_start_time: 2430540641021171, ref_stop_time: 2430540641521902, actual_exe_time: 500731, task_app_start_time:2430540120723348, task_sched_time:2430540641014571
app_id: 2, app_name: pulse_doppler_api-aarch64, task_id: 200, task_name: DASH_FFT, resource_name: cpu1, ref_start_time: 2430540642018192, ref_stop_time: 2430540642039582, actual_exe_time: 21390, task_app_start_time:2430540110712946, task_sched_time:2430540642012042
app_id: 1, app_name: pulse_doppler_api-aarch64, task_id: 196, task_name: DASH_FFT, resource_name: cpu2, ref_start_time: 2430540642382392, ref_stop_time: 2430540642518382, actual_exe_time: 135990, task_app_start_time:2430540100558994, task_sched_time:2430540642374352
app_id: 0, app_name: pulse_doppler_api-aarch64, task_id: 206, task_name: DASH_FFT, resource_name: cpu3, ref_start_time: 2430540642623862, ref_stop_time: 2430540643225902, actual_exe_time: 602040, task_app_start_time:2430540090844933, task_sched_time:2430540642620592
app_id: 3, app_name: pulse_doppler_api-aarch64, task_id: 188, task_name: DASH_FFT, resource_name: fft1, ref_start_time: 2430540643285332, ref_stop_time: 2430540643320222, actual_exe_time: 34890, task_app_start_time:2430540120723348, task_sched_time:2430540643274082
app_id: 2, app_name: pulse_doppler_api-aarch64, task_id: 201, task_name: DASH_FFT, resource_name: fft2, ref_start_time: 2430540644072652, ref_stop_time: 2430540644366592, actual_exe_time: 293940, task_app_start_time:2430540110712946, task_sched_time:2430540644067942
app_id: 3, app_name: pulse_doppler_api-aarch64, task_id: 189, task_name: DASH_FFT, resource_name: cpu1, ref_start_time: 2430540644750952, ref_stop_time: 2430540644867352, actual_exe_time: 116400, task_app_start_time:2430540120723348, task_sched_time:2430540644746662
app_id: 0, app_name: pulse_doppler_api-aarch64, task_id: 207, task_name: DASH_FFT, resource_name: cpu2, ref_start_time: 2430540645333432, ref_stop_time: 2430540645482142, actual_exe_time: 148710, task_app_start_time:2430540090844933, task_sched_time:2430540645326922
app_id: 2, app_name: pulse_doppler_api-aarch64, task_id: 202, task_name: DASH_FFT, resource_name: cpu3, ref_start_time: 2430540645560502, ref_stop_time: 2430540645951372, actual_exe_time: 390870, task_app_start_time:2430540110712946, task_sched_time:2430540645520122
app_id: 1, app_name: pulse_doppler_api-aarch64, task_id: 197, task_name: DASH_FFT, resource_name: fft1, ref_start_time: 2430540645846582, ref_stop_time: 2430540646102122, actual_exe_time: 255540, task_app_start_time:2430540100558994, task_sched_time:2430540645841662
app_id: 3, app_name: pulse_doppler_api-aarch64, task_id: 190, task_name: DASH_FFT, resource_name: fft2, ref_start_time: 2430540646905882, ref_stop_time: 2430540646931832, actual_exe_time: 25950, task_app_start_time:2430540120723348, task_sched_time:2430540646897572
app_id: 2, app_name: pulse_doppler_api-aarch64, task_id: 203, task_name: DASH_FFT, resource_name: cpu1, ref_start_time: 2430540647557002, ref_stop_time: 2430540647578572, actual_exe_time: 21570, task_app_start_time:2430540110712946, task_sched_time:2430540647550432
app_id: 1, app_name: pulse_doppler_api-aarch64, task_id: 198, task_name: DASH_FFT, resource_name: cpu2, ref_start_time: 2430540649121443, ref_stop_time: 2430540649313923, actual_exe_time: 192480, task_app_start_time:2430540100558994, task_sched_time:2430540649117993
app_id: 3, app_name: pulse_doppler_api-aarch64, task_id: 191, task_name: DASH_FFT, resource_name: cpu3, ref_start_time: 2430540649512523, ref_stop_time: 2430540650252323, actual_exe_time: 739800, task_app_start_time:2430540120723348, task_sched_time:2430540649504003
app_id: 2, app_name: pulse_doppler_api-aarch64, task_id: 204, task_name: DASH_FFT, resource_name: fft1, ref_start_time: 2430540650015323, ref_stop_time: 2430540650316793, actual_exe_time: 301470, task_app_start_time:2430540110712946, task_sched_time:2430540650010433
app_id: 1, app_name: pulse_doppler_api-aarch64, task_id: 199, task_name: DASH_FFT, resource_name: fft2, ref_start_time: 2430540650331643, ref_stop_time: 2430540651076813, actual_exe_time: 745170, task_app_start_time:2430540100558994, task_sched_time:2430540650315923
app_id: 0, app_name: pulse_doppler_api-aarch64, task_id: 208, task_name: DASH_FFT, resource_name: cpu1, ref_start_time: 2430540651354553, ref_stop_time: 2430540651375673, actual_exe_time: 21120, task_app_start_time:2430540090844933, task_sched_time:2430540651340663
app_id: 0, app_name: pulse_doppler_api-aarch64, task_id: 209, task_name: DASH_FFT, resource_name: cpu2, ref_start_time: 2430540651756223, ref_stop_time: 2430540651778813, actual_exe_time: 22590, task_app_start_time:2430540090844933, task_sched_time:2430540651747283
app_id: 2, app_name: pulse_doppler_api-aarch64, task_id: 205, task_name: DASH_FFT, resource_name: cpu3, ref_start_time: 2430540652475443, ref_stop_time: 2430540652497433, actual_exe_time: 21990, task_app_start_time:2430540110712946, task_sched_time:2430540652470613
app_id: 3, app_name: pulse_doppler_api-aarch64, task_id: 192, task_name: DASH_FFT, resource_name: fft1, ref_start_time: 2430540652812073, ref_stop_time: 2430540653268223, actual_exe_time: 456150, task_app_start_time:2430540120723348, task_sched_time:2430540652801993
app_id: 1, app_name: pulse_doppler_api-aarch64, task_id: 200, task_name: DASH_FFT, resource_name: fft2, ref_start_time: 2430540653141023, ref_stop_time: 2430540653344513, actual_exe_time: 203490, task_app_start_time:2430540100558994, task_sched_time:2430540653133163
app_id: 0, app_name: pulse_doppler_api-aarch64, task_id: 210, task_name: DASH_FFT, resource_name: cpu1, ref_start_time: 2430540654207404, ref_stop_time: 2430540654227924, actual_exe_time: 20520, task_app_start_time:2430540090844933, task_sched_time:2430540654203144
app_id: 3, app_name: pulse_doppler_api-aarch64, task_id: 193, task_name: DASH_FFT, resource_name: cpu2, ref_start_time: 2430540654669284, ref_stop_time: 2430540654690734, actual_exe_time: 21450, task_app_start_time:2430540120723348, task_sched_time:2430540654665684
app_id: 1, app_name: pulse_doppler_api-aarch64, task_id: 201, task_name: DASH_FFT, resource_name: cpu3, ref_start_time: 2430540655181624, ref_stop_time: 2430540655339034, actual_exe_time: 157410, task_app_start_time:2430540100558994, task_sched_time:2430540655176374
app_id: 0, app_name: pulse_doppler_api-aarch64, task_id: 211, task_name: DASH_FFT, resource_name: fft1, ref_start_time: 2430540655572374, ref_stop_time: 2430540656220764, actual_exe_time: 648390, task_app_start_time:2430540090844933, task_sched_time:2430540655559624
app_id: 2, app_name: pulse_doppler_api-aarch64, task_id: 206, task_name: DASH_FFT, resource_name: fft2, ref_start_time: 2430540656092724, ref_stop_time: 2430540656300924, actual_exe_time: 208200, task_app_start_time:2430540110712946, task_sched_time:2430540656086004
app_id: 3, app_name: pulse_doppler_api-aarch64, task_id: 194, task_name: DASH_FFT, resource_name: cpu1, ref_start_time: 2430540657344174, ref_stop_time: 2430540657366404, actual_exe_time: 22230, task_app_start_time:2430540120723348, task_sched_time:2430540657334664
app_id: 1, app_name: pulse_doppler_api-aarch64, task_id: 202, task_name: DASH_FFT, resource_name: cpu2, ref_start_time: 2430540657873914, ref_stop_time: 2430540657896234, actual_exe_time: 22320, task_app_start_time:2430540100558994, task_sched_time:2430540657869684
app_id: 0, app_name: pulse_doppler_api-aarch64, task_id: 212, task_name: DASH_FFT, resource_name: cpu3, ref_start_time: 2430540658441124, ref_stop_time: 2430540658645664, actual_exe_time: 204540, task_app_start_time:2430540090844933, task_sched_time:2430540658437974
app_id: 3, app_name: pulse_doppler_api-aarch64, task_id: 195, task_name: DASH_FFT, resource_name: fft1, ref_start_time: 2430540658813364, ref_stop_time: 2430540659200574, actual_exe_time: 387210, task_app_start_time:2430540120723348, task_sched_time:2430540658804154
app_id: 2, app_name: pulse_doppler_api-aarch64, task_id: 207, task_name: DASH_FFT, resource_name: fft2, ref_start_time: 2430540659188214, ref_stop_time: 2430540659215964, actual_exe_time: 27750, task_app_start_time:2430540110712946, task_sched_time:2430540659180834
app_id: 1, app_name: pulse_doppler_api-aarch64, task_id: 203, task_name: DASH_FFT, resource_name: cpu1, ref_start_time: 2430540660188325, ref_stop_time: 2430540660210255, actual_exe_time: 21930, task_app_start_time:2430540100558994, task_sched_time:2430540660176835
app_id: 2, app_name: pulse_doppler_api-aarch64, task_id: 208, task_name: DASH_FFT, resource_name: cpu2, ref_start_time: 2430540661012785, ref_stop_time: 2430540661038315, actual_exe_time: 25530, task_app_start_time:2430540110712946, task_sched_time:2430540661007145
app_id: 0, app_name: pulse_doppler_api-aarch64, task_id: 213, task_name: DASH_FFT, resource_name: cpu3, ref_start_time: 2430540661435845, ref_stop_time: 2430540661607475, actual_exe_time: 171630, task_app_start_time:2430540090844933, task_sched_time:2430540661431795
app_id: 1, app_name: pulse_doppler_api-aarch64, task_id: 204, task_name: DASH_FFT, resource_name: fft1, ref_start_time: 2430540661954755, ref_stop_time: 2430540662192595, actual_exe_time: 237840, task_app_start_time:2430540100558994, task_sched_time:2430540661948185
app_id: 3, app_name: pulse_doppler_api-aarch64, task_id: 196, task_name: DASH_FFT, resource_name: fft2, ref_start_time: 2430540662699055, ref_stop_time: 2430540662724825, actual_exe_time: 25770, task_app_start_time:2430540120723348, task_sched_time:2430540662692425
app_id: 0, app_name: pulse_doppler_api-aarch64, task_id: 214, task_name: DASH_FFT, resource_name: cpu1, ref_start_time: 2430540663427965, ref_stop_time: 2430540663448725, actual_exe_time: 20760, task_app_start_time:2430540090844933, task_sched_time:2430540663422295
app_id: 1, app_name: pulse_doppler_api-aarch64, task_id: 205, task_name: DASH_FFT, resource_name: cpu2, ref_start_time: 2430540663812805, ref_stop_time: 2430540664019745, actual_exe_time: 206940, task_app_start_time:2430540100558994, task_sched_time:2430540663808605
app_id: 3, app_name: pulse_doppler_api-aarch64, task_id: 197, task_name: DASH_FFT, resource_name: cpu3, ref_start_time: 2430540664795905, ref_stop_time: 2430540665086575, actual_exe_time: 290670, task_app_start_time:2430540120723348, task_sched_time:2430540664792215
app_id: 0, app_name: pulse_doppler_api-aarch64, task_id: 215, task_name: DASH_FFT, resource_name: fft1, ref_start_time: 2430540665261505, ref_stop_time: 2430540665724765, actual_exe_time: 463260, task_app_start_time:2430540090844933, task_sched_time:2430540665251845
app_id: 2, app_name: pulse_doppler_api-aarch64, task_id: 209, task_name: DASH_FFT, resource_name: fft2, ref_start_time: 2430540665919135, ref_stop_time: 2430540665956965, actual_exe_time: 37830, task_app_start_time:2430540110712946, task_sched_time:2430540665908215
app_id: 1, app_name: pulse_doppler_api-aarch64, task_id: 206, task_name: DASH_FFT, resource_name: cpu1, ref_start_time: 2430540666820246, ref_stop_time: 2430540666842026, actual_exe_time: 21780, task_app_start_time:2430540100558994, task_sched_time:2430540666807796
app_id: 1, app_name: pulse_doppler_api-aarch64, task_id: 207, task_name: DASH_FFT, resource_name: cpu2, ref_start_time: 2430540667385986, ref_stop_time: 2430540667408486, actual_exe_time: 22500, task_app_start_time:2430540100558994, task_sched_time:2430540667381486
app_id: 3, app_name: pulse_doppler_api-aarch64, task_id: 198, task_name: DASH_FFT, resource_name: cpu3, ref_start_time: 2430540667825876, ref_stop_time: 2430540667850926, actual_exe_time: 25050, task_app_start_time:2430540120723348, task_sched_time:2430540667783726
app_id: 0, app_name: pulse_doppler_api-aarch64, task_id: 216, task_name: DASH_FFT, resource_name: fft1, ref_start_time: 2430540668304016, ref_stop_time: 2430540668615686, actual_exe_time: 311670, task_app_start_time:2430540090844933, task_sched_time:2430540668295046
app_id: 2, app_name: pulse_doppler_api-aarch64, task_id: 210, task_name: DASH_FFT, resource_name: fft2, ref_start_time: 2430540668937676, ref_stop_time: 2430540668965876, actual_exe_time: 28200, task_app_start_time:2430540110712946, task_sched_time:2430540668931466
app_id: 1, app_name: pulse_doppler_api-aarch64, task_id: 208, task_name: DASH_FFT, resource_name: cpu1, ref_start_time: 2430540669658636, ref_stop_time: 2430540669679006, actual_exe_time: 20370, task_app_start_time:2430540100558994, task_sched_time:2430540669648796
app_id: 0, app_name: pulse_doppler_api-aarch64, task_id: 217, task_name: DASH_FFT, resource_name: cpu2, ref_start_time: 2430540670051936, ref_stop_time: 2430540670842766, actual_exe_time: 790830, task_app_start_time:2430540090844933, task_sched_time:2430540670047316
app_id: 2, app_name: pulse_doppler_api-aarch64, task_id: 211, task_name: DASH_FFT, resource_name: cpu3, ref_start_time: 2430540670738816, ref_stop_time: 2430540670761196, actual_exe_time: 22380, task_app_start_time:2430540110712946, task_sched_time:2430540670711756
app_id: 3, app_name: pulse_doppler_api-aarch64, task_id: 199, task_name: DASH_FFT, resource_name: fft1, ref_start_time: 2430540670966096, ref_stop_time: 2430540670991476, actual_exe_time: 25380, task_app_start_time:2430540120723348, task_sched_time:2430540670958866
app_id: 1, app_name: pulse_doppler_api-aarch64, task_id: 209, task_name: DASH_FFT, resource_name: fft2, ref_start_time: 2430540671017006, ref_stop_time: 2430540671052766, actual_exe_time: 35760, task_app_start_time:2430540100558994, task_sched_time:2430540671007376
app_id: 2, app_name: pulse_doppler_api-aarch64, task_id: 212, task_name: DASH_FFT, resource_name: cpu1, ref_start_time: 2430540671877226, ref_stop_time: 2430540671898916, actual_exe_time: 21690, task_app_start_time:2430540110712946, task_sched_time:2430540671869516
app_id: 0, app_name: pulse_doppler_api-aarch64, task_id: 218, task_name: DASH_FFT, resource_name: cpu2, ref_start_time: 2430540672545687, ref_stop_time: 2430540672735707, actual_exe_time: 190020, task_app_start_time:2430540090844933, task_sched_time:2430540672542147
app_id: 1, app_name: pulse_doppler_api-aarch64, task_id: 210, task_name: DASH_FFT, resource_name: cpu3, ref_start_time: 2430540673602557, ref_stop_time: 2430540673627097, actual_exe_time: 24540, task_app_start_time:2430540100558994, task_sched_time:2430540673595867
app_id: 2, app_name: pulse_doppler_api-aarch64, task_id: 213, task_name: DASH_FFT, resource_name: fft1, ref_start_time: 2430540673637597, ref_stop_time: 2430540673662887, actual_exe_time: 25290, task_app_start_time:2430540110712946, task_sched_time:2430540673629107
app_id: 3, app_name: pulse_doppler_api-aarch64, task_id: 200, task_name: DASH_FFT, resource_name: fft2, ref_start_time: 2430540673669067, ref_stop_time: 2430540673704437, actual_exe_time: 35370, task_app_start_time:2430540120723348, task_sched_time:2430540673659137
app_id: 0, app_name: pulse_doppler_api-aarch64, task_id: 219, task_name: DASH_FFT, resource_name: cpu1, ref_start_time: 2430540674522477, ref_stop_time: 2430540674542757, actual_exe_time: 20280, task_app_start_time:2430540090844933, task_sched_time:2430540674513117
app_id: 2, app_name: pulse_doppler_api-aarch64, task_id: 214, task_name: DASH_FFT, resource_name: cpu2, ref_start_time: 2430540675192017, ref_stop_time: 2430540675216347, actual_exe_time: 24330, task_app_start_time:2430540110712946, task_sched_time:2430540675189017
app_id: 3, app_name: pulse_doppler_api-aarch64, task_id: 201, task_name: DASH_FFT, resource_name: cpu3, ref_start_time: 2430540675553787, ref_stop_time: 2430540675716207, actual_exe_time: 162420, task_app_start_time:2430540120723348, task_sched_time:2430540675545237
app_id: 1, app_name: pulse_doppler_api-aarch64, task_id: 211, task_name: DASH_FFT, resource_name: fft1, ref_start_time: 2430540676224077, ref_stop_time: 2430540676475117, actual_exe_time: 251040, task_app_start_time:2430540100558994, task_sched_time:2430540676211027
app_id: 0, app_name: pulse_doppler_api-aarch64, task_id: 220, task_name: DASH_FFT, resource_name: fft2, ref_start_time: 2430540676825187, ref_stop_time: 2430540676851437, actual_exe_time: 26250, task_app_start_time:2430540090844933, task_sched_time:2430540676819877
app_id: 3, app_name: pulse_doppler_api-aarch64, task_id: 202, task_name: DASH_FFT, resource_name: cpu1, ref_start_time: 2430540677591027, ref_stop_time: 2430540677611817, actual_exe_time: 20790, task_app_start_time:2430540120723348, task_sched_time:2430540677588177
app_id: 1, app_name: pulse_doppler_api-aarch64, task_id: 212, task_name: DASH_FFT, resource_name: cpu2, ref_start_time: 2430540678032567, ref_stop_time: 2430540678055217, actual_exe_time: 22650, task_app_start_time:2430540100558994, task_sched_time:2430540678029717
app_id: 3, app_name: pulse_doppler_api-aarch64, task_id: 203, task_name: DASH_FFT, resource_name: cpu3, ref_start_time: 2430540678875298, ref_stop_time: 2430540678901188, actual_exe_time: 25890, task_app_start_time:2430540120723348, task_sched_time:2430540678866478
app_id: 2, app_name: pulse_doppler_api-aarch64, task_id: 215, task_name: DASH_FFT, resource_name: fft1, ref_start_time: 2430540679138608, ref_stop_time: 2430540679705998, actual_exe_time: 567390, task_app_start_time:2430540110712946, task_sched_time:2430540679134648
app_id: 1, app_name: pulse_doppler_api-aarch64, task_id: 213, task_name: DASH_FFT, resource_name: fft2, ref_start_time: 2430540680399178, ref_stop_time: 2430540680425698, actual_exe_time: 26520, task_app_start_time:2430540100558994, task_sched_time:2430540680392848
app_id: 0, app_name: pulse_doppler_api-aarch64, task_id: 221, task_name: DASH_FFT, resource_name: cpu1, ref_start_time: 2430540680885538, ref_stop_time: 2430540680907588, actual_exe_time: 22050, task_app_start_time:2430540090844933, task_sched_time:2430540680859918
app_id: 3, app_name: pulse_doppler_api-aarch64, task_id: 204, task_name: DASH_FFT, resource_name: cpu2, ref_start_time: 2430540681193338, ref_stop_time: 2430540681404598, actual_exe_time: 211260, task_app_start_time:2430540120723348, task_sched_time:2430540681187308
app_id: 1, app_name: pulse_doppler_api-aarch64, task_id: 214, task_name: DASH_FFT, resource_name: cpu3, ref_start_time: 2430540681749628, ref_stop_time: 2430540682075938, actual_exe_time: 326310, task_app_start_time:2430540100558994, task_sched_time:2430540681743658
app_id: 2, app_name: pulse_doppler_api-aarch64, task_id: 216, task_name: DASH_FFT, resource_name: fft1, ref_start_time: 2430540682157928, ref_stop_time: 2430540682182768, actual_exe_time: 24840, task_app_start_time:2430540110712946, task_sched_time:2430540682140258
app_id: 3, app_name: pulse_doppler_api-aarch64, task_id: 205, task_name: DASH_FFT, resource_name: fft2, ref_start_time: 2430540682524138, ref_stop_time: 2430540682714068, actual_exe_time: 189930, task_app_start_time:2430540120723348, task_sched_time:2430540682514628
app_id: 1, app_name: pulse_doppler_api-aarch64, task_id: 215, task_name: DASH_FFT, resource_name: cpu1, ref_start_time: 2430540683183718, ref_stop_time: 2430540683385498, actual_exe_time: 201780, task_app_start_time:2430540100558994, task_sched_time:2430540683175798
app_id: 2, app_name: pulse_doppler_api-aarch64, task_id: 217, task_name: DASH_FFT, resource_name: cpu2, ref_start_time: 2430540683839878, ref_stop_time: 2430540684060858, actual_exe_time: 220980, task_app_start_time:2430540110712946, task_sched_time:2430540683832348
app_id: 1, app_name: pulse_doppler_api-aarch64, task_id: 216, task_name: DASH_FFT, resource_name: cpu3, ref_start_time: 2430540684416868, ref_stop_time: 2430540684763038, actual_exe_time: 346170, task_app_start_time:2430540100558994, task_sched_time:2430540684412038
app_id: 0, app_name: pulse_doppler_api-aarch64, task_id: 222, task_name: DASH_FFT, resource_name: fft1, ref_start_time: 2430540685051549, ref_stop_time: 2430540685076749, actual_exe_time: 25200, task_app_start_time:2430540090844933, task_sched_time:2430540685040539
app_id: 2, app_name: pulse_doppler_api-aarch64, task_id: 218, task_name: DASH_FFT, resource_name: fft2, ref_start_time: 2430540685178059, ref_stop_time: 2430540685383049, actual_exe_time: 204990, task_app_start_time:2430540110712946, task_sched_time:2430540685160089
app_id: 3, app_name: pulse_doppler_api-aarch64, task_id: 206, task_name: DASH_FFT, resource_name: cpu1, ref_start_time: 2430540685302319, ref_stop_time: 2430540685323259, actual_exe_time: 20940, task_app_start_time:2430540120723348, task_sched_time:2430540685294609
app_id: 1, app_name: pulse_doppler_api-aarch64, task_id: 217, task_name: DASH_FFT, resource_name: cpu2, ref_start_time: 2430540685947709, ref_stop_time: 2430540685969639, actual_exe_time: 21930, task_app_start_time:2430540100558994, task_sched_time:2430540685942639
app_id: 0, app_name: pulse_doppler_api-aarch64, task_id: 223, task_name: DASH_FFT, resource_name: cpu3, ref_start_time: 2430540686432599, ref_stop_time: 2430540686723209, actual_exe_time: 290610, task_app_start_time:2430540090844933, task_sched_time:2430540686428249
app_id: 3, app_name: pulse_doppler_api-aarch64, task_id: 207, task_name: DASH_FFT, resource_name: fft1, ref_start_time: 2430540687010399, ref_stop_time: 2430540687034969, actual_exe_time: 24570, task_app_start_time:2430540120723348, task_sched_time:2430540687002149
app_id: 0, app_name: pulse_doppler_api-aarch64, task_id: 224, task_name: DASH_FFT, resource_name: fft2, ref_start_time: 2430540687535219, ref_stop_time: 2430540687570949, actual_exe_time: 35730, task_app_start_time:2430540090844933, task_sched_time:2430540687525439
app_id: 2, app_name: pulse_doppler_api-aarch64, task_id: 219, task_name: DASH_FFT, resource_name: cpu1, ref_start_time: 2430540688379449, ref_stop_time: 2430540688399999, actual_exe_time: 20550, task_app_start_time:2430540110712946, task_sched_time:2430540688375909
app_id: 3, app_name: pulse_doppler_api-aarch64, task_id: 208, task_name: DASH_FFT, resource_name: cpu2, ref_start_time: 2430540688770409, ref_stop_time: 2430540689129299, actual_exe_time: 358890, task_app_start_time:2430540120723348, task_sched_time:2430540688762729
app_id: 0, app_name: pulse_doppler_api-aarch64, task_id: 225, task_name: DASH_FFT, resource_name: cpu3, ref_start_time: 2430540689560339, ref_stop_time: 2430540689585539, actual_exe_time: 25200, task_app_start_time:2430540090844933, task_sched_time:2430540689555389
app_id: 1, app_name: pulse_doppler_api-aarch64, task_id: 218, task_name: DASH_FFT, resource_name: fft1, ref_start_time: 2430540689771929, ref_stop_time: 2430540689806459, actual_exe_time: 34530, task_app_start_time:2430540100558994, task_sched_time:2430540689767639
app_id: 2, app_name: pulse_doppler_api-aarch64, task_id: 220, task_name: DASH_FFT, resource_name: fft2, ref_start_time: 2430540689837809, ref_stop_time: 2430540689866999, actual_exe_time: 29190, task_app_start_time:2430540110712946, task_sched_time:2430540689828539
app_id: 0, app_name: pulse_doppler_api-aarch64, task_id: 226, task_name: DASH_FFT, resource_name: cpu1, ref_start_time: 2430540691192460, ref_stop_time: 2430540691213160, actual_exe_time: 20700, task_app_start_time:2430540090844933, task_sched_time:2430540691189250
app_id: 3, app_name: pulse_doppler_api-aarch64, task_id: 209, task_name: DASH_FFT, resource_name: cpu2, ref_start_time: 2430540691715060, ref_stop_time: 2430540691737680, actual_exe_time: 22620, task_app_start_time:2430540120723348, task_sched_time:2430540691710590
app_id: 1, app_name: pulse_doppler_api-aarch64, task_id: 219, task_name: DASH_FFT, resource_name: cpu3, ref_start_time: 2430540693532430, ref_stop_time: 2430540694090760, actual_exe_time: 558330, task_app_start_time:2430540100558994, task_sched_time:2430540693528800
app_id: 3, app_name: pulse_doppler_api-aarch64, task_id: 210, task_name: DASH_FFT, resource_name: fft1, ref_start_time: 2430540693981320, ref_stop_time: 2430540694006970, actual_exe_time: 25650, task_app_start_time:2430540120723348, task_sched_time:2430540693968990
app_id: 2, app_name: pulse_doppler_api-aarch64, task_id: 221, task_name: DASH_FFT, resource_name: fft2, ref_start_time: 2430540694709150, ref_stop_time: 2430540694748060, actual_exe_time: 38910, task_app_start_time:2430540110712946, task_sched_time:2430540694704080
app_id: 3, app_name: pulse_doppler_api-aarch64, task_id: 211, task_name: DASH_FFT, resource_name: cpu1, ref_start_time: 2430540695566010, ref_stop_time: 2430540695586740, actual_exe_time: 20730, task_app_start_time:2430540120723348, task_sched_time:2430540695557970
app_id: 0, app_name: pulse_doppler_api-aarch64, task_id: 227, task_name: DASH_FFT, resource_name: cpu2, ref_start_time: 2430540696031940, ref_stop_time: 2430540696302900, actual_exe_time: 270960, task_app_start_time:2430540090844933, task_sched_time:2430540696027770
app_id: 2, app_name: pulse_doppler_api-aarch64, task_id: 222, task_name: DASH_FFT, resource_name: cpu3, ref_start_time: 2430540696442700, ref_stop_time: 2430540697031270, actual_exe_time: 588570, task_app_start_time:2430540110712946, task_sched_time:2430540696433190
app_id: 3, app_name: pulse_doppler_api-aarch64, task_id: 212, task_name: DASH_FFT, resource_name: fft1, ref_start_time: 2430540696809330, ref_stop_time: 2430540697018460, actual_exe_time: 209130, task_app_start_time:2430540120723348, task_sched_time:2430540696806390
app_id: 1, app_name: pulse_doppler_api-aarch64, task_id: 220, task_name: DASH_FFT, resource_name: fft2, ref_start_time: 2430540697394031, ref_stop_time: 2430540697776981, actual_exe_time: 382950, task_app_start_time:2430540100558994, task_sched_time:2430540697389861
app_id: 2, app_name: pulse_doppler_api-aarch64, task_id: 223, task_name: DASH_FFT, resource_name: cpu1, ref_start_time: 2430540698708391, ref_stop_time: 2430540698729031, actual_exe_time: 20640, task_app_start_time:2430540110712946, task_sched_time:2430540698694621
app_id: 3, app_name: pulse_doppler_api-aarch64, task_id: 213, task_name: DASH_FFT, resource_name: cpu2, ref_start_time: 2430540699139191, ref_stop_time: 2430540699485511, actual_exe_time: 346320, task_app_start_time:2430540120723348, task_sched_time:2430540699131361
app_id: 1, app_name: pulse_doppler_api-aarch64, task_id: 221, task_name: DASH_FFT, resource_name: cpu3, ref_start_time: 2430540699909501, ref_stop_time: 2430540699935781, actual_exe_time: 26280, task_app_start_time:2430540100558994, task_sched_time:2430540699903651
app_id: 0, app_name: pulse_doppler_api-aarch64, task_id: 228, task_name: DASH_FFT, resource_name: fft1, ref_start_time: 2430540700528221, ref_stop_time: 2430540700749771, actual_exe_time: 221550, task_app_start_time:2430540090844933, task_sched_time:2430540700523361
app_id: 3, app_name: pulse_doppler_api-aarch64, task_id: 214, task_name: DASH_FFT, resource_name: fft2, ref_start_time: 2430540701091801, ref_stop_time: 2430540701117751, actual_exe_time: 25950, task_app_start_time:2430540120723348, task_sched_time:2430540701088681
app_id: 1, app_name: pulse_doppler_api-aarch64, task_id: 222, task_name: DASH_FFT, resource_name: cpu1, ref_start_time: 2430540702072711, ref_stop_time: 2430540702093741, actual_exe_time: 21030, task_app_start_time:2430540100558994, task_sched_time:2430540702069381
app_id: 2, app_name: pulse_doppler_api-aarch64, task_id: 224, task_name: DASH_FFT, resource_name: cpu2, ref_start_time: 2430540702518961, ref_stop_time: 2430540702544521, actual_exe_time: 25560, task_app_start_time:2430540110712946, task_sched_time:2430540702512001
app_id: 0, app_name: pulse_doppler_api-aarch64, task_id: 229, task_name: DASH_FFT, resource_name: cpu3, ref_start_time: 2430540702629481, ref_stop_time: 2430540702794331, actual_exe_time: 164850, task_app_start_time:2430540090844933, task_sched_time:2430540702625641
app_id: 1, app_name: pulse_doppler_api-aarch64, task_id: 223, task_name: DASH_FFT, resource_name: fft1, ref_start_time: 2430540702754131, ref_stop_time: 2430540702778761, actual_exe_time: 24630, task_app_start_time:2430540100558994, task_sched_time:2430540702743571
app_id: 3, app_name: pulse_doppler_api-aarch64, task_id: 215, task_name: DASH_FFT, resource_name: fft2, ref_start_time: 2430540703204311, ref_stop_time: 2430540703239771, actual_exe_time: 35460, task_app_start_time:2430540120723348, task_sched_time:2430540703198731
app_id: 2, app_name: pulse_doppler_api-aarch64, task_id: 225, task_name: DASH_FFT, resource_name: cpu1, ref_start_time: 2430540703949872, ref_stop_time: 2430540703970512, actual_exe_time: 20640, task_app_start_time:2430540110712946, task_sched_time:2430540703945402
app_id: 1, app_name: pulse_doppler_api-aarch64, task_id: 224, task_name: DASH_FFT, resource_name: cpu2, ref_start_time: 2430540704402362, ref_stop_time: 2430540704425432, actual_exe_time: 23070, task_app_start_time:2430540100558994, task_sched_time:2430540704397772
app_id: 3, app_name: pulse_doppler_api-aarch64, task_id: 216, task_name: DASH_FFT, resource_name: cpu3, ref_start_time: 2430540705056332, ref_stop_time: 2430540705327382, actual_exe_time: 271050, task_app_start_time:2430540120723348, task_sched_time:2430540705052432
app_id: 2, app_name: pulse_doppler_api-aarch64, task_id: 226, task_name: DASH_FFT, resource_name: fft1, ref_start_time: 2430540705700612, ref_stop_time: 2430540705727012, actual_exe_time: 26400, task_app_start_time:2430540110712946, task_sched_time:2430540705690652
app_id: 3, app_name: pulse_doppler_api-aarch64, task_id: 217, task_name: DASH_FFT, resource_name: fft2, ref_start_time: 2430540706097632, ref_stop_time: 2430540706124422, actual_exe_time: 26790, task_app_start_time:2430540120723348, task_sched_time:2430540706090582
app_id: 0, app_name: pulse_doppler_api-aarch64, task_id: 230, task_name: DASH_FFT, resource_name: cpu1, ref_start_time: 2430540706905742, ref_stop_time: 2430540706927102, actual_exe_time: 21360, task_app_start_time:2430540090844933, task_sched_time:2430540706896832
app_id: 1, app_name: pulse_doppler_api-aarch64, task_id: 225, task_name: DASH_FFT, resource_name: cpu2, ref_start_time: 2430540706946092, ref_stop_time: 2430540706967752, actual_exe_time: 21660, task_app_start_time:2430540100558994, task_sched_time:2430540706941862
app_id: 2, app_name: pulse_doppler_api-aarch64, task_id: 227, task_name: DASH_FFT, resource_name: cpu3, ref_start_time: 2430540707056162, ref_stop_time: 2430540707079322, actual_exe_time: 23160, task_app_start_time:2430540110712946, task_sched_time:2430540706985512
app_id: 3, app_name: pulse_doppler_api-aarch64, task_id: 218, task_name: DASH_FFT, resource_name: fft1, ref_start_time: 2430540707882032, ref_stop_time: 2430540707917162, actual_exe_time: 35130, task_app_start_time:2430540120723348, task_sched_time:2430540707877052
app_id: 0, app_name: pulse_doppler_api-aarch64, task_id: 231, task_name: DASH_FFT, resource_name: fft2, ref_start_time: 2430540708339382, ref_stop_time: 2430540708558712, actual_exe_time: 219330, task_app_start_time:2430540090844933, task_sched_time:2430540708335062
app_id: 2, app_name: pulse_doppler_api-aarch64, task_id: 228, task_name: DASH_FFT, resource_name: cpu1, ref_start_time: 2430540708919582, ref_stop_time: 2430540709021912, actual_exe_time: 102330, task_app_start_time:2430540110712946, task_sched_time:2430540708906592
app_id: 3, app_name: pulse_doppler_api-aarch64, task_id: 219, task_name: DASH_FFT, resource_name: cpu2, ref_start_time: 2430540709461892, ref_stop_time: 2430540709745872, actual_exe_time: 283980, task_app_start_time:2430540120723348, task_sched_time:2430540709456522
app_id: 0, app_name: pulse_doppler_api-aarch64, task_id: 232, task_name: DASH_FFT, resource_name: cpu3, ref_start_time: 2430540709857263, ref_stop_time: 2430540710303063, actual_exe_time: 445800, task_app_start_time:2430540090844933, task_sched_time:2430540709849103
app_id: 1, app_name: pulse_doppler_api-aarch64, task_id: 226, task_name: DASH_FFT, resource_name: fft1, ref_start_time: 2430540710214413, ref_stop_time: 2430540710475053, actual_exe_time: 260640, task_app_start_time:2430540100558994, task_sched_time:2430540710203013
app_id: 2, app_name: pulse_doppler_api-aarch64, task_id: 229, task_name: DASH_FFT, resource_name: fft2, ref_start_time: 2430540711183443, ref_stop_time: 2430540711211823, actual_exe_time: 28380, task_app_start_time:2430540110712946, task_sched_time:2430540711174293
app_id: 1, app_name: pulse_doppler_api-aarch64, task_id: 227, task_name: DASH_FFT, resource_name: cpu1, ref_start_time: 2430540711814583, ref_stop_time: 2430540711844793, actual_exe_time: 30210, task_app_start_time:2430540100558994, task_sched_time:2430540711805013
app_id: 3, app_name: pulse_doppler_api-aarch64, task_id: 220, task_name: DASH_FFT, resource_name: cpu2, ref_start_time: 2430540713176823, ref_stop_time: 2430540713198903, actual_exe_time: 22080, task_app_start_time:2430540120723348, task_sched_time:2430540713170913
app_id: 0, app_name: pulse_doppler_api-aarch64, task_id: 233, task_name: DASH_FFT, resource_name: cpu3, ref_start_time: 2430540713486363, ref_stop_time: 2430540713821583, actual_exe_time: 335220, task_app_start_time:2430540090844933, task_sched_time:2430540713456633
app_id: 2, app_name: pulse_doppler_api-aarch64, task_id: 230, task_name: DASH_FFT, resource_name: fft1, ref_start_time: 2430540713863913, ref_stop_time: 2430540714015203, actual_exe_time: 151290, task_app_start_time:2430540110712946, task_sched_time:2430540713858543
app_id: 3, app_name: pulse_doppler_api-aarch64, task_id: 221, task_name: DASH_FFT, resource_name: fft2, ref_start_time: 2430540714520763, ref_stop_time: 2430540714915653, actual_exe_time: 394890, task_app_start_time:2430540120723348, task_sched_time:2430540714514613
app_id: 2, app_name: pulse_doppler_api-aarch64, task_id: 231, task_name: DASH_FFT, resource_name: cpu1, ref_start_time: 2430540716016264, ref_stop_time: 2430540716037234, actual_exe_time: 20970, task_app_start_time:2430540110712946, task_sched_time:2430540716006124
app_id: 0, app_name: pulse_doppler_api-aarch64, task_id: 234, task_name: DASH_FFT, resource_name: cpu2, ref_start_time: 2430540716240574, ref_stop_time: 2430540716262504, actual_exe_time: 21930, task_app_start_time:2430540090844933, task_sched_time:2430540716213274
app_id: 1, app_name: pulse_doppler_api-aarch64, task_id: 228, task_name: DASH_FFT, resource_name: cpu3, ref_start_time: 2430540716269074, ref_stop_time: 2430540716294034, actual_exe_time: 24960, task_app_start_time:2430540100558994, task_sched_time:2430540716264994
app_id: 3, app_name: pulse_doppler_api-aarch64, task_id: 222, task_name: DASH_FFT, resource_name: fft1, ref_start_time: 2430540717038904, ref_stop_time: 2430540717064434, actual_exe_time: 25530, task_app_start_time:2430540120723348, task_sched_time:2430540717026664
app_id: 3, app_name: pulse_doppler_api-aarch64, task_id: 223, task_name: DASH_FFT, resource_name: fft2, ref_start_time: 2430540717845034, ref_stop_time: 2430540717870204, actual_exe_time: 25170, task_app_start_time:2430540120723348, task_sched_time:2430540717841254
app_id: 0, app_name: pulse_doppler_api-aarch64, task_id: 235, task_name: DASH_FFT, resource_name: cpu1, ref_start_time: 2430540718539384, ref_stop_time: 2430540718560234, actual_exe_time: 20850, task_app_start_time:2430540090844933, task_sched_time:2430540718532124
app_id: 1, app_name: pulse_doppler_api-aarch64, task_id: 229, task_name: DASH_FFT, resource_name: cpu2, ref_start_time: 2430540718751994, ref_stop_time: 2430540718773414, actual_exe_time: 21420, task_app_start_time:2430540100558994, task_sched_time:2430540718742544
app_id: 2, app_name: pulse_doppler_api-aarch64, task_id: 232, task_name: DASH_FFT, resource_name: cpu3, ref_start_time: 2430540718889844, ref_stop_time: 2430540718912284, actual_exe_time: 22440, task_app_start_time:2430540110712946, task_sched_time:2430540718885884
app_id: 0, app_name: pulse_doppler_api-aarch64, task_id: 236, task_name: DASH_FFT, resource_name: fft1, ref_start_time: 2430540719549244, ref_stop_time: 2430540719583684, actual_exe_time: 34440, task_app_start_time:2430540090844933, task_sched_time:2430540719543904
app_id: 3, app_name: pulse_doppler_api-aarch64, task_id: 224, task_name: DASH_FFT, resource_name: fft2, ref_start_time: 2430540720218424, ref_stop_time: 2430540720253764, actual_exe_time: 35340, task_app_start_time:2430540120723348, task_sched_time:2430540720209994
app_id: 1, app_name: pulse_doppler_api-aarch64, task_id: 230, task_name: DASH_FFT, resource_name: cpu1, ref_start_time: 2430540721138614, ref_stop_time: 2430540721160064, actual_exe_time: 21450, task_app_start_time:2430540100558994, task_sched_time:2430540721130364
app_id: 2, app_name: pulse_doppler_api-aarch64, task_id: 233, task_name: DASH_FFT, resource_name: cpu2, ref_start_time: 2430540721444374, ref_stop_time: 2430540721469394, actual_exe_time: 25020, task_app_start_time:2430540110712946, task_sched_time:2430540721435134
app_id: 1, app_name: pulse_doppler_api-aarch64, task_id: 231, task_name: DASH_FFT, resource_name: cpu3, ref_start_time: 2430540721824294, ref_stop_time: 2430540721848684, actual_exe_time: 24390, task_app_start_time:2430540100558994, task_sched_time:2430540721816884
app_id: 1, app_name: pulse_doppler_api-aarch64, task_id: 232, task_name: DASH_FFT, resource_name: fft1, ref_start_time: 2430540721986114, ref_stop_time: 2430540722010954, actual_exe_time: 24840, task_app_start_time:2430540100558994, task_sched_time:2430540721975374
app_id: 3, app_name: pulse_doppler_api-aarch64, task_id: 225, task_name: DASH_FFT, resource_name: fft2, ref_start_time: 2430540722067174, ref_stop_time: 2430540722098494, actual_exe_time: 31320, task_app_start_time:2430540120723348, task_sched_time:2430540722057424
app_id: 0, app_name: pulse_doppler_api-aarch64, task_id: 237, task_name: DASH_FFT, resource_name: cpu1, ref_start_time: 2430540722192635, ref_stop_time: 2430540722421985, actual_exe_time: 229350, task_app_start_time:2430540090844933, task_sched_time:2430540722184175
app_id: 3, app_name: pulse_doppler_api-aarch64, task_id: 226, task_name: DASH_FFT, resource_name: cpu2, ref_start_time: 2430540722779765, ref_stop_time: 2430540722801485, actual_exe_time: 21720, task_app_start_time:2430540120723348, task_sched_time:2430540722770885
app_id: 2, app_name: pulse_doppler_api-aarch64, task_id: 234, task_name: DASH_FFT, resource_name: cpu3, ref_start_time: 2430540723341275, ref_stop_time: 2430540723363595, actual_exe_time: 22320, task_app_start_time:2430540110712946, task_sched_time:2430540723336445
app_id: 0, app_name: pulse_doppler_api-aarch64, task_id: 238, task_name: DASH_FFT, resource_name: fft1, ref_start_time: 2430540723681775, ref_stop_time: 2430540723984415, actual_exe_time: 302640, task_app_start_time:2430540090844933, task_sched_time:2430540723673855
app_id: 1, app_name: pulse_doppler_api-aarch64, task_id: 233, task_name: DASH_FFT, resource_name: fft2, ref_start_time: 2430540724359895, ref_stop_time: 2430540724566415, actual_exe_time: 206520, task_app_start_time:2430540100558994, task_sched_time:2430540724354975
app_id: 2, app_name: pulse_doppler_api-aarch64, task_id: 235, task_name: DASH_FFT, resource_name: cpu1, ref_start_time: 2430540725212495, ref_stop_time: 2430540725232805, actual_exe_time: 20310, task_app_start_time:2430540110712946, task_sched_time:2430540725208955
app_id: 0, app_name: pulse_doppler_api-aarch64, task_id: 239, task_name: DASH_FFT, resource_name: cpu2, ref_start_time: 2430540725529955, ref_stop_time: 2430540725877145, actual_exe_time: 347190, task_app_start_time:2430540090844933, task_sched_time:2430540725525935
app_id: 1, app_name: pulse_doppler_api-aarch64, task_id: 234, task_name: DASH_FFT, resource_name: cpu3, ref_start_time: 2430540726050635, ref_stop_time: 2430540726474385, actual_exe_time: 423750, task_app_start_time:2430540100558994, task_sched_time:2430540725978155
app_id: 2, app_name: pulse_doppler_api-aarch64, task_id: 236, task_name: DASH_FFT, resource_name: fft1, ref_start_time: 2430540726189745, ref_stop_time: 2430540726224545, actual_exe_time: 34800, task_app_start_time:2430540110712946, task_sched_time:2430540726177445
app_id: 3, app_name: pulse_doppler_api-aarch64, task_id: 227, task_name: DASH_FFT, resource_name: fft2, ref_start_time: 2430540727146895, ref_stop_time: 2430540727182535, actual_exe_time: 35640, task_app_start_time:2430540120723348, task_sched_time:2430540727141075
app_id: 1, app_name: pulse_doppler_api-aarch64, task_id: 235, task_name: DASH_FFT, resource_name: cpu1, ref_start_time: 2430540728012905, ref_stop_time: 2430540728033485, actual_exe_time: 20580, task_app_start_time:2430540100558994, task_sched_time:2430540728001445
app_id: 0, app_name: pulse_doppler_api-aarch64, task_id: 240, task_name: DASH_FFT, resource_name: cpu2, ref_start_time: 2430540728582846, ref_stop_time: 2430540728604926, actual_exe_time: 22080, task_app_start_time:2430540090844933, task_sched_time:2430540728576516
app_id: 3, app_name: pulse_doppler_api-aarch64, task_id: 228, task_name: DASH_FFT, resource_name: cpu3, ref_start_time: 2430540729104396, ref_stop_time: 2430540729316856, actual_exe_time: 212460, task_app_start_time:2430540120723348, task_sched_time:2430540729097886
app_id: 1, app_name: pulse_doppler_api-aarch64, task_id: 236, task_name: DASH_FFT, resource_name: fft1, ref_start_time: 2430540729636956, ref_stop_time: 2430540729672536, actual_exe_time: 35580, task_app_start_time:2430540100558994, task_sched_time:2430540729625496
app_id: 2, app_name: pulse_doppler_api-aarch64, task_id: 237, task_name: DASH_FFT, resource_name: fft2, ref_start_time: 2430540730386926, ref_stop_time: 2430540730415126, actual_exe_time: 28200, task_app_start_time:2430540110712946, task_sched_time:2430540730379996
app_id: 0, app_name: pulse_doppler_api-aarch64, task_id: 241, task_name: DASH_FFT, resource_name: cpu1, ref_start_time: 2430540731175716, ref_stop_time: 2430540731196506, actual_exe_time: 20790, task_app_start_time:2430540090844933, task_sched_time:2430540731169656
app_id: 3, app_name: pulse_doppler_api-aarch64, task_id: 229, task_name: DASH_FFT, resource_name: cpu2, ref_start_time: 2430540731672366, ref_stop_time: 2430540731916176, actual_exe_time: 243810, task_app_start_time:2430540120723348, task_sched_time:2430540731668826
app_id: 2, app_name: pulse_doppler_api-aarch64, task_id: 238, task_name: DASH_FFT, resource_name: cpu3, ref_start_time: 2430540732099506, ref_stop_time: 2430540732121886, actual_exe_time: 22380, task_app_start_time:2430540110712946, task_sched_time:2430540732092006
app_id: 1, app_name: pulse_doppler_api-aarch64, task_id: 237, task_name: DASH_FFT, resource_name: fft1, ref_start_time: 2430540732288926, ref_stop_time: 2430540732313676, actual_exe_time: 24750, task_app_start_time:2430540100558994, task_sched_time:2430540732280496
app_id: 0, app_name: pulse_doppler_api-aarch64, task_id: 242, task_name: DASH_FFT, resource_name: fft2, ref_start_time: 2430540732398366, ref_stop_time: 2430540732918206, actual_exe_time: 519840, task_app_start_time:2430540090844933, task_sched_time:2430540732392066
app_id: 3, app_name: pulse_doppler_api-aarch64, task_id: 230, task_name: DASH_FFT, resource_name: cpu1, ref_start_time: 2430540733890296, ref_stop_time: 2430540733911656, actual_exe_time: 21360, task_app_start_time:2430540120723348, task_sched_time:2430540733885256
app_id: 2, app_name: pulse_doppler_api-aarch64, task_id: 239, task_name: DASH_FFT, resource_name: cpu2, ref_start_time: 2430540733943396, ref_stop_time: 2430540733969436, actual_exe_time: 26040, task_app_start_time:2430540110712946, task_sched_time:2430540733937066
app_id: 1, app_name: pulse_doppler_api-aarch64, task_id: 238, task_name: DASH_FFT, resource_name: cpu3, ref_start_time: 2430540734667867, ref_stop_time: 2430540734693157, actual_exe_time: 25290, task_app_start_time:2430540100558994, task_sched_time:2430540734663247
app_id: 0, app_name: pulse_doppler_api-aarch64, task_id: 243, task_name: DASH_FFT, resource_name: fft1, ref_start_time: 2430540735141327, ref_stop_time: 2430540735372057, actual_exe_time: 230730, task_app_start_time:2430540090844933, task_sched_time:2430540735138927
app_id: 2, app_name: pulse_doppler_api-aarch64, task_id: 240, task_name: DASH_FFT, resource_name: fft2, ref_start_time: 2430540735445077, ref_stop_time: 2430540735733497, actual_exe_time: 288420, task_app_start_time:2430540110712946, task_sched_time:2430540735437997
app_id: 1, app_name: pulse_doppler_api-aarch64, task_id: 239, task_name: DASH_FFT, resource_name: cpu1, ref_start_time: 2430540736133427, ref_stop_time: 2430540736451787, actual_exe_time: 318360, task_app_start_time:2430540100558994, task_sched_time:2430540736129917
app_id: 0, app_name: pulse_doppler_api-aarch64, task_id: 244, task_name: DASH_FFT, resource_name: cpu2, ref_start_time: 2430540736903857, ref_stop_time: 2430540737320767, actual_exe_time: 416910, task_app_start_time:2430540090844933, task_sched_time:2430540736894137
app_id: 3, app_name: pulse_doppler_api-aarch64, task_id: 231, task_name: DASH_FFT, resource_name: cpu3, ref_start_time: 2430540736994487, ref_stop_time: 2430540737019177, actual_exe_time: 24690, task_app_start_time:2430540120723348, task_sched_time:2430540736988367
app_id: 2, app_name: pulse_doppler_api-aarch64, task_id: 241, task_name: DASH_FFT, resource_name: fft1, ref_start_time: 2430540737196297, ref_stop_time: 2430540737222067, actual_exe_time: 25770, task_app_start_time:2430540110712946, task_sched_time:2430540737187657
app_id: 2, app_name: pulse_doppler_api-aarch64, task_id: 242, task_name: DASH_FFT, resource_name: fft2, ref_start_time: 2430540738038937, ref_stop_time: 2430540738077217, actual_exe_time: 38280, task_app_start_time:2430540110712946, task_sched_time:2430540738030717
app_id: 1, app_name: pulse_doppler_api-aarch64, task_id: 240, task_name: DASH_FFT, resource_name: cpu1, ref_start_time: 2430540738975807, ref_stop_time: 2430540738996207, actual_exe_time: 20400, task_app_start_time:2430540100558994, task_sched_time:2430540738967917
app_id: 0, app_name: pulse_doppler_api-aarch64, task_id: 245, task_name: DASH_FFT, resource_name: cpu2, ref_start_time: 2430540739303857, ref_stop_time: 2430540739484277, actual_exe_time: 180420, task_app_start_time:2430540090844933, task_sched_time:2430540739294167
app_id: 2, app_name: pulse_doppler_api-aarch64, task_id: 243, task_name: DASH_FFT, resource_name: cpu3, ref_start_time: 2430540739622127, ref_stop_time: 2430540739920687, actual_exe_time: 298560, task_app_start_time:2430540110712946, task_sched_time:2430540739527777
app_id: 3, app_name: pulse_doppler_api-aarch64, task_id: 232, task_name: DASH_FFT, resource_name: fft1, ref_start_time: 2430540739736097, ref_stop_time: 2430540740254077, actual_exe_time: 517980, task_app_start_time:2430540120723348, task_sched_time:2430540739728027
app_id: 1, app_name: pulse_doppler_api-aarch64, task_id: 241, task_name: DASH_FFT, resource_name: fft2, ref_start_time: 2430540740908018, ref_stop_time: 2430540740933338, actual_exe_time: 25320, task_app_start_time:2430540100558994, task_sched_time:2430540740903698
app_id: 2, app_name: pulse_doppler_api-aarch64, task_id: 244, task_name: DASH_FFT, resource_name: cpu1, ref_start_time: 2430540741693898, ref_stop_time: 2430540741714718, actual_exe_time: 20820, task_app_start_time:2430540110712946, task_sched_time:2430540741689068
app_id: 0, app_name: pulse_doppler_api-aarch64, task_id: 246, task_name: DASH_FFT, resource_name: cpu2, ref_start_time: 2430540741992878, ref_stop_time: 2430540742141468, actual_exe_time: 148590, task_app_start_time:2430540090844933, task_sched_time:2430540741983908
app_id: 2, app_name: pulse_doppler_api-aarch64, task_id: 245, task_name: DASH_FFT, resource_name: cpu3, ref_start_time: 2430540742294498, ref_stop_time: 2430540742317508, actual_exe_time: 23010, task_app_start_time:2430540110712946, task_sched_time:2430540742290028
app_id: 1, app_name: pulse_doppler_api-aarch64, task_id: 242, task_name: DASH_FFT, resource_name: fft1, ref_start_time: 2430540742414198, ref_stop_time: 2430540742449598, actual_exe_time: 35400, task_app_start_time:2430540100558994, task_sched_time:2430540742400548
app_id: 3, app_name: pulse_doppler_api-aarch64, task_id: 233, task_name: DASH_FFT, resource_name: fft2, ref_start_time: 2430540743015068, ref_stop_time: 2430540743292478, actual_exe_time: 277410, task_app_start_time:2430540120723348, task_sched_time:2430540743011438
app_id: 2, app_name: pulse_doppler_api-aarch64, task_id: 246, task_name: DASH_FFT, resource_name: cpu1, ref_start_time: 2430540745219048, ref_stop_time: 2430540745240048, actual_exe_time: 21000, task_app_start_time:2430540110712946, task_sched_time:2430540745206868
app_id: 0, app_name: pulse_doppler_api-aarch64, task_id: 247, task_name: DASH_FFT, resource_name: cpu2, ref_start_time: 2430540745525198, ref_stop_time: 2430540745861408, actual_exe_time: 336210, task_app_start_time:2430540090844933, task_sched_time:2430540745520428
app_id: 3, app_name: pulse_doppler_api-aarch64, task_id: 234, task_name: DASH_FFT, resource_name: cpu3, ref_start_time: 2430540746164978, ref_stop_time: 2430540746346958, actual_exe_time: 181980, task_app_start_time:2430540120723348, task_sched_time:2430540746156848
app_id: 1, app_name: pulse_doppler_api-aarch64, task_id: 243, task_name: DASH_FFT, resource_name: fft1, ref_start_time: 2430540746838028, ref_stop_time: 2430540746975968, actual_exe_time: 137940, task_app_start_time:2430540100558994, task_sched_time:2430540746832478
app_id: 2, app_name: pulse_doppler_api-aarch64, task_id: 247, task_name: DASH_FFT, resource_name: fft2, ref_start_time: 2430540747062699, ref_stop_time: 2430540747091919, actual_exe_time: 29220, task_app_start_time:2430540110712946, task_sched_time:2430540747054149
app_id: 0, app_name: pulse_doppler_api-aarch64, task_id: 248, task_name: DASH_FFT, resource_name: cpu1, ref_start_time: 2430540747602399, ref_stop_time: 2430540747623969, actual_exe_time: 21570, task_app_start_time:2430540090844933, task_sched_time:2430540747589529
app_id: 3, app_name: pulse_doppler_api-aarch64, task_id: 235, task_name: DASH_FFT, resource_name: cpu2, ref_start_time: 2430540748128419, ref_stop_time: 2430540748428389, actual_exe_time: 299970, task_app_start_time:2430540120723348, task_sched_time:2430540748121369
app_id: 2, app_name: pulse_doppler_api-aarch64, task_id: 248, task_name: DASH_FFT, resource_name: cpu3, ref_start_time: 2430540748709219, ref_stop_time: 2430540748732319, actual_exe_time: 23100, task_app_start_time:2430540110712946, task_sched_time:2430540748699499
app_id: 0, app_name: pulse_doppler_api-aarch64, task_id: 249, task_name: DASH_FFT, resource_name: fft1, ref_start_time: 2430540749156969, ref_stop_time: 2430540749421809, actual_exe_time: 264840, task_app_start_time:2430540090844933, task_sched_time:2430540749153129
app_id: 3, app_name: pulse_doppler_api-aarch64, task_id: 236, task_name: DASH_FFT, resource_name: fft2, ref_start_time: 2430540749679089, ref_stop_time: 2430540749990309, actual_exe_time: 311220, task_app_start_time:2430540120723348, task_sched_time:2430540749670749
app_id: 2, app_name: pulse_doppler_api-aarch64, task_id: 249, task_name: DASH_FFT, resource_name: cpu1, ref_start_time: 2430540750585989, ref_stop_time: 2430540750606569, actual_exe_time: 20580, task_app_start_time:2430540110712946, task_sched_time:2430540750580349
app_id: 1, app_name: pulse_doppler_api-aarch64, task_id: 244, task_name: DASH_FFT, resource_name: cpu2, ref_start_time: 2430540750964949, ref_stop_time: 2430540751218749, actual_exe_time: 253800, task_app_start_time:2430540100558994, task_sched_time:2430540750955949
app_id: 0, app_name: pulse_doppler_api-aarch64, task_id: 250, task_name: DASH_FFT, resource_name: cpu3, ref_start_time: 2430540751065719, ref_stop_time: 2430540751312109, actual_exe_time: 246390, task_app_start_time:2430540090844933, task_sched_time:2430540751059509
app_id: 3, app_name: pulse_doppler_api-aarch64, task_id: 237, task_name: DASH_FFT, resource_name: fft1, ref_start_time: 2430540751792589, ref_stop_time: 2430540751827809, actual_exe_time: 35220, task_app_start_time:2430540120723348, task_sched_time:2430540751782929
app_id: 1, app_name: pulse_doppler_api-aarch64, task_id: 245, task_name: DASH_FFT, resource_name: fft2, ref_start_time: 2430540752422559, ref_stop_time: 2430540752458169, actual_exe_time: 35610, task_app_start_time:2430540100558994, task_sched_time:2430540752413229
app_id: 0, app_name: pulse_doppler_api-aarch64, task_id: 251, task_name: DASH_FFT, resource_name: cpu1, ref_start_time: 2430540753326790, ref_stop_time: 2430540753348450, actual_exe_time: 21660, task_app_start_time:2430540090844933, task_sched_time:2430540753321060
app_id: 3, app_name: pulse_doppler_api-aarch64, task_id: 238, task_name: DASH_FFT, resource_name: cpu2, ref_start_time: 2430540754023420, ref_stop_time: 2430540754045110, actual_exe_time: 21690, task_app_start_time:2430540120723348, task_sched_time:2430540754016910
app_id: 1, app_name: pulse_doppler_api-aarch64, task_id: 246, task_name: DASH_FFT, resource_name: cpu3, ref_start_time: 2430540754725780, ref_stop_time: 2430540754750530, actual_exe_time: 24750, task_app_start_time:2430540100558994, task_sched_time:2430540754717440
app_id: 2, app_name: pulse_doppler_api-aarch64, task_id: 250, task_name: DASH_FFT, resource_name: fft1, ref_start_time: 2430540754851720, ref_stop_time: 2430540754877190, actual_exe_time: 25470, task_app_start_time:2430540110712946, task_sched_time:2430540754847640
app_id: 0, app_name: pulse_doppler_api-aarch64, task_id: 252, task_name: DASH_FFT, resource_name: fft2, ref_start_time: 2430540754961940, ref_stop_time: 2430540754987740, actual_exe_time: 25800, task_app_start_time:2430540090844933, task_sched_time:2430540754957170
app_id: 3, app_name: pulse_doppler_api-aarch64, task_id: 239, task_name: DASH_FFT, resource_name: cpu1, ref_start_time: 2430540755965140, ref_stop_time: 2430540755986770, actual_exe_time: 21630, task_app_start_time:2430540120723348, task_sched_time:2430540755961630
app_id: 2, app_name: pulse_doppler_api-aarch64, task_id: 251, task_name: DASH_FFT, resource_name: cpu2, ref_start_time: 2430540756167700, ref_stop_time: 2430540756193020, actual_exe_time: 25320, task_app_start_time:2430540110712946, task_sched_time:2430540756159240
app_id: 0, app_name: pulse_doppler_api-aarch64, task_id: 253, task_name: DASH_FFT, resource_name: cpu3, ref_start_time: 2430540756425580, ref_stop_time: 2430540756580320, actual_exe_time: 154740, task_app_start_time:2430540090844933, task_sched_time:2430540756399810
app_id: 1, app_name: pulse_doppler_api-aarch64, task_id: 247, task_name: DASH_FFT, resource_name: fft1, ref_start_time: 2430540756803850, ref_stop_time: 2430540757046730, actual_exe_time: 242880, task_app_start_time:2430540100558994, task_sched_time:2430540756790380
app_id: 3, app_name: pulse_doppler_api-aarch64, task_id: 240, task_name: DASH_FFT, resource_name: fft2, ref_start_time: 2430540757601970, ref_stop_time: 2430540757627620, actual_exe_time: 25650, task_app_start_time:2430540120723348, task_sched_time:2430540757594590
app_id: 0, app_name: pulse_doppler_api-aarch64, task_id: 254, task_name: DASH_FFT, resource_name: cpu1, ref_start_time: 2430540758650260, ref_stop_time: 2430540758671560, actual_exe_time: 21300, task_app_start_time:2430540090844933, task_sched_time:2430540758645670
app_id: 1, app_name: pulse_doppler_api-aarch64, task_id: 248, task_name: DASH_FFT, resource_name: cpu2, ref_start_time: 2430540759270990, ref_stop_time: 2430540759457681, actual_exe_time: 186691, task_app_start_time:2430540100558994, task_sched_time:2430540759266430
app_id: 3, app_name: pulse_doppler_api-aarch64, task_id: 241, task_name: DASH_FFT, resource_name: cpu3, ref_start_time: 2430540759587911, ref_stop_time: 2430540760022341, actual_exe_time: 434430, task_app_start_time:2430540120723348, task_sched_time:2430540759538651
app_id: 0, app_name: pulse_doppler_api-aarch64, task_id: 255, task_name: DASH_FFT, resource_name: fft1, ref_start_time: 2430540760978441, ref_stop_time: 2430540761004961, actual_exe_time: 26520, task_app_start_time:2430540090844933, task_sched_time:2430540760973731
app_id: 2, app_name: pulse_doppler_api-aarch64, task_id: 252, task_name: DASH_FFT, resource_name: fft2, ref_start_time: 2430540761239561, ref_stop_time: 2430540761268001, actual_exe_time: 28440, task_app_start_time:2430540110712946, task_sched_time:2430540761236591
app_id: 1, app_name: pulse_doppler_api-aarch64, task_id: 249, task_name: DASH_FFT, resource_name: cpu1, ref_start_time: 2430540761649481, ref_stop_time: 2430540761670211, actual_exe_time: 20730, task_app_start_time:2430540100558994, task_sched_time:2430540761644681
app_id: 1, app_name: pulse_doppler_api-aarch64, task_id: 250, task_name: DASH_FFT, resource_name: cpu2, ref_start_time: 2430540762036961, ref_stop_time: 2430540762058921, actual_exe_time: 21960, task_app_start_time:2430540100558994, task_sched_time:2430540762030031
app_id: 0, app_name: pulse_doppler_api-aarch64, task_id: 256, task_name: DASH_FFT, resource_name: cpu3, ref_start_time: 2430540762606451, ref_stop_time: 2430540762914611, actual_exe_time: 308160, task_app_start_time:2430540090844933, task_sched_time:2430540762601711
app_id: 3, app_name: pulse_doppler_api-aarch64, task_id: 242, task_name: DASH_FFT, resource_name: fft1, ref_start_time: 2430540762979291, ref_stop_time: 2430540763325371, actual_exe_time: 346080, task_app_start_time:2430540120723348, task_sched_time:2430540762968161
app_id: 1, app_name: pulse_doppler_api-aarch64, task_id: 251, task_name: DASH_FFT, resource_name: fft2, ref_start_time: 2430540763715581, ref_stop_time: 2430540763750711, actual_exe_time: 35130, task_app_start_time:2430540100558994, task_sched_time:2430540763707991
app_id: 0, app_name: pulse_doppler_api-aarch64, task_id: 257, task_name: DASH_FFT, resource_name: cpu1, ref_start_time: 2430540764929531, ref_stop_time: 2430540764951821, actual_exe_time: 22290, task_app_start_time:2430540090844933, task_sched_time:2430540764925751
app_id: 2, app_name: pulse_doppler_api-aarch64, task_id: 253, task_name: DASH_FFT, resource_name: cpu2, ref_start_time: 2430540765272101, ref_stop_time: 2430540765537901, actual_exe_time: 265800, task_app_start_time:2430540110712946, task_sched_time:2430540765264331
app_id: 3, app_name: pulse_doppler_api-aarch64, task_id: 243, task_name: DASH_FFT, resource_name: cpu3, ref_start_time: 2430540766005242, ref_stop_time: 2430540766452692, actual_exe_time: 447450, task_app_start_time:2430540120723348, task_sched_time:2430540765997112
app_id: 1, app_name: pulse_doppler_api-aarch64, task_id: 252, task_name: DASH_FFT, resource_name: fft1, ref_start_time: 2430540766828442, ref_stop_time: 2430540766853972, actual_exe_time: 25530, task_app_start_time:2430540100558994, task_sched_time:2430540766824422
app_id: 0, app_name: pulse_doppler_api-aarch64, task_id: 258, task_name: DASH_FFT, resource_name: fft2, ref_start_time: 2430540767092442, ref_stop_time: 2430540767118272, actual_exe_time: 25830, task_app_start_time:2430540090844933, task_sched_time:2430540767083592
app_id: 3, app_name: pulse_doppler_api-aarch64, task_id: 244, task_name: DASH_FFT, resource_name: cpu1, ref_start_time: 2430540767385542, ref_stop_time: 2430540767406002, actual_exe_time: 20460, task_app_start_time:2430540120723348, task_sched_time:2430540767371862
app_id: 2, app_name: pulse_doppler_api-aarch64, task_id: 254, task_name: DASH_FFT, resource_name: cpu2, ref_start_time: 2430540767834942, ref_stop_time: 2430540767860442, actual_exe_time: 25500, task_app_start_time:2430540110712946, task_sched_time:2430540767814482
app_id: 0, app_name: pulse_doppler_api-aarch64, task_id: 259, task_name: DASH_FFT, resource_name: cpu3, ref_start_time: 2430540768417242, ref_stop_time: 2430540768441752, actual_exe_time: 24510, task_app_start_time:2430540090844933, task_sched_time:2430540768412532
app_id: 3, app_name: pulse_doppler_api-aarch64, task_id: 245, task_name: DASH_FFT, resource_name: fft1, ref_start_time: 2430540768824162, ref_stop_time: 2430540769463222, actual_exe_time: 639060, task_app_start_time:2430540120723348, task_sched_time:2430540768813212
app_id: 2, app_name: pulse_doppler_api-aarch64, task_id: 255, task_name: DASH_FFT, resource_name: fft2, ref_start_time: 2430540769333262, ref_stop_time: 2430540769362152, actual_exe_time: 28890, task_app_start_time:2430540110712946, task_sched_time:2430540769325912
app_id: 0, app_name: pulse_doppler_api-aarch64, task_id: 260, task_name: DASH_FFT, resource_name: cpu1, ref_start_time: 2430540770353382, ref_stop_time: 2430540770374712, actual_exe_time: 21330, task_app_start_time:2430540090844933, task_sched_time:2430540770347802
app_id: 2, app_name: pulse_doppler_api-aarch64, task_id: 256, task_name: DASH_FFT, resource_name: cpu2, ref_start_time: 2430540770464712, ref_stop_time: 2430540770569052, actual_exe_time: 104340, task_app_start_time:2430540110712946, task_sched_time:2430540770458922
app_id: 0, app_name: pulse_doppler_api-aarch64, task_id: 261, task_name: DASH_FFT, resource_name: cpu3, ref_start_time: 2430540770976452, ref_stop_time: 2430540771000932, actual_exe_time: 24480, task_app_start_time:2430540090844933, task_sched_time:2430540770969282
app_id: 3, app_name: pulse_doppler_api-aarch64, task_id: 246, task_name: DASH_FFT, resource_name: fft1, ref_start_time: 2430540771412412, ref_stop_time: 2430540771901713, actual_exe_time: 489301, task_app_start_time:2430540120723348, task_sched_time:2430540771409682
app_id: 2, app_name: pulse_doppler_api-aarch64, task_id: 257, task_name: DASH_FFT, resource_name: fft2, ref_start_time: 2430540771755522, ref_stop_time: 2430540771970653, actual_exe_time: 215131, task_app_start_time:2430540110712946, task_sched_time:2430540771752282
app_id: 1, app_name: pulse_doppler_api-aarch64, task_id: 253, task_name: DASH_FFT, resource_name: cpu1, ref_start_time: 2430540773145393, ref_stop_time: 2430540773166183, actual_exe_time: 20790, task_app_start_time:2430540100558994, task_sched_time:2430540773142063
app_id: 3, app_name: pulse_doppler_api-aarch64, task_id: 247, task_name: DASH_FFT, resource_name: cpu2, ref_start_time: 2430540773695323, ref_stop_time: 2430540773717313, actual_exe_time: 21990, task_app_start_time:2430540120723348, task_sched_time:2430540773685633
app_id: 0, app_name: pulse_doppler_api-aarch64, task_id: 262, task_name: DASH_FFT, resource_name: cpu3, ref_start_time: 2430540774053403, ref_stop_time: 2430540774226653, actual_exe_time: 173250, task_app_start_time:2430540090844933, task_sched_time:2430540774045813
app_id: 1, app_name: pulse_doppler_api-aarch64, task_id: 254, task_name: DASH_FFT, resource_name: fft1, ref_start_time: 2430540774470133, ref_stop_time: 2430540774868383, actual_exe_time: 398250, task_app_start_time:2430540100558994, task_sched_time:2430540774463113
app_id: 2, app_name: pulse_doppler_api-aarch64, task_id: 258, task_name: DASH_FFT, resource_name: fft2, ref_start_time: 2430540774933813, ref_stop_time: 2430540774962163, actual_exe_time: 28350, task_app_start_time:2430540110712946, task_sched_time:2430540774928983
app_id: 3, app_name: pulse_doppler_api-aarch64, task_id: 248, task_name: DASH_FFT, resource_name: cpu1, ref_start_time: 2430540775910103, ref_stop_time: 2430540775931403, actual_exe_time: 21300, task_app_start_time:2430540120723348, task_sched_time:2430540775900353
app_id: 2, app_name: pulse_doppler_api-aarch64, task_id: 259, task_name: DASH_FFT, resource_name: cpu2, ref_start_time: 2430540776301423, ref_stop_time: 2430540776527293, actual_exe_time: 225870, task_app_start_time:2430540110712946, task_sched_time:2430540776285343
app_id: 3, app_name: pulse_doppler_api-aarch64, task_id: 249, task_name: DASH_FFT, resource_name: cpu3, ref_start_time: 2430540776957373, ref_stop_time: 2430540776982003, actual_exe_time: 24630, task_app_start_time:2430540120723348, task_sched_time:2430540776953653
app_id: 1, app_name: pulse_doppler_api-aarch64, task_id: 255, task_name: DASH_FFT, resource_name: fft1, ref_start_time: 2430540777234093, ref_stop_time: 2430540777258813, actual_exe_time: 24720, task_app_start_time:2430540100558994, task_sched_time:2430540777224313
app_id: 0, app_name: pulse_doppler_api-aarch64, task_id: 263, task_name: DASH_FFT, resource_name: fft2, ref_start_time: 2430540777261843, ref_stop_time: 2430540777302433, actual_exe_time: 40590, task_app_start_time:2430540090844933, task_sched_time:2430540777256983
app_id: 1, app_name: pulse_doppler_api-aarch64, task_id: 256, task_name: DASH_FFT, resource_name: cpu1, ref_start_time: 2430540777433503, ref_stop_time: 2430540777939003, actual_exe_time: 505500, task_app_start_time:2430540100558994, task_sched_time:2430540777427143
app_id: 2, app_name: pulse_doppler_api-aarch64, task_id: 260, task_name: DASH_FFT, resource_name: cpu2, ref_start_time: 2430540777459903, ref_stop_time: 2430540777485613, actual_exe_time: 25710, task_app_start_time:2430540110712946, task_sched_time:2430540777456783
app_id: 1, app_name: pulse_doppler_api-aarch64, task_id: 257, task_name: DASH_FFT, resource_name: cpu3, ref_start_time: 2430540778346524, ref_stop_time: 2430540778371874, actual_exe_time: 25350, task_app_start_time:2430540100558994, task_sched_time:2430540778336564
app_id: 3, app_name: pulse_doppler_api-aarch64, task_id: 250, task_name: DASH_FFT, resource_name: fft1, ref_start_time: 2430540778624864, ref_stop_time: 2430540778901524, actual_exe_time: 276660, task_app_start_time:2430540120723348, task_sched_time:2430540778620904
app_id: 0, app_name: pulse_doppler_api-aarch64, task_id: 264, task_name: DASH_FFT, resource_name: fft2, ref_start_time: 2430540779317204, ref_stop_time: 2430540779343214, actual_exe_time: 26010, task_app_start_time:2430540090844933, task_sched_time:2430540779308894
app_id: 2, app_name: pulse_doppler_api-aarch64, task_id: 261, task_name: DASH_FFT, resource_name: cpu1, ref_start_time: 2430540780106474, ref_stop_time: 2430540780127504, actual_exe_time: 21030, task_app_start_time:2430540110712946, task_sched_time:2430540780100114
app_id: 0, app_name: pulse_doppler_api-aarch64, task_id: 265, task_name: DASH_FFT, resource_name: cpu2, ref_start_time: 2430540780505474, ref_stop_time: 2430540780726184, actual_exe_time: 220710, task_app_start_time:2430540090844933, task_sched_time:2430540780500314
app_id: 1, app_name: pulse_doppler_api-aarch64, task_id: 258, task_name: DASH_FFT, resource_name: cpu3, ref_start_time: 2430540781081174, ref_stop_time: 2430540781105444, actual_exe_time: 24270, task_app_start_time:2430540100558994, task_sched_time:2430540781075354
app_id: 3, app_name: pulse_doppler_api-aarch64, task_id: 251, task_name: DASH_FFT, resource_name: fft1, ref_start_time: 2430540781514944, ref_stop_time: 2430540781756834, actual_exe_time: 241890, task_app_start_time:2430540120723348, task_sched_time:2430540781510114
app_id: 0, app_name: pulse_doppler_api-aarch64, task_id: 266, task_name: DASH_FFT, resource_name: fft2, ref_start_time: 2430540782202334, ref_stop_time: 2430540782237644, actual_exe_time: 35310, task_app_start_time:2430540090844933, task_sched_time:2430540782196934
app_id: 2, app_name: pulse_doppler_api-aarch64, task_id: 262, task_name: DASH_FFT, resource_name: cpu1, ref_start_time: 2430540782973334, ref_stop_time: 2430540782994064, actual_exe_time: 20730, task_app_start_time:2430540110712946, task_sched_time:2430540782967814
app_id: 3, app_name: pulse_doppler_api-aarch64, task_id: 252, task_name: DASH_FFT, resource_name: cpu2, ref_start_time: 2430540783355174, ref_stop_time: 2430540783634804, actual_exe_time: 279630, task_app_start_time:2430540120723348, task_sched_time:2430540783350344
app_id: 0, app_name: pulse_doppler_api-aarch64, task_id: 267, task_name: DASH_FFT, resource_name: cpu3, ref_start_time: 2430540783755434, ref_stop_time: 2430540784180924, actual_exe_time: 425490, task_app_start_time:2430540090844933, task_sched_time:2430540783746044
app_id: 2, app_name: pulse_doppler_api-aarch64, task_id: 263, task_name: DASH_FFT, resource_name: fft1, ref_start_time: 2430540784432685, ref_stop_time: 2430540784467545, actual_exe_time: 34860, task_app_start_time:2430540110712946, task_sched_time:2430540784429925
app_id: 1, app_name: pulse_doppler_api-aarch64, task_id: 259, task_name: DASH_FFT, resource_name: fft2, ref_start_time: 2430540784826525, ref_stop_time: 2430540785193335, actual_exe_time: 366810, task_app_start_time:2430540100558994, task_sched_time:2430540784822625
app_id: 0, app_name: pulse_doppler_api-aarch64, task_id: 268, task_name: DASH_FFT, resource_name: cpu1, ref_start_time: 2430540785839925, ref_stop_time: 2430540785860925, actual_exe_time: 21000, task_app_start_time:2430540090844933, task_sched_time:2430540785827925
app_id: 3, app_name: pulse_doppler_api-aarch64, task_id: 253, task_name: DASH_FFT, resource_name: cpu2, ref_start_time: 2430540786153425, ref_stop_time: 2430540786175445, actual_exe_time: 22020, task_app_start_time:2430540120723348, task_sched_time:2430540786149555
app_id: 2, app_name: pulse_doppler_api-aarch64, task_id: 264, task_name: DASH_FFT, resource_name: cpu3, ref_start_time: 2430540786833915, ref_stop_time: 2430540786856115, actual_exe_time: 22200, task_app_start_time:2430540110712946, task_sched_time:2430540786825605
app_id: 1, app_name: pulse_doppler_api-aarch64, task_id: 260, task_name: DASH_FFT, resource_name: fft1, ref_start_time: 2430540787170905, ref_stop_time: 2430540788153015, actual_exe_time: 982110, task_app_start_time:2430540100558994, task_sched_time:2430540787158335
app_id: 0, app_name: pulse_doppler_api-aarch64, task_id: 269, task_name: DASH_FFT, resource_name: fft2, ref_start_time: 2430540787588355, ref_stop_time: 2430540787624385, actual_exe_time: 36030, task_app_start_time:2430540090844933, task_sched_time:2430540787556945
app_id: 2, app_name: pulse_doppler_api-aarch64, task_id: 265, task_name: DASH_FFT, resource_name: cpu1, ref_start_time: 2430540788662625, ref_stop_time: 2430540788683355, actual_exe_time: 20730, task_app_start_time:2430540110712946, task_sched_time:2430540788658185
app_id: 3, app_name: pulse_doppler_api-aarch64, task_id: 254, task_name: DASH_FFT, resource_name: cpu2, ref_start_time: 2430540788903045, ref_stop_time: 2430540788925995, actual_exe_time: 22950, task_app_start_time:2430540120723348, task_sched_time:2430540788899415
app_id: 0, app_name: pulse_doppler_api-aarch64, task_id: 270, task_name: DASH_FFT, resource_name: cpu3, ref_start_time: 2430540789282185, ref_stop_time: 2430540789450965, actual_exe_time: 168780, task_app_start_time:2430540090844933, task_sched_time:2430540789274325
app_id: 2, app_name: pulse_doppler_api-aarch64, task_id: 266, task_name: DASH_FFT, resource_name: fft1, ref_start_time: 2430540789662015, ref_stop_time: 2430540789697085, actual_exe_time: 35070, task_app_start_time:2430540110712946, task_sched_time:2430540789652835
app_id: 1, app_name: pulse_doppler_api-aarch64, task_id: 261, task_name: DASH_FFT, resource_name: fft2, ref_start_time: 2430540790255415, ref_stop_time: 2430540790281605, actual_exe_time: 26190, task_app_start_time:2430540100558994, task_sched_time:2430540790247375
app_id: 0, app_name: pulse_doppler_api-aarch64, task_id: 271, task_name: DASH_FFT, resource_name: cpu1, ref_start_time: 2430540791079966, ref_stop_time: 2430540791100336, actual_exe_time: 20370, task_app_start_time:2430540090844933, task_sched_time:2430540791069106
app_id: 2, app_name: pulse_doppler_api-aarch64, task_id: 267, task_name: DASH_FFT, resource_name: cpu2, ref_start_time: 2430540791685456, ref_stop_time: 2430540791709786, actual_exe_time: 24330, task_app_start_time:2430540110712946, task_sched_time:2430540791679606
app_id: 1, app_name: pulse_doppler_api-aarch64, task_id: 262, task_name: DASH_FFT, resource_name: cpu3, ref_start_time: 2430540791827386, ref_stop_time: 2430540791941326, actual_exe_time: 113940, task_app_start_time:2430540100558994, task_sched_time:2430540791805876
app_id: 0, app_name: pulse_doppler_api-aarch64, task_id: 272, task_name: DASH_FFT, resource_name: fft1, ref_start_time: 2430540793710036, ref_stop_time: 2430540794232276, actual_exe_time: 522240, task_app_start_time:2430540090844933, task_sched_time:2430540793697256
app_id: 3, app_name: pulse_doppler_api-aarch64, task_id: 255, task_name: DASH_FFT, resource_name: fft2, ref_start_time: 2430540794010876, ref_stop_time: 2430540794485626, actual_exe_time: 474750, task_app_start_time:2430540120723348, task_sched_time:2430540794004126
app_id: 2, app_name: pulse_doppler_api-aarch64, task_id: 268, task_name: DASH_FFT, resource_name: cpu1, ref_start_time: 2430540795012636, ref_stop_time: 2430540795033936, actual_exe_time: 21300, task_app_start_time:2430540110712946, task_sched_time:2430540795004596
app_id: 1, app_name: pulse_doppler_api-aarch64, task_id: 263, task_name: DASH_FFT, resource_name: cpu2, ref_start_time: 2430540795342186, ref_stop_time: 2430540796195056, actual_exe_time: 852870, task_app_start_time:2430540100558994, task_sched_time:2430540795335046
app_id: 0, app_name: pulse_doppler_api-aarch64, task_id: 273, task_name: DASH_FFT, resource_name: cpu3, ref_start_time: 2430540795776586, ref_stop_time: 2430540796141866, actual_exe_time: 365280, task_app_start_time:2430540090844933, task_sched_time:2430540795769056
app_id: 2, app_name: pulse_doppler_api-aarch64, task_id: 269, task_name: DASH_FFT, resource_name: fft1, ref_start_time: 2430540796019556, ref_stop_time: 2430540796054506, actual_exe_time: 34950, task_app_start_time:2430540110712946, task_sched_time:2430540796012416
app_id: 3, app_name: pulse_doppler_api-aarch64, task_id: 256, task_name: DASH_FFT, resource_name: fft2, ref_start_time: 2430540796873507, ref_stop_time: 2430540796899607, actual_exe_time: 26100, task_app_start_time:2430540120723348, task_sched_time:2430540796866667
app_id: 0, app_name: pulse_doppler_api-aarch64, task_id: 274, task_name: DASH_FFT, resource_name: cpu1, ref_start_time: 2430540797773417, ref_stop_time: 2430540797793727, actual_exe_time: 20310, task_app_start_time:2430540090844933, task_sched_time:2430540797760937
app_id: 1, app_name: pulse_doppler_api-aarch64, task_id: 264, task_name: DASH_FFT, resource_name: cpu2, ref_start_time: 2430540798388537, ref_stop_time: 2430540798410947, actual_exe_time: 22410, task_app_start_time:2430540100558994, task_sched_time:2430540798384667
app_id: 2, app_name: pulse_doppler_api-aarch64, task_id: 270, task_name: DASH_FFT, resource_name: cpu3, ref_start_time: 2430540798912127, ref_stop_time: 2430540798934417, actual_exe_time: 22290, task_app_start_time:2430540110712946, task_sched_time:2430540798905317
app_id: 3, app_name: pulse_doppler_api-aarch64, task_id: 257, task_name: DASH_FFT, resource_name: fft1, ref_start_time: 2430540799746007, ref_stop_time: 2430540799997137, actual_exe_time: 251130, task_app_start_time:2430540120723348, task_sched_time:2430540799737247
app_id: 1, app_name: pulse_doppler_api-aarch64, task_id: 265, task_name: DASH_FFT, resource_name: fft2, ref_start_time: 2430540800233897, ref_stop_time: 2430540800711677, actual_exe_time: 477780, task_app_start_time:2430540100558994, task_sched_time:2430540800229397
app_id: 2, app_name: pulse_doppler_api-aarch64, task_id: 271, task_name: DASH_FFT, resource_name: cpu1, ref_start_time: 2430540801177577, ref_stop_time: 2430540801198517, actual_exe_time: 20940, task_app_start_time:2430540110712946, task_sched_time:2430540801168067
app_id: 0, app_name: pulse_doppler_api-aarch64, task_id: 275, task_name: DASH_FFT, resource_name: cpu2, ref_start_time: 2430540801544837, ref_stop_time: 2430540801746287, actual_exe_time: 201450, task_app_start_time:2430540090844933, task_sched_time:2430540801542257
app_id: 1, app_name: pulse_doppler_api-aarch64, task_id: 266, task_name: DASH_FFT, resource_name: cpu3, ref_start_time: 2430540802031017, ref_stop_time: 2430540802397317, actual_exe_time: 366300, task_app_start_time:2430540100558994, task_sched_time:2430540802022377
app_id: 3, app_name: pulse_doppler_api-aarch64, task_id: 258, task_name: DASH_FFT, resource_name: fft1, ref_start_time: 2430540802605817, ref_stop_time: 2430540802631467, actual_exe_time: 25650, task_app_start_time:2430540120723348, task_sched_time:2430540802592257
app_id: 2, app_name: pulse_doppler_api-aarch64, task_id: 272, task_name: DASH_FFT, resource_name: fft2, ref_start_time: 2430540802987898, ref_stop_time: 2430540803339858, actual_exe_time: 351960, task_app_start_time:2430540110712946, task_sched_time:2430540802973288
app_id: 0, app_name: pulse_doppler_api-aarch64, task_id: 276, task_name: DASH_FFT, resource_name: cpu1, ref_start_time: 2430540804089438, ref_stop_time: 2430540804110048, actual_exe_time: 20610, task_app_start_time:2430540090844933, task_sched_time:2430540804080528
app_id: 1, app_name: pulse_doppler_api-aarch64, task_id: 267, task_name: DASH_FFT, resource_name: cpu2, ref_start_time: 2430540804555008, ref_stop_time: 2430540804834608, actual_exe_time: 279600, task_app_start_time:2430540100558994, task_sched_time:2430540804550358
app_id: 2, app_name: pulse_doppler_api-aarch64, task_id: 273, task_name: DASH_FFT, resource_name: cpu3, ref_start_time: 2430540804920888, ref_stop_time: 2430540805286828, actual_exe_time: 365940, task_app_start_time:2430540110712946, task_sched_time:2430540804890528
app_id: 0, app_name: pulse_doppler_api-aarch64, task_id: 277, task_name: DASH_FFT, resource_name: fft1, ref_start_time: 2430540805440938, ref_stop_time: 2430540805567658, actual_exe_time: 126720, task_app_start_time:2430540090844933, task_sched_time:2430540805437578
app_id: 1, app_name: pulse_doppler_api-aarch64, task_id: 268, task_name: DASH_FFT, resource_name: fft2, ref_start_time: 2430540805601798, ref_stop_time: 2430540805628078, actual_exe_time: 26280, task_app_start_time:2430540100558994, task_sched_time:2430540805566698
app_id: 3, app_name: pulse_doppler_api-aarch64, task_id: 259, task_name: DASH_FFT, resource_name: cpu1, ref_start_time: 2430540806490458, ref_stop_time: 2430540806510828, actual_exe_time: 20370, task_app_start_time:2430540120723348, task_sched_time:2430540806487128
app_id: 0, app_name: pulse_doppler_api-aarch64, task_id: 278, task_name: DASH_FFT, resource_name: cpu2, ref_start_time: 2430540807163838, ref_stop_time: 2430540807186548, actual_exe_time: 22710, task_app_start_time:2430540090844933, task_sched_time:2430540807161078
app_id: 2, app_name: pulse_doppler_api-aarch64, task_id: 274, task_name: DASH_FFT, resource_name: cpu3, ref_start_time: 2430540807667748, ref_stop_time: 2430540807690038, actual_exe_time: 22290, task_app_start_time:2430540110712946, task_sched_time:2430540807661928
app_id: 3, app_name: pulse_doppler_api-aarch64, task_id: 260, task_name: DASH_FFT, resource_name: fft1, ref_start_time: 2430540808820708, ref_stop_time: 2430540808855958, actual_exe_time: 35250, task_app_start_time:2430540120723348, task_sched_time:2430540808812368
app_id: 0, app_name: pulse_doppler_api-aarch64, task_id: 279, task_name: DASH_FFT, resource_name: fft2, ref_start_time: 2430540809131598, ref_stop_time: 2430540809705889, actual_exe_time: 574291, task_app_start_time:2430540090844933, task_sched_time:2430540809127638
app_id: 2, app_name: pulse_doppler_api-aarch64, task_id: 275, task_name: DASH_FFT, resource_name: cpu1, ref_start_time: 2430540809943279, ref_stop_time: 2430540809965269, actual_exe_time: 21990, task_app_start_time:2430540110712946, task_sched_time:2430540809909559
app_id: 3, app_name: pulse_doppler_api-aarch64, task_id: 261, task_name: DASH_FFT, resource_name: cpu2, ref_start_time: 2430540810403509, ref_stop_time: 2430540811826949, actual_exe_time: 1423440, task_app_start_time:2430540120723348, task_sched_time:2430540810393519
app_id: 1, app_name: pulse_doppler_api-aarch64, task_id: 269, task_name: DASH_FFT, resource_name: cpu3, ref_start_time: 2430540810733989, ref_stop_time: 2430540810872499, actual_exe_time: 138510, task_app_start_time:2430540100558994, task_sched_time:2430540810727419
app_id: 2, app_name: pulse_doppler_api-aarch64, task_id: 276, task_name: DASH_FFT, resource_name: fft1, ref_start_time: 2430540811202439, ref_stop_time: 2430540811228299, actual_exe_time: 25860, task_app_start_time:2430540110712946, task_sched_time:2430540811192959
app_id: 0, app_name: pulse_doppler_api-aarch64, task_id: 280, task_name: DASH_FFT, resource_name: fft2, ref_start_time: 2430540812391639, ref_stop_time: 2430540812417919, actual_exe_time: 26280, task_app_start_time:2430540090844933, task_sched_time:2430540812385789
app_id: 1, app_name: pulse_doppler_api-aarch64, task_id: 270, task_name: DASH_FFT, resource_name: cpu1, ref_start_time: 2430540812768379, ref_stop_time: 2430540812789709, actual_exe_time: 21330, task_app_start_time:2430540100558994, task_sched_time:2430540812759529
app_id: 2, app_name: pulse_doppler_api-aarch64, task_id: 277, task_name: DASH_FFT, resource_name: cpu2, ref_start_time: 2430540813080979, ref_stop_time: 2430540813105159, actual_exe_time: 24180, task_app_start_time:2430540110712946, task_sched_time:2430540813075069
app_id: 3, app_name: pulse_doppler_api-aarch64, task_id: 262, task_name: DASH_FFT, resource_name: cpu3, ref_start_time: 2430540813468819, ref_stop_time: 2430540813768159, actual_exe_time: 299340, task_app_start_time:2430540120723348, task_sched_time:2430540813460539
app_id: 1, app_name: pulse_doppler_api-aarch64, task_id: 271, task_name: DASH_FFT, resource_name: fft1, ref_start_time: 2430540813853479, ref_stop_time: 2430540814326339, actual_exe_time: 472860, task_app_start_time:2430540100558994, task_sched_time:2430540813840249
app_id: 2, app_name: pulse_doppler_api-aarch64, task_id: 278, task_name: DASH_FFT, resource_name: fft2, ref_start_time: 2430540814356429, ref_stop_time: 2430540814394769, actual_exe_time: 38340, task_app_start_time:2430540110712946, task_sched_time:2430540814353399
app_id: 0, app_name: pulse_doppler_api-aarch64, task_id: 281, task_name: DASH_FFT, resource_name: cpu1, ref_start_time: 2430540815501620, ref_stop_time: 2430540815523310, actual_exe_time: 21690, task_app_start_time:2430540090844933, task_sched_time:2430540815489740
app_id: 3, app_name: pulse_doppler_api-aarch64, task_id: 263, task_name: DASH_FFT, resource_name: cpu2, ref_start_time: 2430540816372400, ref_stop_time: 2430540816395290, actual_exe_time: 22890, task_app_start_time:2430540120723348, task_sched_time:2430540816367210
app_id: 1, app_name: pulse_doppler_api-aarch64, task_id: 272, task_name: DASH_FFT, resource_name: cpu3, ref_start_time: 2430540816940810, ref_stop_time: 2430540816966730, actual_exe_time: 25920, task_app_start_time:2430540100558994, task_sched_time:2430540816933490
app_id: 0, app_name: pulse_doppler_api-aarch64, task_id: 282, task_name: DASH_FFT, resource_name: fft1, ref_start_time: 2430540817548430, ref_stop_time: 2430540817574530, actual_exe_time: 26100, task_app_start_time:2430540090844933, task_sched_time:2430540817535440
app_id: 0, app_name: pulse_doppler_api-aarch64, task_id: 283, task_name: DASH_FFT, resource_name: fft2, ref_start_time: 2430540817958830, ref_stop_time: 2430540817984570, actual_exe_time: 25740, task_app_start_time:2430540090844933, task_sched_time:2430540817954690
app_id: 2, app_name: pulse_doppler_api-aarch64, task_id: 279, task_name: DASH_FFT, resource_name: cpu1, ref_start_time: 2430540818677150, ref_stop_time: 2430540818697760, actual_exe_time: 20610, task_app_start_time:2430540110712946, task_sched_time:2430540818673610
app_id: 3, app_name: pulse_doppler_api-aarch64, task_id: 264, task_name: DASH_FFT, resource_name: cpu2, ref_start_time: 2430540819014770, ref_stop_time: 2430540819036910, actual_exe_time: 22140, task_app_start_time:2430540120723348, task_sched_time:2430540819007510
app_id: 2, app_name: pulse_doppler_api-aarch64, task_id: 280, task_name: DASH_FFT, resource_name: cpu3, ref_start_time: 2430540819118990, ref_stop_time: 2430540819229630, actual_exe_time: 110640, task_app_start_time:2430540110712946, task_sched_time:2430540819110080
app_id: 0, app_name: pulse_doppler_api-aarch64, task_id: 284, task_name: DASH_FFT, resource_name: fft1, ref_start_time: 2430540819698350, ref_stop_time: 2430540820069240, actual_exe_time: 370890, task_app_start_time:2430540090844933, task_sched_time:2430540819688150
app_id: 1, app_name: pulse_doppler_api-aarch64, task_id: 273, task_name: DASH_FFT, resource_name: fft2, ref_start_time: 2430540819914860, ref_stop_time: 2430540820087930, actual_exe_time: 173070, task_app_start_time:2430540100558994, task_sched_time:2430540819909220
app_id: 2, app_name: pulse_doppler_api-aarch64, task_id: 281, task_name: DASH_FFT, resource_name: cpu1, ref_start_time: 2430540821139700, ref_stop_time: 2430540821161360, actual_exe_time: 21660, task_app_start_time:2430540110712946, task_sched_time:2430540821131960
app_id: 3, app_name: pulse_doppler_api-aarch64, task_id: 265, task_name: DASH_FFT, resource_name: cpu2, ref_start_time: 2430540821639021, ref_stop_time: 2430540822109301, actual_exe_time: 470280, task_app_start_time:2430540120723348, task_sched_time:2430540821631941
app_id: 1, app_name: pulse_doppler_api-aarch64, task_id: 274, task_name: DASH_FFT, resource_name: cpu3, ref_start_time: 2430540821817551, ref_stop_time: 2430540822410531, actual_exe_time: 592980, task_app_start_time:2430540100558994, task_sched_time:2430540821811941
app_id: 0, app_name: pulse_doppler_api-aarch64, task_id: 285, task_name: DASH_FFT, resource_name: fft1, ref_start_time: 2430540822291131, ref_stop_time: 2430540822316361, actual_exe_time: 25230, task_app_start_time:2430540090844933, task_sched_time:2430540822280241
app_id: 2, app_name: pulse_doppler_api-aarch64, task_id: 282, task_name: DASH_FFT, resource_name: fft2, ref_start_time: 2430540822748241, ref_stop_time: 2430540822776531, actual_exe_time: 28290, task_app_start_time:2430540110712946, task_sched_time:2430540822739961
app_id: 0, app_name: pulse_doppler_api-aarch64, task_id: 286, task_name: DASH_FFT, resource_name: cpu1, ref_start_time: 2430540823561301, ref_stop_time: 2430540823581491, actual_exe_time: 20190, task_app_start_time:2430540090844933, task_sched_time:2430540823551641
app_id: 1, app_name: pulse_doppler_api-aarch64, task_id: 275, task_name: DASH_FFT, resource_name: cpu2, ref_start_time: 2430540823927391, ref_stop_time: 2430540824391851, actual_exe_time: 464460, task_app_start_time:2430540100558994, task_sched_time:2430540823922681
app_id: 2, app_name: pulse_doppler_api-aarch64, task_id: 283, task_name: DASH_FFT, resource_name: cpu3, ref_start_time: 2430540824261561, ref_stop_time: 2430540824402321, actual_exe_time: 140760, task_app_start_time:2430540110712946, task_sched_time:2430540824257361
app_id: 0, app_name: pulse_doppler_api-aarch64, task_id: 287, task_name: DASH_FFT, resource_name: fft1, ref_start_time: 2430540824798021, ref_stop_time: 2430540825159311, actual_exe_time: 361290, task_app_start_time:2430540090844933, task_sched_time:2430540824791361
app_id: 2, app_name: pulse_doppler_api-aarch64, task_id: 284, task_name: DASH_FFT, resource_name: fft2, ref_start_time: 2430540825688061, ref_stop_time: 2430540825726521, actual_exe_time: 38460, task_app_start_time:2430540110712946, task_sched_time:2430540825685421
app_id: 1, app_name: pulse_doppler_api-aarch64, task_id: 276, task_name: DASH_FFT, resource_name: cpu1, ref_start_time: 2430540826451891, ref_stop_time: 2430540826473761, actual_exe_time: 21870, task_app_start_time:2430540100558994, task_sched_time:2430540826441841
app_id: 0, app_name: pulse_doppler_api-aarch64, task_id: 288, task_name: DASH_FFT, resource_name: cpu2, ref_start_time: 2430540827061131, ref_stop_time: 2430540827205191, actual_exe_time: 144060, task_app_start_time:2430540090844933, task_sched_time:2430540827051441
app_id: 2, app_name: pulse_doppler_api-aarch64, task_id: 285, task_name: DASH_FFT, resource_name: cpu3, ref_start_time: 2430540827168501, ref_stop_time: 2430540827191121, actual_exe_time: 22620, task_app_start_time:2430540110712946, task_sched_time:2430540827156291
app_id: 1, app_name: pulse_doppler_api-aarch64, task_id: 277, task_name: DASH_FFT, resource_name: fft1, ref_start_time: 2430540827230031, ref_stop_time: 2430540827254841, actual_exe_time: 24810, task_app_start_time:2430540100558994, task_sched_time:2430540827226701
app_id: 0, app_name: pulse_doppler_api-aarch64, task_id: 289, task_name: DASH_FFT, resource_name: fft2, ref_start_time: 2430540827837412, ref_stop_time: 2430540827863212, actual_exe_time: 25800, task_app_start_time:2430540090844933, task_sched_time:2430540827832402
app_id: 3, app_name: pulse_doppler_api-aarch64, task_id: 266, task_name: DASH_FFT, resource_name: cpu1, ref_start_time: 2430540828473922, ref_stop_time: 2430540828588822, actual_exe_time: 114900, task_app_start_time:2430540120723348, task_sched_time:2430540828465282
app_id: 1, app_name: pulse_doppler_api-aarch64, task_id: 278, task_name: DASH_FFT, resource_name: cpu2, ref_start_time: 2430540829190952, ref_stop_time: 2430540829378092, actual_exe_time: 187140, task_app_start_time:2430540100558994, task_sched_time:2430540829186602
app_id: 0, app_name: pulse_doppler_api-aarch64, task_id: 290, task_name: DASH_FFT, resource_name: cpu3, ref_start_time: 2430540830033622, ref_stop_time: 2430540830059272, actual_exe_time: 25650, task_app_start_time:2430540090844933, task_sched_time:2430540830030232
app_id: 2, app_name: pulse_doppler_api-aarch64, task_id: 286, task_name: DASH_FFT, resource_name: fft1, ref_start_time: 2430540830223162, ref_stop_time: 2430540830248482, actual_exe_time: 25320, task_app_start_time:2430540110712946, task_sched_time:2430540830210322
app_id: 3, app_name: pulse_doppler_api-aarch64, task_id: 267, task_name: DASH_FFT, resource_name: fft2, ref_start_time: 2430540830628792, ref_stop_time: 2430540830845092, actual_exe_time: 216300, task_app_start_time:2430540120723348, task_sched_time:2430540830620632
app_id: 1, app_name: pulse_doppler_api-aarch64, task_id: 279, task_name: DASH_FFT, resource_name: cpu1, ref_start_time: 2430540831249672, ref_stop_time: 2430540831566622, actual_exe_time: 316950, task_app_start_time:2430540100558994, task_sched_time:2430540831240912
app_id: 2, app_name: pulse_doppler_api-aarch64, task_id: 287, task_name: DASH_FFT, resource_name: cpu2, ref_start_time: 2430540831863802, ref_stop_time: 2430540831889032, actual_exe_time: 25230, task_app_start_time:2430540110712946, task_sched_time:2430540831859422
app_id: 0, app_name: pulse_doppler_api-aarch64, task_id: 291, task_name: DASH_FFT, resource_name: cpu3, ref_start_time: 2430540831915282, ref_stop_time: 2430540831939912, actual_exe_time: 24630, task_app_start_time:2430540090844933, task_sched_time:2430540831912492
app_id: 1, app_name: pulse_doppler_api-aarch64, task_id: 280, task_name: DASH_FFT, resource_name: fft1, ref_start_time: 2430540832849752, ref_stop_time: 2430540832875312, actual_exe_time: 25560, task_app_start_time:2430540100558994, task_sched_time:2430540832846362
app_id: 3, app_name: pulse_doppler_api-aarch64, task_id: 268, task_name: DASH_FFT, resource_name: fft2, ref_start_time: 2430540833214552, ref_stop_time: 2430540833665302, actual_exe_time: 450750, task_app_start_time:2430540120723348, task_sched_time:2430540833209602
app_id: 2, app_name: pulse_doppler_api-aarch64, task_id: 288, task_name: DASH_FFT, resource_name: cpu1, ref_start_time: 2430540834061693, ref_stop_time: 2430540834082453, actual_exe_time: 20760, task_app_start_time:2430540110712946, task_sched_time:2430540834057643
app_id: 0, app_name: pulse_doppler_api-aarch64, task_id: 292, task_name: DASH_FFT, resource_name: cpu2, ref_start_time: 2430540834532273, ref_stop_time: 2430540834670693, actual_exe_time: 138420, task_app_start_time:2430540090844933, task_sched_time:2430540834528823
app_id: 3, app_name: pulse_doppler_api-aarch64, task_id: 269, task_name: DASH_FFT, resource_name: cpu3, ref_start_time: 2430540834890953, ref_stop_time: 2430540835202803, actual_exe_time: 311850, task_app_start_time:2430540120723348, task_sched_time:2430540834883813
app_id: 2, app_name: pulse_doppler_api-aarch64, task_id: 289, task_name: DASH_FFT, resource_name: fft1, ref_start_time: 2430540835392853, ref_stop_time: 2430540835786123, actual_exe_time: 393270, task_app_start_time:2430540110712946, task_sched_time:2430540835382563
app_id: 1, app_name: pulse_doppler_api-aarch64, task_id: 281, task_name: DASH_FFT, resource_name: fft2, ref_start_time: 2430540835741813, ref_stop_time: 2430540837248773, actual_exe_time: 1506960, task_app_start_time:2430540100558994, task_sched_time:2430540835695763
app_id: 0, app_name: pulse_doppler_api-aarch64, task_id: 293, task_name: DASH_FFT, resource_name: cpu1, ref_start_time: 2430540837533863, ref_stop_time: 2430540837555763, actual_exe_time: 21900, task_app_start_time:2430540090844933, task_sched_time:2430540837530143
app_id: 3, app_name: pulse_doppler_api-aarch64, task_id: 270, task_name: DASH_FFT, resource_name: cpu2, ref_start_time: 2430540837644323, ref_stop_time: 2430540837665803, actual_exe_time: 21480, task_app_start_time:2430540120723348, task_sched_time:2430540837636403
app_id: 2, app_name: pulse_doppler_api-aarch64, task_id: 290, task_name: DASH_FFT, resource_name: cpu3, ref_start_time: 2430540837742753, ref_stop_time: 2430540837766393, actual_exe_time: 23640, task_app_start_time:2430540110712946, task_sched_time:2430540837733183
app_id: 1, app_name: pulse_doppler_api-aarch64, task_id: 282, task_name: DASH_FFT, resource_name: fft1, ref_start_time: 2430540838393423, ref_stop_time: 2430540838426243, actual_exe_time: 32820, task_app_start_time:2430540100558994, task_sched_time:2430540838389403
app_id: 0, app_name: pulse_doppler_api-aarch64, task_id: 294, task_name: DASH_FFT, resource_name: fft2, ref_start_time: 2430540839155873, ref_stop_time: 2430540839449423, actual_exe_time: 293550, task_app_start_time:2430540090844933, task_sched_time:2430540839152603
app_id: 2, app_name: pulse_doppler_api-aarch64, task_id: 291, task_name: DASH_FFT, resource_name: cpu1, ref_start_time: 2430540839937253, ref_stop_time: 2430540839958043, actual_exe_time: 20790, task_app_start_time:2430540110712946, task_sched_time:2430540839924263
app_id: 3, app_name: pulse_doppler_api-aarch64, task_id: 271, task_name: DASH_FFT, resource_name: cpu2, ref_start_time: 2430540840229813, ref_stop_time: 2430540840996554, actual_exe_time: 766741, task_app_start_time:2430540120723348, task_sched_time:2430540840220603
app_id: 1, app_name: pulse_doppler_api-aarch64, task_id: 283, task_name: DASH_FFT, resource_name: cpu3, ref_start_time: 2430540840802814, ref_stop_time: 2430540840827594, actual_exe_time: 24780, task_app_start_time:2430540100558994, task_sched_time:2430540840797894
app_id: 2, app_name: pulse_doppler_api-aarch64, task_id: 292, task_name: DASH_FFT, resource_name: fft1, ref_start_time: 2430540841142594, ref_stop_time: 2430540841516604, actual_exe_time: 374010, task_app_start_time:2430540110712946, task_sched_time:2430540841138244
app_id: 0, app_name: pulse_doppler_api-aarch64, task_id: 295, task_name: DASH_FFT, resource_name: fft2, ref_start_time: 2430540841840124, ref_stop_time: 2430540841865684, actual_exe_time: 25560, task_app_start_time:2430540090844933, task_sched_time:2430540841836314
app_id: 1, app_name: pulse_doppler_api-aarch64, task_id: 284, task_name: DASH_FFT, resource_name: cpu1, ref_start_time: 2430540842824634, ref_stop_time: 2430540842846444, actual_exe_time: 21810, task_app_start_time:2430540100558994, task_sched_time:2430540842816024
app_id: 3, app_name: pulse_doppler_api-aarch64, task_id: 272, task_name: DASH_FFT, resource_name: cpu2, ref_start_time: 2430540843399794, ref_stop_time: 2430540843586754, actual_exe_time: 186960, task_app_start_time:2430540120723348, task_sched_time:2430540843394754
app_id: 0, app_name: pulse_doppler_api-aarch64, task_id: 296, task_name: DASH_FFT, resource_name: cpu3, ref_start_time: 2430540843727604, ref_stop_time: 2430540844162184, actual_exe_time: 434580, task_app_start_time:2430540090844933, task_sched_time:2430540843693884
app_id: 1, app_name: pulse_doppler_api-aarch64, task_id: 285, task_name: DASH_FFT, resource_name: fft1, ref_start_time: 2430540844023854, ref_stop_time: 2430540844603934, actual_exe_time: 580080, task_app_start_time:2430540100558994, task_sched_time:2430540844016984
app_id: 2, app_name: pulse_doppler_api-aarch64, task_id: 293, task_name: DASH_FFT, resource_name: fft2, ref_start_time: 2430540845051624, ref_stop_time: 2430540845090024, actual_exe_time: 38400, task_app_start_time:2430540110712946, task_sched_time:2430540845047424
app_id: 0, app_name: pulse_doppler_api-aarch64, task_id: 297, task_name: DASH_FFT, resource_name: cpu1, ref_start_time: 2430540845412104, ref_stop_time: 2430540845605754, actual_exe_time: 193650, task_app_start_time:2430540090844933, task_sched_time:2430540845408174
app_id: 1, app_name: pulse_doppler_api-aarch64, task_id: 286, task_name: DASH_FFT, resource_name: cpu2, ref_start_time: 2430540845522114, ref_stop_time: 2430540845833964, actual_exe_time: 311850, task_app_start_time:2430540100558994, task_sched_time:2430540845510234
app_id: 3, app_name: pulse_doppler_api-aarch64, task_id: 273, task_name: DASH_FFT, resource_name: cpu3, ref_start_time: 2430540846241034, ref_stop_time: 2430540846265934, actual_exe_time: 24900, task_app_start_time:2430540120723348, task_sched_time:2430540846237554
app_id: 1, app_name: pulse_doppler_api-aarch64, task_id: 287, task_name: DASH_FFT, resource_name: fft1, ref_start_time: 2430540846655095, ref_stop_time: 2430540846690315, actual_exe_time: 35220, task_app_start_time:2430540100558994, task_sched_time:2430540846642885
app_id: 0, app_name: pulse_doppler_api-aarch64, task_id: 298, task_name: DASH_FFT, resource_name: fft2, ref_start_time: 2430540847217715, ref_stop_time: 2430540847243605, actual_exe_time: 25890, task_app_start_time:2430540090844933, task_sched_time:2430540847213965
app_id: 3, app_name: pulse_doppler_api-aarch64, task_id: 274, task_name: DASH_FFT, resource_name: cpu1, ref_start_time: 2430540848080995, ref_stop_time: 2430540848102115, actual_exe_time: 21120, task_app_start_time:2430540120723348, task_sched_time:2430540848067795
app_id: 2, app_name: pulse_doppler_api-aarch64, task_id: 294, task_name: DASH_FFT, resource_name: cpu2, ref_start_time: 2430540848459445, ref_stop_time: 2430540848623755, actual_exe_time: 164310, task_app_start_time:2430540110712946, task_sched_time:2430540848453025
app_id: 1, app_name: pulse_doppler_api-aarch64, task_id: 288, task_name: DASH_FFT, resource_name: cpu3, ref_start_time: 2430540848814465, ref_stop_time: 2430540849269385, actual_exe_time: 454920, task_app_start_time:2430540100558994, task_sched_time:2430540848805975
app_id: 3, app_name: pulse_doppler_api-aarch64, task_id: 275, task_name: DASH_FFT, resource_name: fft1, ref_start_time: 2430540849175425, ref_stop_time: 2430540849440625, actual_exe_time: 265200, task_app_start_time:2430540120723348, task_sched_time:2430540849163695
app_id: 0, app_name: pulse_doppler_api-aarch64, task_id: 299, task_name: DASH_FFT, resource_name: fft2, ref_start_time: 2430540850237275, ref_stop_time: 2430540850470855, actual_exe_time: 233580, task_app_start_time:2430540090844933, task_sched_time:2430540850230735
app_id: 3, app_name: pulse_doppler_api-aarch64, task_id: 276, task_name: DASH_FFT, resource_name: cpu1, ref_start_time: 2430540851232645, ref_stop_time: 2430540851253765, actual_exe_time: 21120, task_app_start_time:2430540120723348, task_sched_time:2430540851223465
app_id: 2, app_name: pulse_doppler_api-aarch64, task_id: 295, task_name: DASH_FFT, resource_name: cpu2, ref_start_time: 2430540852589095, ref_stop_time: 2430540852614265, actual_exe_time: 25170, task_app_start_time:2430540110712946, task_sched_time:2430540852582045
app_id: 0, app_name: pulse_doppler_api-aarch64, task_id: 300, task_name: DASH_FFT, resource_name: cpu3, ref_start_time: 2430540852984736, ref_stop_time: 2430540853320226, actual_exe_time: 335490, task_app_start_time:2430540090844933, task_sched_time:2430540852981586
app_id: 3, app_name: pulse_doppler_api-aarch64, task_id: 277, task_name: DASH_FFT, resource_name: fft1, ref_start_time: 2430540853563286, ref_stop_time: 2430540853588726, actual_exe_time: 25440, task_app_start_time:2430540120723348, task_sched_time:2430540853550176
app_id: 1, app_name: pulse_doppler_api-aarch64, task_id: 289, task_name: DASH_FFT, resource_name: fft2, ref_start_time: 2430540853605616, ref_stop_time: 2430540853746616, actual_exe_time: 141000, task_app_start_time:2430540100558994, task_sched_time:2430540853598836
app_id: 2, app_name: pulse_doppler_api-aarch64, task_id: 296, task_name: DASH_FFT, resource_name: cpu1, ref_start_time: 2430540854721466, ref_stop_time: 2430540854742976, actual_exe_time: 21510, task_app_start_time:2430540110712946, task_sched_time:2430540854718316
app_id: 1, app_name: pulse_doppler_api-aarch64, task_id: 290, task_name: DASH_FFT, resource_name: cpu2, ref_start_time: 2430540854997226, ref_stop_time: 2430540855210916, actual_exe_time: 213690, task_app_start_time:2430540100558994, task_sched_time:2430540854994526
app_id: 3, app_name: pulse_doppler_api-aarch64, task_id: 278, task_name: DASH_FFT, resource_name: cpu3, ref_start_time: 2430540855866806, ref_stop_time: 2430540855892426, actual_exe_time: 25620, task_app_start_time:2430540120723348, task_sched_time:2430540855863806
app_id: 2, app_name: pulse_doppler_api-aarch64, task_id: 297, task_name: DASH_FFT, resource_name: fft1, ref_start_time: 2430540856291876, ref_stop_time: 2430540856508086, actual_exe_time: 216210, task_app_start_time:2430540110712946, task_sched_time:2430540856279396
app_id: 1, app_name: pulse_doppler_api-aarch64, task_id: 291, task_name: DASH_FFT, resource_name: fft2, ref_start_time: 2430540856682326, ref_stop_time: 2430540856978636, actual_exe_time: 296310, task_app_start_time:2430540100558994, task_sched_time:2430540856675216
app_id: 3, app_name: pulse_doppler_api-aarch64, task_id: 279, task_name: DASH_FFT, resource_name: cpu1, ref_start_time: 2430540857481496, ref_stop_time: 2430540857502106, actual_exe_time: 20610, task_app_start_time:2430540120723348, task_sched_time:2430540857477116
app_id: 0, app_name: pulse_doppler_api-aarch64, task_id: 301, task_name: DASH_FFT, resource_name: cpu2, ref_start_time: 2430540857569426, ref_stop_time: 2430540858313546, actual_exe_time: 744120, task_app_start_time:2430540090844933, task_sched_time:2430540857566396
app_id: 2, app_name: pulse_doppler_api-aarch64, task_id: 298, task_name: DASH_FFT, resource_name: cpu3, ref_start_time: 2430540858097516, ref_stop_time: 2430540858119656, actual_exe_time: 22140, task_app_start_time:2430540110712946, task_sched_time:2430540858094576
app_id: 3, app_name: pulse_doppler_api-aarch64, task_id: 280, task_name: DASH_FFT, resource_name: fft1, ref_start_time: 2430540858208606, ref_stop_time: 2430540858233506, actual_exe_time: 24900, task_app_start_time:2430540120723348, task_sched_time:2430540858197896
app_id: 1, app_name: pulse_doppler_api-aarch64, task_id: 292, task_name: DASH_FFT, resource_name: fft2, ref_start_time: 2430540858867886, ref_stop_time: 2430540858893267, actual_exe_time: 25381, task_app_start_time:2430540100558994, task_sched_time:2430540858861766
app_id: 0, app_name: pulse_doppler_api-aarch64, task_id: 302, task_name: DASH_FFT, resource_name: cpu1, ref_start_time: 2430540859782377, ref_stop_time: 2430540859804067, actual_exe_time: 21690, task_app_start_time:2430540090844933, task_sched_time:2430540859768487
app_id: 3, app_name: pulse_doppler_api-aarch64, task_id: 281, task_name: DASH_FFT, resource_name: cpu2, ref_start_time: 2430540860428427, ref_stop_time: 2430540860609567, actual_exe_time: 181140, task_app_start_time:2430540120723348, task_sched_time:2430540860418287
app_id: 1, app_name: pulse_doppler_api-aarch64, task_id: 293, task_name: DASH_FFT, resource_name: cpu3, ref_start_time: 2430540861110597, ref_stop_time: 2430540861136727, actual_exe_time: 26130, task_app_start_time:2430540100558994, task_sched_time:2430540861097697
app_id: 2, app_name: pulse_doppler_api-aarch64, task_id: 299, task_name: DASH_FFT, resource_name: fft1, ref_start_time: 2430540861174557, ref_stop_time: 2430540861209357, actual_exe_time: 34800, task_app_start_time:2430540110712946, task_sched_time:2430540861168677
app_id: 0, app_name: pulse_doppler_api-aarch64, task_id: 303, task_name: DASH_FFT, resource_name: fft2, ref_start_time: 2430540861221327, ref_stop_time: 2430540861552977, actual_exe_time: 331650, task_app_start_time:2430540090844933, task_sched_time:2430540861215957
app_id: 0, app_name: pulse_doppler_api-aarch64, task_id: 304, task_name: DASH_FFT, resource_name: cpu1, ref_start_time: 2430540862697657, ref_stop_time: 2430540862718777, actual_exe_time: 21120, task_app_start_time:2430540090844933, task_sched_time:2430540862689917
app_id: 3, app_name: pulse_doppler_api-aarch64, task_id: 282, task_name: DASH_FFT, resource_name: cpu2, ref_start_time: 2430540863219657, ref_stop_time: 2430540863531537, actual_exe_time: 311880, task_app_start_time:2430540120723348, task_sched_time:2430540863215997
app_id: 2, app_name: pulse_doppler_api-aarch64, task_id: 300, task_name: DASH_FFT, resource_name: cpu3, ref_start_time: 2430540863714807, ref_stop_time: 2430540863736677, actual_exe_time: 21870, task_app_start_time:2430540110712946, task_sched_time:2430540863712017
app_id: 1, app_name: pulse_doppler_api-aarch64, task_id: 294, task_name: DASH_FFT, resource_name: fft1, ref_start_time: 2430540863941427, ref_stop_time: 2430540863968127, actual_exe_time: 26700, task_app_start_time:2430540100558994, task_sched_time:2430540863929397
app_id: 0, app_name: pulse_doppler_api-aarch64, task_id: 305, task_name: DASH_FFT, resource_name: fft2, ref_start_time: 2430540864556637, ref_stop_time: 2430540864667217, actual_exe_time: 110580, task_app_start_time:2430540090844933, task_sched_time:2430540864552587
app_id: 1, app_name: pulse_doppler_api-aarch64, task_id: 295, task_name: DASH_FFT, resource_name: cpu1, ref_start_time: 2430540865816188, ref_stop_time: 2430540865836828, actual_exe_time: 20640, task_app_start_time:2430540100558994, task_sched_time:2430540865803798
app_id: 3, app_name: pulse_doppler_api-aarch64, task_id: 283, task_name: DASH_FFT, resource_name: cpu2, ref_start_time: 2430540865907688, ref_stop_time: 2430540866151348, actual_exe_time: 243660, task_app_start_time:2430540120723348, task_sched_time:2430540865901328
app_id: 1, app_name: pulse_doppler_api-aarch64, task_id: 296, task_name: DASH_FFT, resource_name: cpu3, ref_start_time: 2430540866621058, ref_stop_time: 2430540866647368, actual_exe_time: 26310, task_app_start_time:2430540100558994, task_sched_time:2430540866615988
app_id: 2, app_name: pulse_doppler_api-aarch64, task_id: 301, task_name: DASH_FFT, resource_name: fft1, ref_start_time: 2430540866985978, ref_stop_time: 2430540867011748, actual_exe_time: 25770, task_app_start_time:2430540110712946, task_sched_time:2430540866972328
app_id: 2, app_name: pulse_doppler_api-aarch64, task_id: 302, task_name: DASH_FFT, resource_name: fft2, ref_start_time: 2430540867387798, ref_stop_time: 2430540867425418, actual_exe_time: 37620, task_app_start_time:2430540110712946, task_sched_time:2430540867381498
app_id: 0, app_name: pulse_doppler_api-aarch64, task_id: 306, task_name: DASH_FFT, resource_name: cpu1, ref_start_time: 2430540868238598, ref_stop_time: 2430540868259928, actual_exe_time: 21330, task_app_start_time:2430540090844933, task_sched_time:2430540868234728
app_id: 3, app_name: pulse_doppler_api-aarch64, task_id: 284, task_name: DASH_FFT, resource_name: cpu2, ref_start_time: 2430540868562358, ref_stop_time: 2430540868832448, actual_exe_time: 270090, task_app_start_time:2430540120723348, task_sched_time:2430540868552638
app_id: 2, app_name: pulse_doppler_api-aarch64, task_id: 303, task_name: DASH_FFT, resource_name: cpu3, ref_start_time: 2430540869024238, ref_stop_time: 2430540869478888, actual_exe_time: 454650, task_app_start_time:2430540110712946, task_sched_time:2430540869017488
app_id: 0, app_name: pulse_doppler_api-aarch64, task_id: 307, task_name: DASH_FFT, resource_name: fft1, ref_start_time: 2430540869391378, ref_stop_time: 2430540869618358, actual_exe_time: 226980, task_app_start_time:2430540090844933, task_sched_time:2430540869376408
app_id: 1, app_name: pulse_doppler_api-aarch64, task_id: 297, task_name: DASH_FFT, resource_name: fft2, ref_start_time: 2430540870084678, ref_stop_time: 2430540870183918, actual_exe_time: 99240, task_app_start_time:2430540100558994, task_sched_time:2430540870077808
app_id: 2, app_name: pulse_doppler_api-aarch64, task_id: 304, task_name: DASH_FFT, resource_name: cpu1, ref_start_time: 2430540870764688, ref_stop_time: 2430540870785358, actual_exe_time: 20670, task_app_start_time:2430540110712946, task_sched_time:2430540870761268
app_id: 3, app_name: pulse_doppler_api-aarch64, task_id: 285, task_name: DASH_FFT, resource_name: cpu2, ref_start_time: 2430540871134558, ref_stop_time: 2430540871314649, actual_exe_time: 180091, task_app_start_time:2430540120723348, task_sched_time:2430540871126938
app_id: 1, app_name: pulse_doppler_api-aarch64, task_id: 298, task_name: DASH_FFT, resource_name: cpu3, ref_start_time: 2430540871474939, ref_stop_time: 2430540871870969, actual_exe_time: 396030, task_app_start_time:2430540100558994, task_sched_time:2430540871472029
app_id: 2, app_name: pulse_doppler_api-aarch64, task_id: 305, task_name: DASH_FFT, resource_name: fft1, ref_start_time: 2430540871761349, ref_stop_time: 2430540871980769, actual_exe_time: 219420, task_app_start_time:2430540110712946, task_sched_time:2430540871756399
app_id: 3, app_name: pulse_doppler_api-aarch64, task_id: 286, task_name: DASH_FFT, resource_name: fft2, ref_start_time: 2430540872275099, ref_stop_time: 2430540872787649, actual_exe_time: 512550, task_app_start_time:2430540120723348, task_sched_time:2430540872272039
app_id: 1, app_name: pulse_doppler_api-aarch64, task_id: 299, task_name: DASH_FFT, resource_name: cpu1, ref_start_time: 2430540873331969, ref_stop_time: 2430540873353779, actual_exe_time: 21810, task_app_start_time:2430540100558994, task_sched_time:2430540873325129
app_id: 2, app_name: pulse_doppler_api-aarch64, task_id: 306, task_name: DASH_FFT, resource_name: cpu2, ref_start_time: 2430540873381349, ref_stop_time: 2430540873405799, actual_exe_time: 24450, task_app_start_time:2430540110712946, task_sched_time:2430540873373789
app_id: 0, app_name: pulse_doppler_api-aarch64, task_id: 308, task_name: DASH_FFT, resource_name: cpu3, ref_start_time: 2430540873498799, ref_stop_time: 2430540873525109, actual_exe_time: 26310, task_app_start_time:2430540090844933, task_sched_time:2430540873487159
app_id: 3, app_name: pulse_doppler_api-aarch64, task_id: 287, task_name: DASH_FFT, resource_name: fft1, ref_start_time: 2430540873903229, ref_stop_time: 2430540873937909, actual_exe_time: 34680, task_app_start_time:2430540120723348, task_sched_time:2430540873891469
app_id: 1, app_name: pulse_doppler_api-aarch64, task_id: 300, task_name: DASH_FFT, resource_name: fft2, ref_start_time: 2430540874796119, ref_stop_time: 2430540874823269, actual_exe_time: 27150, task_app_start_time:2430540100558994, task_sched_time:2430540874789549
app_id: 2, app_name: pulse_doppler_api-aarch64, task_id: 307, task_name: DASH_FFT, resource_name: cpu1, ref_start_time: 2430540875744179, ref_stop_time: 2430540875764759, actual_exe_time: 20580, task_app_start_time:2430540110712946, task_sched_time:2430540875734909
app_id: 0, app_name: pulse_doppler_api-aarch64, task_id: 309, task_name: DASH_FFT, resource_name: cpu2, ref_start_time: 2430540876211039, ref_stop_time: 2430540876399979, actual_exe_time: 188940, task_app_start_time:2430540090844933, task_sched_time:2430540876202369
app_id: 1, app_name: pulse_doppler_api-aarch64, task_id: 301, task_name: DASH_FFT, resource_name: cpu3, ref_start_time: 2430540876589639, ref_stop_time: 2430540877098109, actual_exe_time: 508470, task_app_start_time:2430540100558994, task_sched_time:2430540876584899
app_id: 2, app_name: pulse_doppler_api-aarch64, task_id: 308, task_name: DASH_FFT, resource_name: fft1, ref_start_time: 2430540876783919, ref_stop_time: 2430540877202209, actual_exe_time: 418290, task_app_start_time:2430540110712946, task_sched_time:2430540876772489
app_id: 0, app_name: pulse_doppler_api-aarch64, task_id: 310, task_name: DASH_FFT, resource_name: fft2, ref_start_time: 2430540877384939, ref_stop_time: 2430540877689620, actual_exe_time: 304681, task_app_start_time:2430540090844933, task_sched_time:2430540877316899
app_id: 3, app_name: pulse_doppler_api-aarch64, task_id: 288, task_name: DASH_FFT, resource_name: cpu1, ref_start_time: 2430540878539340, ref_stop_time: 2430540878559890, actual_exe_time: 20550, task_app_start_time:2430540120723348, task_sched_time:2430540878528360
app_id: 1, app_name: pulse_doppler_api-aarch64, task_id: 302, task_name: DASH_FFT, resource_name: cpu2, ref_start_time: 2430540878911160, ref_stop_time: 2430540878933660, actual_exe_time: 22500, task_app_start_time:2430540100558994, task_sched_time:2430540878906510
app_id: 0, app_name: pulse_doppler_api-aarch64, task_id: 311, task_name: DASH_FFT, resource_name: cpu3, ref_start_time: 2430540878943200, ref_stop_time: 2430540879218840, actual_exe_time: 275640, task_app_start_time:2430540090844933, task_sched_time:2430540878940080
app_id: 2, app_name: pulse_doppler_api-aarch64, task_id: 309, task_name: DASH_FFT, resource_name: fft1, ref_start_time: 2430540878981390, ref_stop_time: 2430540879295970, actual_exe_time: 314580, task_app_start_time:2430540110712946, task_sched_time:2430540878968820
app_id: 3, app_name: pulse_doppler_api-aarch64, task_id: 289, task_name: DASH_FFT, resource_name: fft2, ref_start_time: 2430540879004940, ref_stop_time: 2430540879029870, actual_exe_time: 24930, task_app_start_time:2430540120723348, task_sched_time:2430540878997800
app_id: 1, app_name: pulse_doppler_api-aarch64, task_id: 303, task_name: DASH_FFT, resource_name: cpu1, ref_start_time: 2430540880121120, ref_stop_time: 2430540880142480, actual_exe_time: 21360, task_app_start_time:2430540100558994, task_sched_time:2430540880115840
app_id: 0, app_name: pulse_doppler_api-aarch64, task_id: 312, task_name: DASH_FFT, resource_name: cpu2, ref_start_time: 2430540880573250, ref_stop_time: 2430540880966640, actual_exe_time: 393390, task_app_start_time:2430540090844933, task_sched_time:2430540880568150
app_id: 3, app_name: pulse_doppler_api-aarch64, task_id: 290, task_name: DASH_FFT, resource_name: cpu3, ref_start_time: 2430540881280140, ref_stop_time: 2430540881467550, actual_exe_time: 187410, task_app_start_time:2430540120723348, task_sched_time:2430540881274650
app_id: 2, app_name: pulse_doppler_api-aarch64, task_id: 310, task_name: DASH_FFT, resource_name: fft1, ref_start_time: 2430540881595080, ref_stop_time: 2430540882100130, actual_exe_time: 505050, task_app_start_time:2430540110712946, task_sched_time:2430540881590010
app_id: 0, app_name: pulse_doppler_api-aarch64, task_id: 313, task_name: DASH_FFT, resource_name: fft2, ref_start_time: 2430540881989280, ref_stop_time: 2430540882225320, actual_exe_time: 236040, task_app_start_time:2430540090844933, task_sched_time:2430540881946770
app_id: 1, app_name: pulse_doppler_api-aarch64, task_id: 304, task_name: DASH_FFT, resource_name: cpu1, ref_start_time: 2430540883029710, ref_stop_time: 2430540883050770, actual_exe_time: 21060, task_app_start_time:2430540100558994, task_sched_time:2430540883015850
app_id: 2, app_name: pulse_doppler_api-aarch64, task_id: 311, task_name: DASH_FFT, resource_name: cpu2, ref_start_time: 2430540885210561, ref_stop_time: 2430540885236661, actual_exe_time: 26100, task_app_start_time:2430540110712946, task_sched_time:2430540885202431
app_id: 3, app_name: pulse_doppler_api-aarch64, task_id: 291, task_name: DASH_FFT, resource_name: cpu3, ref_start_time: 2430540885481011, ref_stop_time: 2430540885838161, actual_exe_time: 357150, task_app_start_time:2430540120723348, task_sched_time:2430540885476121
app_id: 0, app_name: pulse_doppler_api-aarch64, task_id: 314, task_name: DASH_FFT, resource_name: fft1, ref_start_time: 2430540885706461, ref_stop_time: 2430540885944271, actual_exe_time: 237810, task_app_start_time:2430540090844933, task_sched_time:2430540885701661
app_id: 2, app_name: pulse_doppler_api-aarch64, task_id: 312, task_name: DASH_FFT, resource_name: fft2, ref_start_time: 2430540886329381, ref_stop_time: 2430540886358181, actual_exe_time: 28800, task_app_start_time:2430540110712946, task_sched_time:2430540886324911
app_id: 0, app_name: pulse_doppler_api-aarch64, task_id: 315, task_name: DASH_FFT, resource_name: cpu1, ref_start_time: 2430540886749591, ref_stop_time: 2430540886770531, actual_exe_time: 20940, task_app_start_time:2430540090844933, task_sched_time:2430540886744851
app_id: 1, app_name: pulse_doppler_api-aarch64, task_id: 305, task_name: DASH_FFT, resource_name: cpu2, ref_start_time: 2430540887097651, ref_stop_time: 2430540887497161, actual_exe_time: 399510, task_app_start_time:2430540100558994, task_sched_time:2430540887091411
app_id: 2, app_name: pulse_doppler_api-aarch64, task_id: 313, task_name: DASH_FFT, resource_name: cpu3, ref_start_time: 2430540887701521, ref_stop_time: 2430540887723721, actual_exe_time: 22200, task_app_start_time:2430540110712946, task_sched_time:2430540887694021
app_id: 3, app_name: pulse_doppler_api-aarch64, task_id: 292, task_name: DASH_FFT, resource_name: fft1, ref_start_time: 2430540888481341, ref_stop_time: 2430540888506151, actual_exe_time: 24810, task_app_start_time:2430540120723348, task_sched_time:2430540888468591
app_id: 0, app_name: pulse_doppler_api-aarch64, task_id: 316, task_name: DASH_FFT, resource_name: fft2, ref_start_time: 2430540889019241, ref_stop_time: 2430540889209651, actual_exe_time: 190410, task_app_start_time:2430540090844933, task_sched_time:2430540889012281
app_id: 2, app_name: pulse_doppler_api-aarch64, task_id: 314, task_name: DASH_FFT, resource_name: cpu1, ref_start_time: 2430540890278642, ref_stop_time: 2430540890300242, actual_exe_time: 21600, task_app_start_time:2430540110712946, task_sched_time:2430540890269162
app_id: 1, app_name: pulse_doppler_api-aarch64, task_id: 306, task_name: DASH_FFT, resource_name: cpu2, ref_start_time: 2430540890627452, ref_stop_time: 2430540891077002, actual_exe_time: 449550, task_app_start_time:2430540100558994, task_sched_time:2430540890624302
app_id: 3, app_name: pulse_doppler_api-aarch64, task_id: 293, task_name: DASH_FFT, resource_name: cpu3, ref_start_time: 2430540890874862, ref_stop_time: 2430540891062842, actual_exe_time: 187980, task_app_start_time:2430540120723348, task_sched_time:2430540890853382
app_id: 0, app_name: pulse_doppler_api-aarch64, task_id: 317, task_name: DASH_FFT, resource_name: fft1, ref_start_time: 2430540891788662, ref_stop_time: 2430540891833392, actual_exe_time: 44730, task_app_start_time:2430540090844933, task_sched_time:2430540891783472
app_id: 3, app_name: pulse_doppler_api-aarch64, task_id: 294, task_name: DASH_FFT, resource_name: fft2, ref_start_time: 2430540892178452, ref_stop_time: 2430540892359322, actual_exe_time: 180870, task_app_start_time:2430540120723348, task_sched_time:2430540892171672
app_id: 1, app_name: pulse_doppler_api-aarch64, task_id: 307, task_name: DASH_FFT, resource_name: cpu1, ref_start_time: 2430540892855042, ref_stop_time: 2430540892875472, actual_exe_time: 20430, task_app_start_time:2430540100558994, task_sched_time:2430540892850902
app_id: 3, app_name: pulse_doppler_api-aarch64, task_id: 295, task_name: DASH_FFT, resource_name: cpu2, ref_start_time: 2430540892928452, ref_stop_time: 2430540892949392, actual_exe_time: 20940, task_app_start_time:2430540120723348, task_sched_time:2430540892925302
app_id: 1, app_name: pulse_doppler_api-aarch64, task_id: 308, task_name: DASH_FFT, resource_name: cpu3, ref_start_time: 2430540893570962, ref_stop_time: 2430540893596462, actual_exe_time: 25500, task_app_start_time:2430540100558994, task_sched_time:2430540893564452
app_id: 2, app_name: pulse_doppler_api-aarch64, task_id: 315, task_name: DASH_FFT, resource_name: fft1, ref_start_time: 2430540893926312, ref_stop_time: 2430540894910492, actual_exe_time: 984180, task_app_start_time:2430540110712946, task_sched_time:2430540893916172
app_id: 3, app_name: pulse_doppler_api-aarch64, task_id: 296, task_name: DASH_FFT, resource_name: fft2, ref_start_time: 2430540894385462, ref_stop_time: 2430540895042342, actual_exe_time: 656880, task_app_start_time:2430540120723348, task_sched_time:2430540894381772
app_id: 0, app_name: pulse_doppler_api-aarch64, task_id: 318, task_name: DASH_FFT, resource_name: cpu1, ref_start_time: 2430540895247152, ref_stop_time: 2430540895268032, actual_exe_time: 20880, task_app_start_time:2430540090844933, task_sched_time:2430540895234072
app_id: 1, app_name: pulse_doppler_api-aarch64, task_id: 309, task_name: DASH_FFT, resource_name: cpu2, ref_start_time: 2430540895939792, ref_stop_time: 2430540896203853, actual_exe_time: 264061, task_app_start_time:2430540100558994, task_sched_time:2430540895935322
app_id: 0, app_name: pulse_doppler_api-aarch64, task_id: 319, task_name: DASH_FFT, resource_name: cpu3, ref_start_time: 2430540896720513, ref_stop_time: 2430540896745203, actual_exe_time: 24690, task_app_start_time:2430540090844933, task_sched_time:2430540896712143
app_id: 0, app_name: pulse_doppler_api-aarch64, task_id: 320, task_name: DASH_FFT, resource_name: fft1, ref_start_time: 2430540897037463, ref_stop_time: 2430540897072383, actual_exe_time: 34920, task_app_start_time:2430540090844933, task_sched_time:2430540897032543
app_id: 3, app_name: pulse_doppler_api-aarch64, task_id: 297, task_name: DASH_FFT, resource_name: fft2, ref_start_time: 2430540897221843, ref_stop_time: 2430540897673133, actual_exe_time: 451290, task_app_start_time:2430540120723348, task_sched_time:2430540897216833
app_id: 2, app_name: pulse_doppler_api-aarch64, task_id: 316, task_name: DASH_FFT, resource_name: cpu1, ref_start_time: 2430540898130243, ref_stop_time: 2430540898150703, actual_exe_time: 20460, task_app_start_time:2430540110712946, task_sched_time:2430540898122533
app_id: 1, app_name: pulse_doppler_api-aarch64, task_id: 310, task_name: DASH_FFT, resource_name: cpu2, ref_start_time: 2430540898506773, ref_stop_time: 2430540898642313, actual_exe_time: 135540, task_app_start_time:2430540100558994, task_sched_time:2430540898466693
app_id: 0, app_name: pulse_doppler_api-aarch64, task_id: 321, task_name: DASH_FFT, resource_name: cpu3, ref_start_time: 2430540899107253, ref_stop_time: 2430540899131913, actual_exe_time: 24660, task_app_start_time:2430540090844933, task_sched_time:2430540899102423
app_id: 2, app_name: pulse_doppler_api-aarch64, task_id: 317, task_name: DASH_FFT, resource_name: fft1, ref_start_time: 2430540899581403, ref_stop_time: 2430540899616533, actual_exe_time: 35130, task_app_start_time:2430540110712946, task_sched_time:2430540899573003
app_id: 1, app_name: pulse_doppler_api-aarch64, task_id: 311, task_name: DASH_FFT, resource_name: fft2, ref_start_time: 2430540899853533, ref_stop_time: 2430540899896523, actual_exe_time: 42990, task_app_start_time:2430540100558994, task_sched_time:2430540899680883
app_id: 2, app_name: pulse_doppler_api-aarch64, task_id: 318, task_name: DASH_FFT, resource_name: cpu1, ref_start_time: 2430540899889653, ref_stop_time: 2430540900138143, actual_exe_time: 248490, task_app_start_time:2430540110712946, task_sched_time:2430540899879753
app_id: 1, app_name: pulse_doppler_api-aarch64, task_id: 312, task_name: DASH_FFT, resource_name: cpu2, ref_start_time: 2430540901116413, ref_stop_time: 2430540901138163, actual_exe_time: 21750, task_app_start_time:2430540100558994, task_sched_time:2430540901111643
app_id: 0, app_name: pulse_doppler_api-aarch64, task_id: 322, task_name: DASH_FFT, resource_name: cpu3, ref_start_time: 2430540901578893, ref_stop_time: 2430540901608353, actual_exe_time: 29460, task_app_start_time:2430540090844933, task_sched_time:2430540901536503
app_id: 2, app_name: pulse_doppler_api-aarch64, task_id: 319, task_name: DASH_FFT, resource_name: fft1, ref_start_time: 2430540901851863, ref_stop_time: 2430540902270033, actual_exe_time: 418170, task_app_start_time:2430540110712946, task_sched_time:2430540901839023
app_id: 3, app_name: pulse_doppler_api-aarch64, task_id: 298, task_name: DASH_FFT, resource_name: fft2, ref_start_time: 2430540902409774, ref_stop_time: 2430540902436144, actual_exe_time: 26370, task_app_start_time:2430540120723348, task_sched_time:2430540902406024
app_id: 1, app_name: pulse_doppler_api-aarch64, task_id: 313, task_name: DASH_FFT, resource_name: cpu1, ref_start_time: 2430540903386034, ref_stop_time: 2430540903406704, actual_exe_time: 20670, task_app_start_time:2430540100558994, task_sched_time:2430540903373644
app_id: 2, app_name: pulse_doppler_api-aarch64, task_id: 320, task_name: DASH_FFT, resource_name: cpu2, ref_start_time: 2430540903653964, ref_stop_time: 2430540903679074, actual_exe_time: 25110, task_app_start_time:2430540110712946, task_sched_time:2430540903648624
app_id: 0, app_name: pulse_doppler_api-aarch64, task_id: 323, task_name: DASH_FFT, resource_name: cpu3, ref_start_time: 2430540903864024, ref_stop_time: 2430540903889374, actual_exe_time: 25350, task_app_start_time:2430540090844933, task_sched_time:2430540903860364
app_id: 3, app_name: pulse_doppler_api-aarch64, task_id: 299, task_name: DASH_FFT, resource_name: fft1, ref_start_time: 2430540904227264, ref_stop_time: 2430540904262334, actual_exe_time: 35070, task_app_start_time:2430540120723348, task_sched_time:2430540904215954
app_id: 0, app_name: pulse_doppler_api-aarch64, task_id: 324, task_name: DASH_FFT, resource_name: fft2, ref_start_time: 2430540905129214, ref_stop_time: 2430540905155164, actual_exe_time: 25950, task_app_start_time:2430540090844933, task_sched_time:2430540905120004
app_id: 2, app_name: pulse_doppler_api-aarch64, task_id: 321, task_name: DASH_FFT, resource_name: cpu1, ref_start_time: 2430540905894274, ref_stop_time: 2430540905915244, actual_exe_time: 20970, task_app_start_time:2430540110712946, task_sched_time:2430540905880264
app_id: 1, app_name: pulse_doppler_api-aarch64, task_id: 314, task_name: DASH_FFT, resource_name: cpu2, ref_start_time: 2430540906200154, ref_stop_time: 2430540906576144, actual_exe_time: 375990, task_app_start_time:2430540100558994, task_sched_time:2430540906193254
app_id: 2, app_name: pulse_doppler_api-aarch64, task_id: 322, task_name: DASH_FFT, resource_name: cpu3, ref_start_time: 2430540906612684, ref_stop_time: 2430540906634554, actual_exe_time: 21870, task_app_start_time:2430540110712946, task_sched_time:2430540906595494
app_id: 0, app_name: pulse_doppler_api-aarch64, task_id: 325, task_name: DASH_FFT, resource_name: fft1, ref_start_time: 2430540906813234, ref_stop_time: 2430540907447254, actual_exe_time: 634020, task_app_start_time:2430540090844933, task_sched_time:2430540906801174
app_id: 3, app_name: pulse_doppler_api-aarch64, task_id: 300, task_name: DASH_FFT, resource_name: fft2, ref_start_time: 2430540906865704, ref_stop_time: 2430540906965154, actual_exe_time: 99450, task_app_start_time:2430540120723348, task_sched_time:2430540906855624
app_id: 2, app_name: pulse_doppler_api-aarch64, task_id: 323, task_name: DASH_FFT, resource_name: cpu1, ref_start_time: 2430540908131044, ref_stop_time: 2430540908152764, actual_exe_time: 21720, task_app_start_time:2430540110712946, task_sched_time:2430540908123754
app_id: 1, app_name: pulse_doppler_api-aarch64, task_id: 315, task_name: DASH_FFT, resource_name: cpu2, ref_start_time: 2430540908446554, ref_stop_time: 2430540908960785, actual_exe_time: 514231, task_app_start_time:2430540100558994, task_sched_time:2430540908442384
app_id: 0, app_name: pulse_doppler_api-aarch64, task_id: 326, task_name: DASH_FFT, resource_name: cpu3, ref_start_time: 2430540908793475, ref_stop_time: 2430540909373585, actual_exe_time: 580110, task_app_start_time:2430540090844933, task_sched_time:2430540908790505
app_id: 2, app_name: pulse_doppler_api-aarch64, task_id: 324, task_name: DASH_FFT, resource_name: fft1, ref_start_time: 2430540909145105, ref_stop_time: 2430540909822265, actual_exe_time: 677160, task_app_start_time:2430540110712946, task_sched_time:2430540909133705
app_id: 3, app_name: pulse_doppler_api-aarch64, task_id: 301, task_name: DASH_FFT, resource_name: fft2, ref_start_time: 2430540910305835, ref_stop_time: 2430540910331755, actual_exe_time: 25920, task_app_start_time:2430540120723348, task_sched_time:2430540910302505
app_id: 2, app_name: pulse_doppler_api-aarch64, task_id: 325, task_name: DASH_FFT, resource_name: cpu1, ref_start_time: 2430540911127985, ref_stop_time: 2430540911148955, actual_exe_time: 20970, task_app_start_time:2430540110712946, task_sched_time:2430540911125405
app_id: 0, app_name: pulse_doppler_api-aarch64, task_id: 327, task_name: DASH_FFT, resource_name: cpu2, ref_start_time: 2430540911182045, ref_stop_time: 2430540911203735, actual_exe_time: 21690, task_app_start_time:2430540090844933, task_sched_time:2430540911178505
app_id: 1, app_name: pulse_doppler_api-aarch64, task_id: 316, task_name: DASH_FFT, resource_name: cpu3, ref_start_time: 2430540911508565, ref_stop_time: 2430540912015595, actual_exe_time: 507030, task_app_start_time:2430540100558994, task_sched_time:2430540911505775
app_id: 3, app_name: pulse_doppler_api-aarch64, task_id: 302, task_name: DASH_FFT, resource_name: fft1, ref_start_time: 2430540911792455, ref_stop_time: 2430540912037855, actual_exe_time: 245400, task_app_start_time:2430540120723348, task_sched_time:2430540911781295
app_id: 0, app_name: pulse_doppler_api-aarch64, task_id: 328, task_name: DASH_FFT, resource_name: fft2, ref_start_time: 2430540913021135, ref_stop_time: 2430540913047325, actual_exe_time: 26190, task_app_start_time:2430540090844933, task_sched_time:2430540913011085
app_id: 2, app_name: pulse_doppler_api-aarch64, task_id: 326, task_name: DASH_FFT, resource_name: cpu1, ref_start_time: 2430540913755655, ref_stop_time: 2430540913777315, actual_exe_time: 21660, task_app_start_time:2430540110712946, task_sched_time:2430540913750045
app_id: 3, app_name: pulse_doppler_api-aarch64, task_id: 303, task_name: DASH_FFT, resource_name: cpu2, ref_start_time: 2430540913905985, ref_stop_time: 2430540913928095, actual_exe_time: 22110, task_app_start_time:2430540120723348, task_sched_time:2430540913869745
app_id: 0, app_name: pulse_doppler_api-aarch64, task_id: 329, task_name: DASH_FFT, resource_name: cpu3, ref_start_time: 2430540913976785, ref_stop_time: 2430540914301895, actual_exe_time: 325110, task_app_start_time:2430540090844933, task_sched_time:2430540913973305
app_id: 1, app_name: pulse_doppler_api-aarch64, task_id: 317, task_name: DASH_FFT, resource_name: fft1, ref_start_time: 2430540914744515, ref_stop_time: 2430540914779135, actual_exe_time: 34620, task_app_start_time:2430540100558994, task_sched_time:2430540914735965
app_id: 2, app_name: pulse_doppler_api-aarch64, task_id: 327, task_name: DASH_FFT, resource_name: fft2, ref_start_time: 2430540915679076, ref_stop_time: 2430540915706766, actual_exe_time: 27690, task_app_start_time:2430540110712946, task_sched_time:2430540915668996
app_id: 0, app_name: pulse_doppler_api-aarch64, task_id: 330, task_name: DASH_FFT, resource_name: cpu1, ref_start_time: 2430540916463216, ref_stop_time: 2430540916484846, actual_exe_time: 21630, task_app_start_time:2430540090844933, task_sched_time:2430540916457906
app_id: 1, app_name: pulse_doppler_api-aarch64, task_id: 318, task_name: DASH_FFT, resource_name: cpu2, ref_start_time: 2430540916823006, ref_stop_time: 2430540917623616, actual_exe_time: 800610, task_app_start_time:2430540100558994, task_sched_time:2430540916816076
app_id: 2, app_name: pulse_doppler_api-aarch64, task_id: 328, task_name: DASH_FFT, resource_name: cpu3, ref_start_time: 2430540917209016, ref_stop_time: 2430540917636756, actual_exe_time: 427740, task_app_start_time:2430540110712946, task_sched_time:2430540917205176
app_id: 3, app_name: pulse_doppler_api-aarch64, task_id: 304, task_name: DASH_FFT, resource_name: fft1, ref_start_time: 2430540917403866, ref_stop_time: 2430540917987126, actual_exe_time: 583260, task_app_start_time:2430540120723348, task_sched_time:2430540917401196
app_id: 0, app_name: pulse_doppler_api-aarch64, task_id: 331, task_name: DASH_FFT, resource_name: fft2, ref_start_time: 2430540917795276, ref_stop_time: 2430540918354356, actual_exe_time: 559080, task_app_start_time:2430540090844933, task_sched_time:2430540917787326
app_id: 1, app_name: pulse_doppler_api-aarch64, task_id: 319, task_name: DASH_FFT, resource_name: cpu1, ref_start_time: 2430540919016276, ref_stop_time: 2430540919036646, actual_exe_time: 20370, task_app_start_time:2430540100558994, task_sched_time:2430540919008146
app_id: 1, app_name: pulse_doppler_api-aarch64, task_id: 320, task_name: DASH_FFT, resource_name: cpu2, ref_start_time: 2430540919332236, ref_stop_time: 2430540919354676, actual_exe_time: 22440, task_app_start_time:2430540100558994, task_sched_time:2430540919325516
app_id: 2, app_name: pulse_doppler_api-aarch64, task_id: 329, task_name: DASH_FFT, resource_name: cpu3, ref_start_time: 2430540919653926, ref_stop_time: 2430540920065706, actual_exe_time: 411780, task_app_start_time:2430540110712946, task_sched_time:2430540919621286
app_id: 0, app_name: pulse_doppler_api-aarch64, task_id: 332, task_name: DASH_FFT, resource_name: fft1, ref_start_time: 2430540920247566, ref_stop_time: 2430540920282636, actual_exe_time: 35070, task_app_start_time:2430540090844933, task_sched_time:2430540920238956
app_id: 3, app_name: pulse_doppler_api-aarch64, task_id: 305, task_name: DASH_FFT, resource_name: fft2, ref_start_time: 2430540921032787, ref_stop_time: 2430540921069087, actual_exe_time: 36300, task_app_start_time:2430540120723348, task_sched_time:2430540921025077
app_id: 3, app_name: pulse_doppler_api-aarch64, task_id: 306, task_name: DASH_FFT, resource_name: cpu1, ref_start_time: 2430540922300617, ref_stop_time: 2430540922321017, actual_exe_time: 20400, task_app_start_time:2430540120723348, task_sched_time:2430540922290927
app_id: 2, app_name: pulse_doppler_api-aarch64, task_id: 330, task_name: DASH_FFT, resource_name: cpu2, ref_start_time: 2430540923018007, ref_stop_time: 2430540923042037, actual_exe_time: 24030, task_app_start_time:2430540110712946, task_sched_time:2430540923012067
app_id: 0, app_name: pulse_doppler_api-aarch64, task_id: 333, task_name: DASH_FFT, resource_name: cpu3, ref_start_time: 2430540923324397, ref_stop_time: 2430540923989587, actual_exe_time: 665190, task_app_start_time:2430540090844933, task_sched_time:2430540923318277
app_id: 3, app_name: pulse_doppler_api-aarch64, task_id: 307, task_name: DASH_FFT, resource_name: fft1, ref_start_time: 2430540923854317, ref_stop_time: 2430540923879787, actual_exe_time: 25470, task_app_start_time:2430540120723348, task_sched_time:2430540923842917
app_id: 2, app_name: pulse_doppler_api-aarch64, task_id: 331, task_name: DASH_FFT, resource_name: fft2, ref_start_time: 2430540924121077, ref_stop_time: 2430540924148947, actual_exe_time: 27870, task_app_start_time:2430540110712946, task_sched_time:2430540924116187
app_id: 1, app_name: pulse_doppler_api-aarch64, task_id: 321, task_name: DASH_FFT, resource_name: cpu1, ref_start_time: 2430540924331317, ref_stop_time: 2430540924351507, actual_exe_time: 20190, task_app_start_time:2430540100558994, task_sched_time:2430540924317907
app_id: 3, app_name: pulse_doppler_api-aarch64, task_id: 308, task_name: DASH_FFT, resource_name: cpu2, ref_start_time: 2430540924907197, ref_stop_time: 2430540924934917, actual_exe_time: 27720, task_app_start_time:2430540120723348, task_sched_time:2430540924901797
app_id: 2, app_name: pulse_doppler_api-aarch64, task_id: 332, task_name: DASH_FFT, resource_name: cpu3, ref_start_time: 2430540925567617, ref_stop_time: 2430540925591137, actual_exe_time: 23520, task_app_start_time:2430540110712946, task_sched_time:2430540925539417
app_id: 1, app_name: pulse_doppler_api-aarch64, task_id: 322, task_name: DASH_FFT, resource_name: fft1, ref_start_time: 2430540925964787, ref_stop_time: 2430540925989957, actual_exe_time: 25170, task_app_start_time:2430540100558994, task_sched_time:2430540925960287
app_id: 0, app_name: pulse_doppler_api-aarch64, task_id: 334, task_name: DASH_FFT, resource_name: fft2, ref_start_time: 2430540926235777, ref_stop_time: 2430540926701197, actual_exe_time: 465420, task_app_start_time:2430540090844933, task_sched_time:2430540926232447
app_id: 2, app_name: pulse_doppler_api-aarch64, task_id: 333, task_name: DASH_FFT, resource_name: cpu1, ref_start_time: 2430540926787867, ref_stop_time: 2430540926808357, actual_exe_time: 20490, task_app_start_time:2430540110712946, task_sched_time:2430540926785167
app_id: 1, app_name: pulse_doppler_api-aarch64, task_id: 323, task_name: DASH_FFT, resource_name: cpu2, ref_start_time: 2430540927442978, ref_stop_time: 2430540927465838, actual_exe_time: 22860, task_app_start_time:2430540100558994, task_sched_time:2430540927436408
app_id: 0, app_name: pulse_doppler_api-aarch64, task_id: 335, task_name: DASH_FFT, resource_name: cpu3, ref_start_time: 2430540927799258, ref_stop_time: 2430540928485808, actual_exe_time: 686550, task_app_start_time:2430540090844933, task_sched_time:2430540927795358
app_id: 2, app_name: pulse_doppler_api-aarch64, task_id: 334, task_name: DASH_FFT, resource_name: fft1, ref_start_time: 2430540928394698, ref_stop_time: 2430540928419448, actual_exe_time: 24750, task_app_start_time:2430540110712946, task_sched_time:2430540928391368
app_id: 2, app_name: pulse_doppler_api-aarch64, task_id: 335, task_name: DASH_FFT, resource_name: fft2, ref_start_time: 2430540929258278, ref_stop_time: 2430540929296108, actual_exe_time: 37830, task_app_start_time:2430540110712946, task_sched_time:2430540929255308
app_id: 3, app_name: pulse_doppler_api-aarch64, task_id: 309, task_name: DASH_FFT, resource_name: cpu1, ref_start_time: 2430540929730088, ref_stop_time: 2430540929953648, actual_exe_time: 223560, task_app_start_time:2430540120723348, task_sched_time:2430540929725558
app_id: 0, app_name: pulse_doppler_api-aarch64, task_id: 336, task_name: DASH_FFT, resource_name: cpu2, ref_start_time: 2430540929848468, ref_stop_time: 2430540929870338, actual_exe_time: 21870, task_app_start_time:2430540090844933, task_sched_time:2430540929840158
app_id: 2, app_name: pulse_doppler_api-aarch64, task_id: 336, task_name: DASH_FFT, resource_name: cpu3, ref_start_time: 2430540930624418, ref_stop_time: 2430540930647458, actual_exe_time: 23040, task_app_start_time:2430540110712946, task_sched_time:2430540930620878
app_id: 0, app_name: pulse_doppler_api-aarch64, task_id: 337, task_name: DASH_FFT, resource_name: fft1, ref_start_time: 2430540930832558, ref_stop_time: 2430540930857218, actual_exe_time: 24660, task_app_start_time:2430540090844933, task_sched_time:2430540930822238
app_id: 1, app_name: pulse_doppler_api-aarch64, task_id: 324, task_name: DASH_FFT, resource_name: fft2, ref_start_time: 2430540931021498, ref_stop_time: 2430540931047778, actual_exe_time: 26280, task_app_start_time:2430540100558994, task_sched_time:2430540931013908
app_id: 3, app_name: pulse_doppler_api-aarch64, task_id: 310, task_name: DASH_FFT, resource_name: cpu1, ref_start_time: 2430540931728448, ref_stop_time: 2430540931749028, actual_exe_time: 20580, task_app_start_time:2430540120723348, task_sched_time:2430540931724878
app_id: 2, app_name: pulse_doppler_api-aarch64, task_id: 337, task_name: DASH_FFT, resource_name: cpu2, ref_start_time: 2430540933324148, ref_stop_time: 2430540933479009, actual_exe_time: 154861, task_app_start_time:2430540110712946, task_sched_time:2430540933297898
app_id: 1, app_name: pulse_doppler_api-aarch64, task_id: 325, task_name: DASH_FFT, resource_name: cpu3, ref_start_time: 2430540933741029, ref_stop_time: 2430540933765989, actual_exe_time: 24960, task_app_start_time:2430540100558994, task_sched_time:2430540933735779
app_id: 3, app_name: pulse_doppler_api-aarch64, task_id: 311, task_name: DASH_FFT, resource_name: fft1, ref_start_time: 2430540934200629, ref_stop_time: 2430540934543229, actual_exe_time: 342600, task_app_start_time:2430540120723348, task_sched_time:2430540934190339
app_id: 2, app_name: pulse_doppler_api-aarch64, task_id: 338, task_name: DASH_FFT, resource_name: fft2, ref_start_time: 2430540934587239, ref_stop_time: 2430540934941629, actual_exe_time: 354390, task_app_start_time:2430540110712946, task_sched_time:2430540934584209
app_id: 0, app_name: pulse_doppler_api-aarch64, task_id: 338, task_name: DASH_FFT, resource_name: cpu1, ref_start_time: 2430540935337359, ref_stop_time: 2430540935358659, actual_exe_time: 21300, task_app_start_time:2430540090844933, task_sched_time:2430540935332949
app_id: 1, app_name: pulse_doppler_api-aarch64, task_id: 326, task_name: DASH_FFT, resource_name: cpu2, ref_start_time: 2430540935635439, ref_stop_time: 2430540935954339, actual_exe_time: 318900, task_app_start_time:2430540100558994, task_sched_time:2430540935626529
app_id: 2, app_name: pulse_doppler_api-aarch64, task_id: 339, task_name: DASH_FFT, resource_name: cpu3, ref_start_time: 2430540936521639, ref_stop_time: 2430540936543899, actual_exe_time: 22260, task_app_start_time:2430540110712946, task_sched_time:2430540936512939
app_id: 3, app_name: pulse_doppler_api-aarch64, task_id: 312, task_name: DASH_FFT, resource_name: fft1, ref_start_time: 2430540936582809, ref_stop_time: 2430540936728429, actual_exe_time: 145620, task_app_start_time:2430540120723348, task_sched_time:2430540936571229
app_id: 0, app_name: pulse_doppler_api-aarch64, task_id: 339, task_name: DASH_FFT, resource_name: fft2, ref_start_time: 2430540937220819, ref_stop_time: 2430540937246769, actual_exe_time: 25950, task_app_start_time:2430540090844933, task_sched_time:2430540937214069
app_id: 2, app_name: pulse_doppler_api-aarch64, task_id: 340, task_name: DASH_FFT, resource_name: cpu1, ref_start_time: 2430540938166749, ref_stop_time: 2430540938187329, actual_exe_time: 20580, task_app_start_time:2430540110712946, task_sched_time:2430540938163119
app_id: 1, app_name: pulse_doppler_api-aarch64, task_id: 327, task_name: DASH_FFT, resource_name: cpu2, ref_start_time: 2430540938483639, ref_stop_time: 2430540938677379, actual_exe_time: 193740, task_app_start_time:2430540100558994, task_sched_time:2430540938478839
app_id: 0, app_name: pulse_doppler_api-aarch64, task_id: 340, task_name: DASH_FFT, resource_name: cpu3, ref_start_time: 2430540938672219, ref_stop_time: 2430540938963219, actual_exe_time: 291000, task_app_start_time:2430540090844933, task_sched_time:2430540938652239
app_id: 2, app_name: pulse_doppler_api-aarch64, task_id: 341, task_name: DASH_FFT, resource_name: fft1, ref_start_time: 2430540939238469, ref_stop_time: 2430540939273779, actual_exe_time: 35310, task_app_start_time:2430540110712946, task_sched_time:2430540939228869
app_id: 3, app_name: pulse_doppler_api-aarch64, task_id: 313, task_name: DASH_FFT, resource_name: fft2, ref_start_time: 2430540939744060, ref_stop_time: 2430540939846630, actual_exe_time: 102570, task_app_start_time:2430540120723348, task_sched_time:2430540939740190
app_id: 1, app_name: pulse_doppler_api-aarch64, task_id: 328, task_name: DASH_FFT, resource_name: cpu1, ref_start_time: 2430540940554090, ref_stop_time: 2430540940574760, actual_exe_time: 20670, task_app_start_time:2430540100558994, task_sched_time:2430540940540560
app_id: 2, app_name: pulse_doppler_api-aarch64, task_id: 342, task_name: DASH_FFT, resource_name: cpu2, ref_start_time: 2430540940958520, ref_stop_time: 2430540941124810, actual_exe_time: 166290, task_app_start_time:2430540110712946, task_sched_time:2430540940946040
app_id: 3, app_name: pulse_doppler_api-aarch64, task_id: 314, task_name: DASH_FFT, resource_name: cpu3, ref_start_time: 2430540941321340, ref_stop_time: 2430540941786250, actual_exe_time: 464910, task_app_start_time:2430540120723348, task_sched_time:2430540941318610
app_id: 1, app_name: pulse_doppler_api-aarch64, task_id: 329, task_name: DASH_FFT, resource_name: fft1, ref_start_time: 2430540941666610, ref_stop_time: 2430540942255570, actual_exe_time: 588960, task_app_start_time:2430540100558994, task_sched_time:2430540941658870
app_id: 0, app_name: pulse_doppler_api-aarch64, task_id: 341, task_name: DASH_FFT, resource_name: fft2, ref_start_time: 2430540941922720, ref_stop_time: 2430540942156000, actual_exe_time: 233280, task_app_start_time:2430540090844933, task_sched_time:2430540941919600
app_id: 1, app_name: pulse_doppler_api-aarch64, task_id: 330, task_name: DASH_FFT, resource_name: cpu1, ref_start_time: 2430540944094540, ref_stop_time: 2430540944115840, actual_exe_time: 21300, task_app_start_time:2430540100558994, task_sched_time:2430540944089590
app_id: 2, app_name: pulse_doppler_api-aarch64, task_id: 343, task_name: DASH_FFT, resource_name: cpu2, ref_start_time: 2430540944650470, ref_stop_time: 2430540944674140, actual_exe_time: 23670, task_app_start_time:2430540110712946, task_sched_time:2430540944645550
app_id: 0, app_name: pulse_doppler_api-aarch64, task_id: 342, task_name: DASH_FFT, resource_name: cpu3, ref_start_time: 2430540945000840, ref_stop_time: 2430540945232830, actual_exe_time: 231990, task_app_start_time:2430540090844933, task_sched_time:2430540944997210
app_id: 2, app_name: pulse_doppler_api-aarch64, task_id: 344, task_name: DASH_FFT, resource_name: fft1, ref_start_time: 2430540945412110, ref_stop_time: 2430540945447060, actual_exe_time: 34950, task_app_start_time:2430540110712946, task_sched_time:2430540945399510
app_id: 1, app_name: pulse_doppler_api-aarch64, task_id: 331, task_name: DASH_FFT, resource_name: fft2, ref_start_time: 2430540945510150, ref_stop_time: 2430540945546750, actual_exe_time: 36600, task_app_start_time:2430540100558994, task_sched_time:2430540945502800
app_id: 3, app_name: pulse_doppler_api-aarch64, task_id: 315, task_name: DASH_FFT, resource_name: cpu1, ref_start_time: 2430540946137061, ref_stop_time: 2430540946332571, actual_exe_time: 195510, task_app_start_time:2430540120723348, task_sched_time:2430540946132591
app_id: 0, app_name: pulse_doppler_api-aarch64, task_id: 343, task_name: DASH_FFT, resource_name: cpu2, ref_start_time: 2430540946900351, ref_stop_time: 2430540947139841, actual_exe_time: 239490, task_app_start_time:2430540090844933, task_sched_time:2430540946892251
app_id: 2, app_name: pulse_doppler_api-aarch64, task_id: 345, task_name: DASH_FFT, resource_name: cpu3, ref_start_time: 2430540947277451, ref_stop_time: 2430540947558881, actual_exe_time: 281430, task_app_start_time:2430540110712946, task_sched_time:2430540947272201
app_id: 1, app_name: pulse_doppler_api-aarch64, task_id: 332, task_name: DASH_FFT, resource_name: fft1, ref_start_time: 2430540947764201, ref_stop_time: 2430540947799001, actual_exe_time: 34800, task_app_start_time:2430540100558994, task_sched_time:2430540947751691
app_id: 3, app_name: pulse_doppler_api-aarch64, task_id: 316, task_name: DASH_FFT, resource_name: fft2, ref_start_time: 2430540947880751, ref_stop_time: 2430540948699121, actual_exe_time: 818370, task_app_start_time:2430540120723348, task_sched_time:2430540947876191
app_id: 2, app_name: pulse_doppler_api-aarch64, task_id: 346, task_name: DASH_FFT, resource_name: cpu1, ref_start_time: 2430540948030391, ref_stop_time: 2430540948050941, actual_exe_time: 20550, task_app_start_time:2430540110712946, task_sched_time:2430540948017581
app_id: 0, app_name: pulse_doppler_api-aarch64, task_id: 344, task_name: DASH_FFT, resource_name: cpu2, ref_start_time: 2430540948665911, ref_stop_time: 2430540948688891, actual_exe_time: 22980, task_app_start_time:2430540090844933, task_sched_time:2430540948096631
app_id: 0, app_name: pulse_doppler_api-aarch64, task_id: 345, task_name: DASH_FFT, resource_name: cpu3, ref_start_time: 2430540950075251, ref_stop_time: 2430540950101861, actual_exe_time: 26610, task_app_start_time:2430540090844933, task_sched_time:2430540950066911
app_id: 2, app_name: pulse_doppler_api-aarch64, task_id: 347, task_name: DASH_FFT, resource_name: fft1, ref_start_time: 2430540950130811, ref_stop_time: 2430540950166271, actual_exe_time: 35460, task_app_start_time:2430540110712946, task_sched_time:2430540950122681
app_id: 1, app_name: pulse_doppler_api-aarch64, task_id: 333, task_name: DASH_FFT, resource_name: fft2, ref_start_time: 2430540950356321, ref_stop_time: 2430540950382571, actual_exe_time: 26250, task_app_start_time:2430540100558994, task_sched_time:2430540950350321
app_id: 3, app_name: pulse_doppler_api-aarch64, task_id: 317, task_name: DASH_FFT, resource_name: cpu1, ref_start_time: 2430540950871901, ref_stop_time: 2430540950893321, actual_exe_time: 21420, task_app_start_time:2430540120723348, task_sched_time:2430540950865451
app_id: 1, app_name: pulse_doppler_api-aarch64, task_id: 334, task_name: DASH_FFT, resource_name: cpu2, ref_start_time: 2430540951467491, ref_stop_time: 2430540951489391, actual_exe_time: 21900, task_app_start_time:2430540100558994, task_sched_time:2430540951458431
app_id: 2, app_name: pulse_doppler_api-aarch64, task_id: 348, task_name: DASH_FFT, resource_name: cpu3, ref_start_time: 2430540952105562, ref_stop_time: 2430540952128392, actual_exe_time: 22830, task_app_start_time:2430540110712946, task_sched_time:2430540952101632
app_id: 1, app_name: pulse_doppler_api-aarch64, task_id: 335, task_name: DASH_FFT, resource_name: fft1, ref_start_time: 2430540952612382, ref_stop_time: 2430540952647452, actual_exe_time: 35070, task_app_start_time:2430540100558994, task_sched_time:2430540952609622
app_id: 0, app_name: pulse_doppler_api-aarch64, task_id: 346, task_name: DASH_FFT, resource_name: fft2, ref_start_time: 2430540953402522, ref_stop_time: 2430540953556092, actual_exe_time: 153570, task_app_start_time:2430540090844933, task_sched_time:2430540953394662
app_id: 1, app_name: pulse_doppler_api-aarch64, task_id: 336, task_name: DASH_FFT, resource_name: cpu1, ref_start_time: 2430540953997932, ref_stop_time: 2430540954235622, actual_exe_time: 237690, task_app_start_time:2430540100558994, task_sched_time:2430540953991752
app_id: 2, app_name: pulse_doppler_api-aarch64, task_id: 349, task_name: DASH_FFT, resource_name: cpu2, ref_start_time: 2430540954450002, ref_stop_time: 2430540954632102, actual_exe_time: 182100, task_app_start_time:2430540110712946, task_sched_time:2430540954446372
app_id: 3, app_name: pulse_doppler_api-aarch64, task_id: 318, task_name: DASH_FFT, resource_name: cpu3, ref_start_time: 2430540954794132, ref_stop_time: 2430540955102052, actual_exe_time: 307920, task_app_start_time:2430540120723348, task_sched_time:2430540954788942
app_id: 1, app_name: pulse_doppler_api-aarch64, task_id: 337, task_name: DASH_FFT, resource_name: fft1, ref_start_time: 2430540955339952, ref_stop_time: 2430540955686902, actual_exe_time: 346950, task_app_start_time:2430540100558994, task_sched_time:2430540955329092
app_id: 0, app_name: pulse_doppler_api-aarch64, task_id: 347, task_name: DASH_FFT, resource_name: fft2, ref_start_time: 2430540955784912, ref_stop_time: 2430540956168462, actual_exe_time: 383550, task_app_start_time:2430540090844933, task_sched_time:2430540955777562
app_id: 3, app_name: pulse_doppler_api-aarch64, task_id: 319, task_name: DASH_FFT, resource_name: cpu1, ref_start_time: 2430540956682002, ref_stop_time: 2430540956702672, actual_exe_time: 20670, task_app_start_time:2430540120723348, task_sched_time:2430540956677502
app_id: 2, app_name: pulse_doppler_api-aarch64, task_id: 350, task_name: DASH_FFT, resource_name: cpu2, ref_start_time: 2430540956737262, ref_stop_time: 2430540956762732, actual_exe_time: 25470, task_app_start_time:2430540110712946, task_sched_time:2430540956730092
app_id: 3, app_name: pulse_doppler_api-aarch64, task_id: 320, task_name: DASH_FFT, resource_name: cpu3, ref_start_time: 2430540957104162, ref_stop_time: 2430540957830942, actual_exe_time: 726780, task_app_start_time:2430540120723348, task_sched_time:2430540957094832
app_id: 1, app_name: pulse_doppler_api-aarch64, task_id: 338, task_name: DASH_FFT, resource_name: fft1, ref_start_time: 2430540957869162, ref_stop_time: 2430540957903542, actual_exe_time: 34380, task_app_start_time:2430540100558994, task_sched_time:2430540957863162
app_id: 0, app_name: pulse_doppler_api-aarch64, task_id: 348, task_name: DASH_FFT, resource_name: fft2, ref_start_time: 2430540957977132, ref_stop_time: 2430540958002662, actual_exe_time: 25530, task_app_start_time:2430540090844933, task_sched_time:2430540957973622
app_id: 2, app_name: pulse_doppler_api-aarch64, task_id: 351, task_name: DASH_FFT, resource_name: cpu1, ref_start_time: 2430540958339653, ref_stop_time: 2430540958359933, actual_exe_time: 20280, task_app_start_time:2430540110712946, task_sched_time:2430540958336323
app_id: 2, app_name: pulse_doppler_api-aarch64, task_id: 352, task_name: DASH_FFT, resource_name: cpu2, ref_start_time: 2430540958950873, ref_stop_time: 2430540958975323, actual_exe_time: 24450, task_app_start_time:2430540110712946, task_sched_time:2430540958941813
app_id: 3, app_name: pulse_doppler_api-aarch64, task_id: 321, task_name: DASH_FFT, resource_name: cpu3, ref_start_time: 2430540959451903, ref_stop_time: 2430540959772033, actual_exe_time: 320130, task_app_start_time:2430540120723348, task_sched_time:2430540959448453
app_id: 0, app_name: pulse_doppler_api-aarch64, task_id: 349, task_name: DASH_FFT, resource_name: fft1, ref_start_time: 2430540959853543, ref_stop_time: 2430540960290163, actual_exe_time: 436620, task_app_start_time:2430540090844933, task_sched_time:2430540959845203
app_id: 2, app_name: pulse_doppler_api-aarch64, task_id: 353, task_name: DASH_FFT, resource_name: fft2, ref_start_time: 2430540960158943, ref_stop_time: 2430540960369153, actual_exe_time: 210210, task_app_start_time:2430540110712946, task_sched_time:2430540960153783
app_id: 1, app_name: pulse_doppler_api-aarch64, task_id: 339, task_name: DASH_FFT, resource_name: cpu1, ref_start_time: 2430540961468533, ref_stop_time: 2430540961489473, actual_exe_time: 20940, task_app_start_time:2430540100558994, task_sched_time:2430540961454763
app_id: 2, app_name: pulse_doppler_api-aarch64, task_id: 354, task_name: DASH_FFT, resource_name: cpu2, ref_start_time: 2430540961841583, ref_stop_time: 2430540961865673, actual_exe_time: 24090, task_app_start_time:2430540110712946, task_sched_time:2430540961835973
app_id: 1, app_name: pulse_doppler_api-aarch64, task_id: 340, task_name: DASH_FFT, resource_name: cpu3, ref_start_time: 2430540962428833, ref_stop_time: 2430540962453373, actual_exe_time: 24540, task_app_start_time:2430540100558994, task_sched_time:2430540962421333
app_id: 0, app_name: pulse_doppler_api-aarch64, task_id: 350, task_name: DASH_FFT, resource_name: fft1, ref_start_time: 2430540963093843, ref_stop_time: 2430540963319653, actual_exe_time: 225810, task_app_start_time:2430540090844933, task_sched_time:2430540963085053
app_id: 3, app_name: pulse_doppler_api-aarch64, task_id: 322, task_name: DASH_FFT, resource_name: fft2, ref_start_time: 2430540963522063, ref_stop_time: 2430540963547593, actual_exe_time: 25530, task_app_start_time:2430540120723348, task_sched_time:2430540963513513
app_id: 1, app_name: pulse_doppler_api-aarch64, task_id: 341, task_name: DASH_FFT, resource_name: cpu1, ref_start_time: 2430540964271643, ref_stop_time: 2430540964293693, actual_exe_time: 22050, task_app_start_time:2430540100558994, task_sched_time:2430540964268283
app_id: 2, app_name: pulse_doppler_api-aarch64, task_id: 355, task_name: DASH_FFT, resource_name: cpu2, ref_start_time: 2430540964514584, ref_stop_time: 2430540964682194, actual_exe_time: 167610, task_app_start_time:2430540110712946, task_sched_time:2430540964463463
app_id: 0, app_name: pulse_doppler_api-aarch64, task_id: 351, task_name: DASH_FFT, resource_name: cpu3, ref_start_time: 2430540964959874, ref_stop_time: 2430540964984354, actual_exe_time: 24480, task_app_start_time:2430540090844933, task_sched_time:2430540964956304
app_id: 3, app_name: pulse_doppler_api-aarch64, task_id: 323, task_name: DASH_FFT, resource_name: fft1, ref_start_time: 2430540965282014, ref_stop_time: 2430540965499934, actual_exe_time: 217920, task_app_start_time:2430540120723348, task_sched_time:2430540965268454
app_id: 1, app_name: pulse_doppler_api-aarch64, task_id: 342, task_name: DASH_FFT, resource_name: fft2, ref_start_time: 2430540965552224, ref_stop_time: 2430540965917684, actual_exe_time: 365460, task_app_start_time:2430540100558994, task_sched_time:2430540965537674
app_id: 0, app_name: pulse_doppler_api-aarch64, task_id: 352, task_name: DASH_FFT, resource_name: cpu1, ref_start_time: 2430540966322144, ref_stop_time: 2430540966342664, actual_exe_time: 20520, task_app_start_time:2430540090844933, task_sched_time:2430540966314614
app_id: 2, app_name: pulse_doppler_api-aarch64, task_id: 356, task_name: DASH_FFT, resource_name: cpu2, ref_start_time: 2430540966408214, ref_stop_time: 2430540966496444, actual_exe_time: 88230, task_app_start_time:2430540110712946, task_sched_time:2430540966403234
app_id: 1, app_name: pulse_doppler_api-aarch64, task_id: 343, task_name: DASH_FFT, resource_name: cpu3, ref_start_time: 2430540966646684, ref_stop_time: 2430540966670984, actual_exe_time: 24300, task_app_start_time:2430540100558994, task_sched_time:2430540966642784
app_id: 3, app_name: pulse_doppler_api-aarch64, task_id: 324, task_name: DASH_FFT, resource_name: fft1, ref_start_time: 2430540966971284, ref_stop_time: 2430540966996094, actual_exe_time: 24810, task_app_start_time:2430540120723348, task_sched_time:2430540966962344
app_id: 3, app_name: pulse_doppler_api-aarch64, task_id: 325, task_name: DASH_FFT, resource_name: fft2, ref_start_time: 2430540967466344, ref_stop_time: 2430540967493194, actual_exe_time: 26850, task_app_start_time:2430540120723348, task_sched_time:2430540967461094
app_id: 0, app_name: pulse_doppler_api-aarch64, task_id: 353, task_name: DASH_FFT, resource_name: cpu1, ref_start_time: 2430540968054494, ref_stop_time: 2430540968076154, actual_exe_time: 21660, task_app_start_time:2430540090844933, task_sched_time:2430540968042434
app_id: 1, app_name: pulse_doppler_api-aarch64, task_id: 344, task_name: DASH_FFT, resource_name: cpu2, ref_start_time: 2430540968505784, ref_stop_time: 2430540968767174, actual_exe_time: 261390, task_app_start_time:2430540100558994, task_sched_time:2430540968501884
app_id: 3, app_name: pulse_doppler_api-aarch64, task_id: 326, task_name: DASH_FFT, resource_name: cpu3, ref_start_time: 2430540968902624, ref_stop_time: 2430540969020584, actual_exe_time: 117960, task_app_start_time:2430540120723348, task_sched_time:2430540968840944
app_id: 0, app_name: pulse_doppler_api-aarch64, task_id: 354, task_name: DASH_FFT, resource_name: fft1, ref_start_time: 2430540969208384, ref_stop_time: 2430540969403744, actual_exe_time: 195360, task_app_start_time:2430540090844933, task_sched_time:2430540969198034
app_id: 2, app_name: pulse_doppler_api-aarch64, task_id: 357, task_name: DASH_FFT, resource_name: fft2, ref_start_time: 2430540969289414, ref_stop_time: 2430540969318724, actual_exe_time: 29310, task_app_start_time:2430540110712946, task_sched_time:2430540969235294
app_id: 3, app_name: pulse_doppler_api-aarch64, task_id: 327, task_name: DASH_FFT, resource_name: cpu1, ref_start_time: 2430540970267534, ref_stop_time: 2430540970288384, actual_exe_time: 20850, task_app_start_time:2430540120723348, task_sched_time:2430540970262014
app_id: 2, app_name: pulse_doppler_api-aarch64, task_id: 358, task_name: DASH_FFT, resource_name: cpu2, ref_start_time: 2430540970578154, ref_stop_time: 2430540970602604, actual_exe_time: 24450, task_app_start_time:2430540110712946, task_sched_time:2430540970574824
app_id: 1, app_name: pulse_doppler_api-aarch64, task_id: 345, task_name: DASH_FFT, resource_name: cpu3, ref_start_time: 2430540970810955, ref_stop_time: 2430540970987295, actual_exe_time: 176340, task_app_start_time:2430540100558994, task_sched_time:2430540970807595
app_id: 0, app_name: pulse_doppler_api-aarch64, task_id: 355, task_name: DASH_FFT, resource_name: fft1, ref_start_time: 2430540971210435, ref_stop_time: 2430540971419745, actual_exe_time: 209310, task_app_start_time:2430540090844933, task_sched_time:2430540971205995
app_id: 3, app_name: pulse_doppler_api-aarch64, task_id: 328, task_name: DASH_FFT, resource_name: fft2, ref_start_time: 2430540971523815, ref_stop_time: 2430540971858015, actual_exe_time: 334200, task_app_start_time:2430540120723348, task_sched_time:2430540971520215
app_id: 1, app_name: pulse_doppler_api-aarch64, task_id: 346, task_name: DASH_FFT, resource_name: cpu1, ref_start_time: 2430540972111305, ref_stop_time: 2430540972132155, actual_exe_time: 20850, task_app_start_time:2430540100558994, task_sched_time:2430540972100745
app_id: 2, app_name: pulse_doppler_api-aarch64, task_id: 359, task_name: DASH_FFT, resource_name: cpu2, ref_start_time: 2430540972510005, ref_stop_time: 2430540972629075, actual_exe_time: 119070, task_app_start_time:2430540110712946, task_sched_time:2430540972477395
app_id: 3, app_name: pulse_doppler_api-aarch64, task_id: 329, task_name: DASH_FFT, resource_name: cpu3, ref_start_time: 2430540972800555, ref_stop_time: 2430540972825815, actual_exe_time: 25260, task_app_start_time:2430540120723348, task_sched_time:2430540972794195
app_id: 1, app_name: pulse_doppler_api-aarch64, task_id: 347, task_name: DASH_FFT, resource_name: fft1, ref_start_time: 2430540973283285, ref_stop_time: 2430540973606355, actual_exe_time: 323070, task_app_start_time:2430540100558994, task_sched_time:2430540973273235
app_id: 0, app_name: pulse_doppler_api-aarch64, task_id: 356, task_name: DASH_FFT, resource_name: fft2, ref_start_time: 2430540973567325, ref_stop_time: 2430540973900505, actual_exe_time: 333180, task_app_start_time:2430540090844933, task_sched_time:2430540973562555
app_id: 3, app_name: pulse_doppler_api-aarch64, task_id: 330, task_name: DASH_FFT, resource_name: cpu1, ref_start_time: 2430540974145425, ref_stop_time: 2430540974166125, actual_exe_time: 20700, task_app_start_time:2430540120723348, task_sched_time:2430540974137505
app_id: 2, app_name: pulse_doppler_api-aarch64, task_id: 360, task_name: DASH_FFT, resource_name: cpu2, ref_start_time: 2430540974645345, ref_stop_time: 2430540974670575, actual_exe_time: 25230, task_app_start_time:2430540110712946, task_sched_time:2430540974592485
app_id: 3, app_name: pulse_doppler_api-aarch64, task_id: 331, task_name: DASH_FFT, resource_name: cpu3, ref_start_time: 2430540975059315, ref_stop_time: 2430540975229235, actual_exe_time: 169920, task_app_start_time:2430540120723348, task_sched_time:2430540975055055
app_id: 1, app_name: pulse_doppler_api-aarch64, task_id: 348, task_name: DASH_FFT, resource_name: fft1, ref_start_time: 2430540975225635, ref_stop_time: 2430540975631355, actual_exe_time: 405720, task_app_start_time:2430540100558994, task_sched_time:2430540975217055
app_id: 2, app_name: pulse_doppler_api-aarch64, task_id: 361, task_name: DASH_FFT, resource_name: fft2, ref_start_time: 2430540975682595, ref_stop_time: 2430540975712235, actual_exe_time: 29640, task_app_start_time:2430540110712946, task_sched_time:2430540975676685
app_id: 3, app_name: pulse_doppler_api-aarch64, task_id: 332, task_name: DASH_FFT, resource_name: cpu1, ref_start_time: 2430540976779545, ref_stop_time: 2430540976800815, actual_exe_time: 21270, task_app_start_time:2430540120723348, task_sched_time:2430540976776905
app_id: 3, app_name: pulse_doppler_api-aarch64, task_id: 333, task_name: DASH_FFT, resource_name: cpu2, ref_start_time: 2430540977000196, ref_stop_time: 2430540977022546, actual_exe_time: 22350, task_app_start_time:2430540120723348, task_sched_time:2430540976991826
app_id: 2, app_name: pulse_doppler_api-aarch64, task_id: 362, task_name: DASH_FFT, resource_name: cpu3, ref_start_time: 2430540977130906, ref_stop_time: 2430540977315946, actual_exe_time: 185040, task_app_start_time:2430540110712946, task_sched_time:2430540977126376
app_id: 1, app_name: pulse_doppler_api-aarch64, task_id: 349, task_name: DASH_FFT, resource_name: fft1, ref_start_time: 2430540977216616, ref_stop_time: 2430540977241696, actual_exe_time: 25080, task_app_start_time:2430540100558994, task_sched_time:2430540977207796
app_id: 0, app_name: pulse_doppler_api-aarch64, task_id: 357, task_name: DASH_FFT, resource_name: fft2, ref_start_time: 2430540977301036, ref_stop_time: 2430540977331846, actual_exe_time: 30810, task_app_start_time:2430540090844933, task_sched_time:2430540977292006
app_id: 1, app_name: pulse_doppler_api-aarch64, task_id: 350, task_name: DASH_FFT, resource_name: cpu1, ref_start_time: 2430540978604086, ref_stop_time: 2430540978625566, actual_exe_time: 21480, task_app_start_time:2430540100558994, task_sched_time:2430540978594126
app_id: 2, app_name: pulse_doppler_api-aarch64, task_id: 363, task_name: DASH_FFT, resource_name: cpu2, ref_start_time: 2430540979287576, ref_stop_time: 2430540979446396, actual_exe_time: 158820, task_app_start_time:2430540110712946, task_sched_time:2430540979221486
app_id: 0, app_name: pulse_doppler_api-aarch64, task_id: 358, task_name: DASH_FFT, resource_name: cpu3, ref_start_time: 2430540979583376, ref_stop_time: 2430540979608036, actual_exe_time: 24660, task_app_start_time:2430540090844933, task_sched_time:2430540979578756
app_id: 0, app_name: pulse_doppler_api-aarch64, task_id: 359, task_name: DASH_FFT, resource_name: fft1, ref_start_time: 2430540980051586, ref_stop_time: 2430540980086716, actual_exe_time: 35130, task_app_start_time:2430540090844933, task_sched_time:2430540980038236
app_id: 3, app_name: pulse_doppler_api-aarch64, task_id: 334, task_name: DASH_FFT, resource_name: fft2, ref_start_time: 2430540980219046, ref_stop_time: 2430540980399016, actual_exe_time: 179970, task_app_start_time:2430540120723348, task_sched_time:2430540980167446
app_id: 2, app_name: pulse_doppler_api-aarch64, task_id: 364, task_name: DASH_FFT, resource_name: cpu1, ref_start_time: 2430540980592636, ref_stop_time: 2430540980613426, actual_exe_time: 20790, task_app_start_time:2430540110712946, task_sched_time:2430540980582946
app_id: 1, app_name: pulse_doppler_api-aarch64, task_id: 351, task_name: DASH_FFT, resource_name: cpu2, ref_start_time: 2430540981403206, ref_stop_time: 2430540981426546, actual_exe_time: 23340, task_app_start_time:2430540100558994, task_sched_time:2430540981318846
app_id: 0, app_name: pulse_doppler_api-aarch64, task_id: 360, task_name: DASH_FFT, resource_name: cpu3, ref_start_time: 2430540981570966, ref_stop_time: 2430540981747396, actual_exe_time: 176430, task_app_start_time:2430540090844933, task_sched_time:2430540981507246
app_id: 2, app_name: pulse_doppler_api-aarch64, task_id: 365, task_name: DASH_FFT, resource_name: fft1, ref_start_time: 2430540982127496, ref_stop_time: 2430540982162986, actual_exe_time: 35490, task_app_start_time:2430540110712946, task_sched_time:2430540982117806
app_id: 1, app_name: pulse_doppler_api-aarch64, task_id: 352, task_name: DASH_FFT, resource_name: fft2, ref_start_time: 2430540982647546, ref_stop_time: 2430540982881036, actual_exe_time: 233490, task_app_start_time:2430540100558994, task_sched_time:2430540982644216
app_id: 0, app_name: pulse_doppler_api-aarch64, task_id: 361, task_name: DASH_FFT, resource_name: cpu1, ref_start_time: 2430540983301577, ref_stop_time: 2430540983322007, actual_exe_time: 20430, task_app_start_time:2430540090844933, task_sched_time:2430540983292217
app_id: 2, app_name: pulse_doppler_api-aarch64, task_id: 366, task_name: DASH_FFT, resource_name: cpu2, ref_start_time: 2430540983681407, ref_stop_time: 2430540984049447, actual_exe_time: 368040, task_app_start_time:2430540110712946, task_sched_time:2430540983668537
app_id: 1, app_name: pulse_doppler_api-aarch64, task_id: 353, task_name: DASH_FFT, resource_name: cpu3, ref_start_time: 2430540984094207, ref_stop_time: 2430540984267037, actual_exe_time: 172830, task_app_start_time:2430540100558994, task_sched_time:2430540984089617
app_id: 0, app_name: pulse_doppler_api-aarch64, task_id: 362, task_name: DASH_FFT, resource_name: fft1, ref_start_time: 2430540984551917, ref_stop_time: 2430540985196317, actual_exe_time: 644400, task_app_start_time:2430540090844933, task_sched_time:2430540984539557
app_id: 3, app_name: pulse_doppler_api-aarch64, task_id: 335, task_name: DASH_FFT, resource_name: fft2, ref_start_time: 2430540985332427, ref_stop_time: 2430540985368427, actual_exe_time: 36000, task_app_start_time:2430540120723348, task_sched_time:2430540985250437
app_id: 2, app_name: pulse_doppler_api-aarch64, task_id: 367, task_name: DASH_FFT, resource_name: cpu1, ref_start_time: 2430540985652527, ref_stop_time: 2430540985833067, actual_exe_time: 180540, task_app_start_time:2430540110712946, task_sched_time:2430540985648417
app_id: 2, app_name: pulse_doppler_api-aarch64, task_id: 368, task_name: DASH_FFT, resource_name: cpu2, ref_start_time: 2430540986322367, ref_stop_time: 2430540986466067, actual_exe_time: 143700, task_app_start_time:2430540110712946, task_sched_time:2430540986314117
app_id: 1, app_name: pulse_doppler_api-aarch64, task_id: 354, task_name: DASH_FFT, resource_name: cpu3, ref_start_time: 2430540986488717, ref_stop_time: 2430540986777257, actual_exe_time: 288540, task_app_start_time:2430540100558994, task_sched_time:2430540986485177
app_id: 3, app_name: pulse_doppler_api-aarch64, task_id: 336, task_name: DASH_FFT, resource_name: fft1, ref_start_time: 2430540987116647, ref_stop_time: 2430540987398977, actual_exe_time: 282330, task_app_start_time:2430540120723348, task_sched_time:2430540987103297
app_id: 0, app_name: pulse_doppler_api-aarch64, task_id: 363, task_name: DASH_FFT, resource_name: fft2, ref_start_time: 2430540987504667, ref_stop_time: 2430540987658417, actual_exe_time: 153750, task_app_start_time:2430540090844933, task_sched_time:2430540987498007
app_id: 2, app_name: pulse_doppler_api-aarch64, task_id: 369, task_name: DASH_FFT, resource_name: cpu1, ref_start_time: 2430540988258387, ref_stop_time: 2430540988279297, actual_exe_time: 20910, task_app_start_time:2430540110712946, task_sched_time:2430540988254997
app_id: 1, app_name: pulse_doppler_api-aarch64, task_id: 355, task_name: DASH_FFT, resource_name: cpu2, ref_start_time: 2430540988528627, ref_stop_time: 2430540988551097, actual_exe_time: 22470, task_app_start_time:2430540100558994, task_sched_time:2430540988502587
app_id: 3, app_name: pulse_doppler_api-aarch64, task_id: 337, task_name: DASH_FFT, resource_name: cpu3, ref_start_time: 2430540989122057, ref_stop_time: 2430540989145967, actual_exe_time: 23910, task_app_start_time:2430540120723348, task_sched_time:2430540989118487
app_id: 0, app_name: pulse_doppler_api-aarch64, task_id: 364, task_name: DASH_FFT, resource_name: fft1, ref_start_time: 2430540989540258, ref_stop_time: 2430540989566718, actual_exe_time: 26460, task_app_start_time:2430540090844933, task_sched_time:2430540989534738
app_id: 2, app_name: pulse_doppler_api-aarch64, task_id: 370, task_name: DASH_FFT, resource_name: fft2, ref_start_time: 2430540989870198, ref_stop_time: 2430540989898938, actual_exe_time: 28740, task_app_start_time:2430540110712946, task_sched_time:2430540989866598
app_id: 3, app_name: pulse_doppler_api-aarch64, task_id: 338, task_name: DASH_FFT, resource_name: cpu1, ref_start_time: 2430540990261218, ref_stop_time: 2430540990282548, actual_exe_time: 21330, task_app_start_time:2430540120723348, task_sched_time:2430540990251828
app_id: 2, app_name: pulse_doppler_api-aarch64, task_id: 371, task_name: DASH_FFT, resource_name: cpu2, ref_start_time: 2430540990659018, ref_stop_time: 2430540990684998, actual_exe_time: 25980, task_app_start_time:2430540110712946, task_sched_time:2430540990656018
app_id: 0, app_name: pulse_doppler_api-aarch64, task_id: 365, task_name: DASH_FFT, resource_name: cpu3, ref_start_time: 2430540990900758, ref_stop_time: 2430540991220708, actual_exe_time: 319950, task_app_start_time:2430540090844933, task_sched_time:2430540990896648
app_id: 3, app_name: pulse_doppler_api-aarch64, task_id: 339, task_name: DASH_FFT, resource_name: fft1, ref_start_time: 2430540991115228, ref_stop_time: 2430540991404938, actual_exe_time: 289710, task_app_start_time:2430540120723348, task_sched_time:2430540991109078
app_id: 1, app_name: pulse_doppler_api-aarch64, task_id: 356, task_name: DASH_FFT, resource_name: fft2, ref_start_time: 2430540991455818, ref_stop_time: 2430540991748438, actual_exe_time: 292620, task_app_start_time:2430540100558994, task_sched_time:2430540991451048
app_id: 0, app_name: pulse_doppler_api-aarch64, task_id: 366, task_name: DASH_FFT, resource_name: cpu1, ref_start_time: 2430540993096338, ref_stop_time: 2430540993117848, actual_exe_time: 21510, task_app_start_time:2430540090844933, task_sched_time:2430540993082838
app_id: 2, app_name: pulse_doppler_api-aarch64, task_id: 372, task_name: DASH_FFT, resource_name: cpu2, ref_start_time: 2430540993380198, ref_stop_time: 2430540993471098, actual_exe_time: 90900, task_app_start_time:2430540110712946, task_sched_time:2430540993350948
app_id: 1, app_name: pulse_doppler_api-aarch64, task_id: 357, task_name: DASH_FFT, resource_name: cpu3, ref_start_time: 2430540993762608, ref_stop_time: 2430540993957578, actual_exe_time: 194970, task_app_start_time:2430540100558994, task_sched_time:2430540993758828
app_id: 0, app_name: pulse_doppler_api-aarch64, task_id: 367, task_name: DASH_FFT, resource_name: fft1, ref_start_time: 2430540994255448, ref_stop_time: 2430540994280828, actual_exe_time: 25380, task_app_start_time:2430540090844933, task_sched_time:2430540994246928
app_id: 2, app_name: pulse_doppler_api-aarch64, task_id: 373, task_name: DASH_FFT, resource_name: fft2, ref_start_time: 2430540994697348, ref_stop_time: 2430540994726448, actual_exe_time: 29100, task_app_start_time:2430540110712946, task_sched_time:2430540994653638
app_id: 1, app_name: pulse_doppler_api-aarch64, task_id: 358, task_name: DASH_FFT, resource_name: cpu1, ref_start_time: 2430540995225168, ref_stop_time: 2430540995245568, actual_exe_time: 20400, task_app_start_time:2430540100558994, task_sched_time:2430540995222438
app_id: 0, app_name: pulse_doppler_api-aarch64, task_id: 368, task_name: DASH_FFT, resource_name: cpu2, ref_start_time: 2430540995623869, ref_stop_time: 2430540995781639, actual_exe_time: 157770, task_app_start_time:2430540090844933, task_sched_time:2430540995601639
app_id: 1, app_name: pulse_doppler_api-aarch64, task_id: 359, task_name: DASH_FFT, resource_name: cpu3, ref_start_time: 2430540995998179, ref_stop_time: 2430540996032859, actual_exe_time: 34680, task_app_start_time:2430540100558994, task_sched_time:2430540995961099
app_id: 3, app_name: pulse_doppler_api-aarch64, task_id: 340, task_name: DASH_FFT, resource_name: fft1, ref_start_time: 2430540996198519, ref_stop_time: 2430540997007199, actual_exe_time: 808680, task_app_start_time:2430540120723348, task_sched_time:2430540996193599
app_id: 2, app_name: pulse_doppler_api-aarch64, task_id: 374, task_name: DASH_FFT, resource_name: fft2, ref_start_time: 2430540996795189, ref_stop_time: 2430540997218579, actual_exe_time: 423390, task_app_start_time:2430540110712946, task_sched_time:2430540996729729
app_id: 0, app_name: pulse_doppler_api-aarch64, task_id: 369, task_name: DASH_FFT, resource_name: cpu1, ref_start_time: 2430540997500369, ref_stop_time: 2430540997521369, actual_exe_time: 21000, task_app_start_time:2430540090844933, task_sched_time:2430540997492059
app_id: 1, app_name: pulse_doppler_api-aarch64, task_id: 360, task_name: DASH_FFT, resource_name: cpu2, ref_start_time: 2430540997773939, ref_stop_time: 2430540997924779, actual_exe_time: 150840, task_app_start_time:2430540100558994, task_sched_time:2430540997767969
app_id: 1, app_name: pulse_doppler_api-aarch64, task_id: 361, task_name: DASH_FFT, resource_name: cpu3, ref_start_time: 2430540998318139, ref_stop_time: 2430540998342529, actual_exe_time: 24390, task_app_start_time:2430540100558994, task_sched_time:2430540998312589
app_id: 3, app_name: pulse_doppler_api-aarch64, task_id: 341, task_name: DASH_FFT, resource_name: fft1, ref_start_time: 2430540998735709, ref_stop_time: 2430540998770599, actual_exe_time: 34890, task_app_start_time:2430540120723348, task_sched_time:2430540998721699
app_id: 2, app_name: pulse_doppler_api-aarch64, task_id: 375, task_name: DASH_FFT, resource_name: fft2, ref_start_time: 2430540999069309, ref_stop_time: 2430540999194259, actual_exe_time: 124950, task_app_start_time:2430540110712946, task_sched_time:2430540999003249
app_id: 1, app_name: pulse_doppler_api-aarch64, task_id: 362, task_name: DASH_FFT, resource_name: cpu1, ref_start_time: 2430540999636969, ref_stop_time: 2430540999658269, actual_exe_time: 21300, task_app_start_time:2430540100558994, task_sched_time:2430540999628059
app_id: 0, app_name: pulse_doppler_api-aarch64, task_id: 370, task_name: DASH_FFT, resource_name: cpu2, ref_start_time: 2430541000161939, ref_stop_time: 2430541000184769, actual_exe_time: 22830, task_app_start_time:2430540090844933, task_sched_time:2430541000158699
app_id: 2, app_name: pulse_doppler_api-aarch64, task_id: 376, task_name: DASH_FFT, resource_name: cpu3, ref_start_time: 2430541000530609, ref_stop_time: 2430541000720719, actual_exe_time: 190110, task_app_start_time:2430540110712946, task_sched_time:2430541000524249
app_id: 1, app_name: pulse_doppler_api-aarch64, task_id: 363, task_name: DASH_FFT, resource_name: fft1, ref_start_time: 2430541000672059, ref_stop_time: 2430541000974609, actual_exe_time: 302550, task_app_start_time:2430540100558994, task_sched_time:2430541000658889
app_id: 0, app_name: pulse_doppler_api-aarch64, task_id: 371, task_name: DASH_FFT, resource_name: fft2, ref_start_time: 2430541001001009, ref_stop_time: 2430541001310369, actual_exe_time: 309360, task_app_start_time:2430540090844933, task_sched_time:2430541000983519
app_id: 3, app_name: pulse_doppler_api-aarch64, task_id: 342, task_name: DASH_FFT, resource_name: cpu1, ref_start_time: 2430541001840890, ref_stop_time: 2430541001959330, actual_exe_time: 118440, task_app_start_time:2430540120723348, task_sched_time:2430541001835370
app_id: 2, app_name: pulse_doppler_api-aarch64, task_id: 377, task_name: DASH_FFT, resource_name: cpu2, ref_start_time: 2430541002232210, ref_stop_time: 2430541002258220, actual_exe_time: 26010, task_app_start_time:2430540110712946, task_sched_time:2430541002224470
app_id: 1, app_name: pulse_doppler_api-aarch64, task_id: 364, task_name: DASH_FFT, resource_name: cpu3, ref_start_time: 2430541002518080, ref_stop_time: 2430541002716110, actual_exe_time: 198030, task_app_start_time:2430540100558994, task_sched_time:2430541002512710
app_id: 0, app_name: pulse_doppler_api-aarch64, task_id: 372, task_name: DASH_FFT, resource_name: fft1, ref_start_time: 2430541002721540, ref_stop_time: 2430541003611760, actual_exe_time: 890220, task_app_start_time:2430540090844933, task_sched_time:2430541002711490
app_id: 3, app_name: pulse_doppler_api-aarch64, task_id: 343, task_name: DASH_FFT, resource_name: fft2, ref_start_time: 2430541003093030, ref_stop_time: 2430541003237780, actual_exe_time: 144750, task_app_start_time:2430540120723348, task_sched_time:2430541003051810
app_id: 1, app_name: pulse_doppler_api-aarch64, task_id: 365, task_name: DASH_FFT, resource_name: cpu1, ref_start_time: 2430541003874710, ref_stop_time: 2430541003896610, actual_exe_time: 21900, task_app_start_time:2430540100558994, task_sched_time:2430541003871860
app_id: 2, app_name: pulse_doppler_api-aarch64, task_id: 378, task_name: DASH_FFT, resource_name: cpu2, ref_start_time: 2430541004388850, ref_stop_time: 2430541004876770, actual_exe_time: 487920, task_app_start_time:2430540110712946, task_sched_time:2430541004365750
app_id: 3, app_name: pulse_doppler_api-aarch64, task_id: 344, task_name: DASH_FFT, resource_name: cpu3, ref_start_time: 2430541004689060, ref_stop_time: 2430541004816410, actual_exe_time: 127350, task_app_start_time:2430540120723348, task_sched_time:2430541004636710
app_id: 1, app_name: pulse_doppler_api-aarch64, task_id: 366, task_name: DASH_FFT, resource_name: fft1, ref_start_time: 2430541005082270, ref_stop_time: 2430541005233020, actual_exe_time: 150750, task_app_start_time:2430540100558994, task_sched_time:2430541005076630
app_id: 1, app_name: pulse_doppler_api-aarch64, task_id: 367, task_name: DASH_FFT, resource_name: fft2, ref_start_time: 2430541005660040, ref_stop_time: 2430541005686770, actual_exe_time: 26730, task_app_start_time:2430540100558994, task_sched_time:2430541005653620
app_id: 1, app_name: pulse_doppler_api-aarch64, task_id: 368, task_name: DASH_FFT, resource_name: cpu1, ref_start_time: 2430541006453390, ref_stop_time: 2430541006476220, actual_exe_time: 22830, task_app_start_time:2430540100558994, task_sched_time:2430541006443070
app_id: 2, app_name: pulse_doppler_api-aarch64, task_id: 379, task_name: DASH_FFT, resource_name: cpu2, ref_start_time: 2430541006497190, ref_stop_time: 2430541006522060, actual_exe_time: 24870, task_app_start_time:2430540110712946, task_sched_time:2430541006494070
app_id: 0, app_name: pulse_doppler_api-aarch64, task_id: 373, task_name: DASH_FFT, resource_name: cpu3, ref_start_time: 2430541006551970, ref_stop_time: 2430541006576510, actual_exe_time: 24540, task_app_start_time:2430540090844933, task_sched_time:2430541006538740
app_id: 3, app_name: pulse_doppler_api-aarch64, task_id: 345, task_name: DASH_FFT, resource_name: fft1, ref_start_time: 2430541007605870, ref_stop_time: 2430541007632000, actual_exe_time: 26130, task_app_start_time:2430540120723348, task_sched_time:2430541007599210
app_id: 3, app_name: pulse_doppler_api-aarch64, task_id: 346, task_name: DASH_FFT, resource_name: fft2, ref_start_time: 2430541008184901, ref_stop_time: 2430541008227111, actual_exe_time: 42210, task_app_start_time:2430540120723348, task_sched_time:2430541008178961
app_id: 0, app_name: pulse_doppler_api-aarch64, task_id: 374, task_name: DASH_FFT, resource_name: cpu1, ref_start_time: 2430541008844871, ref_stop_time: 2430541008867071, actual_exe_time: 22200, task_app_start_time:2430540090844933, task_sched_time:2430541008839261
app_id: 1, app_name: pulse_doppler_api-aarch64, task_id: 369, task_name: DASH_FFT, resource_name: cpu2, ref_start_time: 2430541009179971, ref_stop_time: 2430541009202081, actual_exe_time: 22110, task_app_start_time:2430540100558994, task_sched_time:2430541009175981
app_id: 3, app_name: pulse_doppler_api-aarch64, task_id: 347, task_name: DASH_FFT, resource_name: cpu3, ref_start_time: 2430541009507961, ref_stop_time: 2430541009660391, actual_exe_time: 152430, task_app_start_time:2430540120723348, task_sched_time:2430541009494371
app_id: 2, app_name: pulse_doppler_api-aarch64, task_id: 380, task_name: DASH_FFT, resource_name: fft1, ref_start_time: 2430541009700261, ref_stop_time: 2430541010261891, actual_exe_time: 561630, task_app_start_time:2430540110712946, task_sched_time:2430541009692281
app_id: 1, app_name: pulse_doppler_api-aarch64, task_id: 370, task_name: DASH_FFT, resource_name: fft2, ref_start_time: 2430541010062601, ref_stop_time: 2430541010489231, actual_exe_time: 426630, task_app_start_time:2430540100558994, task_sched_time:2430541010058311
app_id: 0, app_name: pulse_doppler_api-aarch64, task_id: 375, task_name: DASH_FFT, resource_name: cpu1, ref_start_time: 2430541010898401, ref_stop_time: 2430541010919071, actual_exe_time: 20670, task_app_start_time:2430540090844933, task_sched_time:2430541010884631
app_id: 3, app_name: pulse_doppler_api-aarch64, task_id: 348, task_name: DASH_FFT, resource_name: cpu2, ref_start_time: 2430541011321701, ref_stop_time: 2430541011530771, actual_exe_time: 209070, task_app_start_time:2430540120723348, task_sched_time:2430541011315701
app_id: 2, app_name: pulse_doppler_api-aarch64, task_id: 381, task_name: DASH_FFT, resource_name: cpu3, ref_start_time: 2430541011538421, ref_stop_time: 2430541011560321, actual_exe_time: 21900, task_app_start_time:2430540110712946, task_sched_time:2430541011531851
app_id: 0, app_name: pulse_doppler_api-aarch64, task_id: 376, task_name: DASH_FFT, resource_name: fft1, ref_start_time: 2430541011992171, ref_stop_time: 2430541012167191, actual_exe_time: 175020, task_app_start_time:2430540090844933, task_sched_time:2430541011980531
app_id: 3, app_name: pulse_doppler_api-aarch64, task_id: 349, task_name: DASH_FFT, resource_name: fft2, ref_start_time: 2430541012312271, ref_stop_time: 2430541012554791, actual_exe_time: 242520, task_app_start_time:2430540120723348, task_sched_time:2430541012308371
app_id: 2, app_name: pulse_doppler_api-aarch64, task_id: 382, task_name: DASH_FFT, resource_name: cpu1, ref_start_time: 2430541012708181, ref_stop_time: 2430541012728971, actual_exe_time: 20790, task_app_start_time:2430540110712946, task_sched_time:2430541012704041
app_id: 1, app_name: pulse_doppler_api-aarch64, task_id: 371, task_name: DASH_FFT, resource_name: cpu2, ref_start_time: 2430541012977071, ref_stop_time: 2430541013295341, actual_exe_time: 318270, task_app_start_time:2430540100558994, task_sched_time:2430541012958861
app_id: 0, app_name: pulse_doppler_api-aarch64, task_id: 377, task_name: DASH_FFT, resource_name: cpu3, ref_start_time: 2430541013457701, ref_stop_time: 2430541013483351, actual_exe_time: 25650, task_app_start_time:2430540090844933, task_sched_time:2430541013398151
app_id: 2, app_name: pulse_doppler_api-aarch64, task_id: 383, task_name: DASH_FFT, resource_name: fft1, ref_start_time: 2430541013724011, ref_stop_time: 2430541013759051, actual_exe_time: 35040, task_app_start_time:2430540110712946, task_sched_time:2430541013710901
app_id: 3, app_name: pulse_doppler_api-aarch64, task_id: 350, task_name: DASH_FFT, resource_name: fft2, ref_start_time: 2430541014062921, ref_stop_time: 2430541014425652, actual_exe_time: 362731, task_app_start_time:2430540120723348, task_sched_time:2430541013830571
app_id: 1, app_name: pulse_doppler_api-aarch64, task_id: 372, task_name: DASH_FFT, resource_name: cpu1, ref_start_time: 2430541014699462, ref_stop_time: 2430541014720582, actual_exe_time: 21120, task_app_start_time:2430540100558994, task_sched_time:2430541014694722
app_id: 2, app_name: pulse_doppler_api-aarch64, task_id: 384, task_name: DASH_FFT, resource_name: cpu2, ref_start_time: 2430541015178772, ref_stop_time: 2430541015203102, actual_exe_time: 24330, task_app_start_time:2430540110712946, task_sched_time:2430541015172262
app_id: 0, app_name: pulse_doppler_api-aarch64, task_id: 378, task_name: DASH_FFT, resource_name: cpu3, ref_start_time: 2430541015580982, ref_stop_time: 2430541015605552, actual_exe_time: 24570, task_app_start_time:2430540090844933, task_sched_time:2430541015578372
app_id: 1, app_name: pulse_doppler_api-aarch64, task_id: 373, task_name: DASH_FFT, resource_name: fft1, ref_start_time: 2430541015864542, ref_stop_time: 2430541015964442, actual_exe_time: 99900, task_app_start_time:2430540100558994, task_sched_time:2430541015835622
app_id: 3, app_name: pulse_doppler_api-aarch64, task_id: 351, task_name: DASH_FFT, resource_name: fft2, ref_start_time: 2430541016191872, ref_stop_time: 2430541016218512, actual_exe_time: 26640, task_app_start_time:2430540120723348, task_sched_time:2430541016188662
app_id: 2, app_name: pulse_doppler_api-aarch64, task_id: 385, task_name: DASH_FFT, resource_name: cpu1, ref_start_time: 2430541016668062, ref_stop_time: 2430541016689242, actual_exe_time: 21180, task_app_start_time:2430540110712946, task_sched_time:2430541016659242
app_id: 0, app_name: pulse_doppler_api-aarch64, task_id: 379, task_name: DASH_FFT, resource_name: cpu2, ref_start_time: 2430541017200142, ref_stop_time: 2430541017222552, actual_exe_time: 22410, task_app_start_time:2430540090844933, task_sched_time:2430541017138612
app_id: 1, app_name: pulse_doppler_api-aarch64, task_id: 374, task_name: DASH_FFT, resource_name: cpu3, ref_start_time: 2430541017435462, ref_stop_time: 2430541017633462, actual_exe_time: 198000, task_app_start_time:2430540100558994, task_sched_time:2430541017430572
app_id: 3, app_name: pulse_doppler_api-aarch64, task_id: 352, task_name: DASH_FFT, resource_name: fft1, ref_start_time: 2430541018049142, ref_stop_time: 2430541018074192, actual_exe_time: 25050, task_app_start_time:2430540120723348, task_sched_time:2430541018035222
app_id: 0, app_name: pulse_doppler_api-aarch64, task_id: 380, task_name: DASH_FFT, resource_name: fft2, ref_start_time: 2430541018560102, ref_stop_time: 2430541018596492, actual_exe_time: 36390, task_app_start_time:2430540090844933, task_sched_time:2430541018551912
app_id: 3, app_name: pulse_doppler_api-aarch64, task_id: 353, task_name: DASH_FFT, resource_name: cpu1, ref_start_time: 2430541019396232, ref_stop_time: 2430541019417502, actual_exe_time: 21270, task_app_start_time:2430540120723348, task_sched_time:2430541019386212
app_id: 1, app_name: pulse_doppler_api-aarch64, task_id: 375, task_name: DASH_FFT, resource_name: cpu2, ref_start_time: 2430541021154023, ref_stop_time: 2430541021177123, actual_exe_time: 23100, task_app_start_time:2430540100558994, task_sched_time:2430541021146283
app_id: 2, app_name: pulse_doppler_api-aarch64, task_id: 386, task_name: DASH_FFT, resource_name: cpu3, ref_start_time: 2430541021488853, ref_stop_time: 2430541021511143, actual_exe_time: 22290, task_app_start_time:2430540110712946, task_sched_time:2430541021482823
app_id: 1, app_name: pulse_doppler_api-aarch64, task_id: 376, task_name: DASH_FFT, resource_name: fft1, ref_start_time: 2430541022054983, ref_stop_time: 2430541022081203, actual_exe_time: 26220, task_app_start_time:2430540100558994, task_sched_time:2430541022049283
app_id: 0, app_name: pulse_doppler_api-aarch64, task_id: 381, task_name: DASH_FFT, resource_name: fft2, ref_start_time: 2430541022773603, ref_stop_time: 2430541022801383, actual_exe_time: 27780, task_app_start_time:2430540090844933, task_sched_time:2430541022729383
app_id: 3, app_name: pulse_doppler_api-aarch64, task_id: 354, task_name: DASH_FFT, resource_name: cpu1, ref_start_time: 2430541023162913, ref_stop_time: 2430541023184093, actual_exe_time: 21180, task_app_start_time:2430540120723348, task_sched_time:2430541023156553
app_id: 2, app_name: pulse_doppler_api-aarch64, task_id: 387, task_name: DASH_FFT, resource_name: cpu2, ref_start_time: 2430541023663253, ref_stop_time: 2430541023688213, actual_exe_time: 24960, task_app_start_time:2430540110712946, task_sched_time:2430541023660313
app_id: 0, app_name: pulse_doppler_api-aarch64, task_id: 382, task_name: DASH_FFT, resource_name: cpu3, ref_start_time: 2430541024314703, ref_stop_time: 2430541024338913, actual_exe_time: 24210, task_app_start_time:2430540090844933, task_sched_time:2430541024311103
app_id: 3, app_name: pulse_doppler_api-aarch64, task_id: 355, task_name: DASH_FFT, resource_name: fft1, ref_start_time: 2430541024684813, ref_stop_time: 2430541024875433, actual_exe_time: 190620, task_app_start_time:2430540120723348, task_sched_time:2430541024676113
app_id: 2, app_name: pulse_doppler_api-aarch64, task_id: 388, task_name: DASH_FFT, resource_name: fft2, ref_start_time: 2430541024959463, ref_stop_time: 2430541025272453, actual_exe_time: 312990, task_app_start_time:2430540110712946, task_sched_time:2430541024875493
app_id: 1, app_name: pulse_doppler_api-aarch64, task_id: 377, task_name: DASH_FFT, resource_name: cpu1, ref_start_time: 2430541025733433, ref_stop_time: 2430541025755573, actual_exe_time: 22140, task_app_start_time:2430540100558994, task_sched_time:2430541025730643
app_id: 3, app_name: pulse_doppler_api-aarch64, task_id: 356, task_name: DASH_FFT, resource_name: cpu2, ref_start_time: 2430541026237103, ref_stop_time: 2430541026454273, actual_exe_time: 217170, task_app_start_time:2430540120723348, task_sched_time:2430541026231943
app_id: 2, app_name: pulse_doppler_api-aarch64, task_id: 389, task_name: DASH_FFT, resource_name: cpu3, ref_start_time: 2430541026586933, ref_stop_time: 2430541026609403, actual_exe_time: 22470, task_app_start_time:2430540110712946, task_sched_time:2430541026583453
app_id: 1, app_name: pulse_doppler_api-aarch64, task_id: 378, task_name: DASH_FFT, resource_name: fft1, ref_start_time: 2430541027251734, ref_stop_time: 2430541027277144, actual_exe_time: 25410, task_app_start_time:2430540100558994, task_sched_time:2430541027246784
app_id: 0, app_name: pulse_doppler_api-aarch64, task_id: 383, task_name: DASH_FFT, resource_name: fft2, ref_start_time: 2430541027725824, ref_stop_time: 2430541027763984, actual_exe_time: 38160, task_app_start_time:2430540090844933, task_sched_time:2430541027721174
app_id: 3, app_name: pulse_doppler_api-aarch64, task_id: 357, task_name: DASH_FFT, resource_name: cpu1, ref_start_time: 2430541028150594, ref_stop_time: 2430541028335094, actual_exe_time: 184500, task_app_start_time:2430540120723348, task_sched_time:2430541028140874
app_id: 1, app_name: pulse_doppler_api-aarch64, task_id: 379, task_name: DASH_FFT, resource_name: cpu2, ref_start_time: 2430541028537774, ref_stop_time: 2430541028702804, actual_exe_time: 165030, task_app_start_time:2430540100558994, task_sched_time:2430541028534384
app_id: 2, app_name: pulse_doppler_api-aarch64, task_id: 390, task_name: DASH_FFT, resource_name: cpu3, ref_start_time: 2430541029467834, ref_stop_time: 2430541029490454, actual_exe_time: 22620, task_app_start_time:2430540110712946, task_sched_time:2430541029462524
app_id: 3, app_name: pulse_doppler_api-aarch64, task_id: 358, task_name: DASH_FFT, resource_name: fft1, ref_start_time: 2430541029517364, ref_stop_time: 2430541029544064, actual_exe_time: 26700, task_app_start_time:2430540120723348, task_sched_time:2430541029513194
app_id: 0, app_name: pulse_doppler_api-aarch64, task_id: 384, task_name: DASH_FFT, resource_name: fft2, ref_start_time: 2430541029618464, ref_stop_time: 2430541029645284, actual_exe_time: 26820, task_app_start_time:2430540090844933, task_sched_time:2430541029558914
app_id: 1, app_name: pulse_doppler_api-aarch64, task_id: 380, task_name: DASH_FFT, resource_name: cpu1, ref_start_time: 2430541030744904, ref_stop_time: 2430541030766294, actual_exe_time: 21390, task_app_start_time:2430540100558994, task_sched_time:2430541030739354
app_id: 3, app_name: pulse_doppler_api-aarch64, task_id: 359, task_name: DASH_FFT, resource_name: cpu2, ref_start_time: 2430541031259674, ref_stop_time: 2430541031571584, actual_exe_time: 311910, task_app_start_time:2430540120723348, task_sched_time:2430541031256074
app_id: 2, app_name: pulse_doppler_api-aarch64, task_id: 391, task_name: DASH_FFT, resource_name: cpu3, ref_start_time: 2430541031577434, ref_stop_time: 2430541031814674, actual_exe_time: 237240, task_app_start_time:2430540110712946, task_sched_time:2430541031571014
app_id: 1, app_name: pulse_doppler_api-aarch64, task_id: 381, task_name: DASH_FFT, resource_name: fft1, ref_start_time: 2430541031908124, ref_stop_time: 2430541032352784, actual_exe_time: 444660, task_app_start_time:2430540100558994, task_sched_time:2430541031897534
app_id: 0, app_name: pulse_doppler_api-aarch64, task_id: 385, task_name: DASH_FFT, resource_name: fft2, ref_start_time: 2430541032439874, ref_stop_time: 2430541032616994, actual_exe_time: 177120, task_app_start_time:2430540090844933, task_sched_time:2430541032404114
app_id: 2, app_name: pulse_doppler_api-aarch64, task_id: 392, task_name: DASH_FFT, resource_name: cpu1, ref_start_time: 2430541033089075, ref_stop_time: 2430541033109595, actual_exe_time: 20520, task_app_start_time:2430540110712946, task_sched_time:2430541033075545
app_id: 3, app_name: pulse_doppler_api-aarch64, task_id: 360, task_name: DASH_FFT, resource_name: cpu2, ref_start_time: 2430541033500285, ref_stop_time: 2430541033523085, actual_exe_time: 22800, task_app_start_time:2430540120723348, task_sched_time:2430541033454655
app_id: 1, app_name: pulse_doppler_api-aarch64, task_id: 382, task_name: DASH_FFT, resource_name: cpu3, ref_start_time: 2430541034323665, ref_stop_time: 2430541034347905, actual_exe_time: 24240, task_app_start_time:2430540100558994, task_sched_time:2430541034317365
app_id: 0, app_name: pulse_doppler_api-aarch64, task_id: 386, task_name: DASH_FFT, resource_name: fft1, ref_start_time: 2430541034608695, ref_stop_time: 2430541035360885, actual_exe_time: 752190, task_app_start_time:2430540090844933, task_sched_time:2430541034599245
app_id: 3, app_name: pulse_doppler_api-aarch64, task_id: 361, task_name: DASH_FFT, resource_name: fft2, ref_start_time: 2430541034845695, ref_stop_time: 2430541035021315, actual_exe_time: 175620, task_app_start_time:2430540120723348, task_sched_time:2430541034816265
app_id: 2, app_name: pulse_doppler_api-aarch64, task_id: 393, task_name: DASH_FFT, resource_name: cpu1, ref_start_time: 2430541035244995, ref_stop_time: 2430541035266025, actual_exe_time: 21030, task_app_start_time:2430540110712946, task_sched_time:2430541035236685
app_id: 1, app_name: pulse_doppler_api-aarch64, task_id: 383, task_name: DASH_FFT, resource_name: cpu2, ref_start_time: 2430541035764175, ref_stop_time: 2430541035788265, actual_exe_time: 24090, task_app_start_time:2430540100558994, task_sched_time:2430541035754365
app_id: 0, app_name: pulse_doppler_api-aarch64, task_id: 387, task_name: DASH_FFT, resource_name: cpu3, ref_start_time: 2430541036872225, ref_stop_time: 2430541037032005, actual_exe_time: 159780, task_app_start_time:2430540090844933, task_sched_time:2430541036868865
app_id: 3, app_name: pulse_doppler_api-aarch64, task_id: 362, task_name: DASH_FFT, resource_name: fft2, ref_start_time: 2430541037442975, ref_stop_time: 2430541037482005, actual_exe_time: 39030, task_app_start_time:2430540120723348, task_sched_time:2430541037397915
app_id: 2, app_name: pulse_doppler_api-aarch64, task_id: 394, task_name: DASH_FFT, resource_name: fft1, ref_start_time: 2430541037616735, ref_stop_time: 2430541037642535, actual_exe_time: 25800, task_app_start_time:2430540110712946, task_sched_time:2430541037349795
app_id: 1, app_name: pulse_doppler_api-aarch64, task_id: 384, task_name: DASH_FFT, resource_name: cpu1, ref_start_time: 2430541038329385, ref_stop_time: 2430541038351015, actual_exe_time: 21630, task_app_start_time:2430540100558994, task_sched_time:2430541038316515
app_id: 2, app_name: pulse_doppler_api-aarch64, task_id: 395, task_name: DASH_FFT, resource_name: cpu2, ref_start_time: 2430541038525465, ref_stop_time: 2430541038550695, actual_exe_time: 25230, task_app_start_time:2430540110712946, task_sched_time:2430541038517605
app_id: 0, app_name: pulse_doppler_api-aarch64, task_id: 388, task_name: DASH_FFT, resource_name: cpu3, ref_start_time: 2430541039062975, ref_stop_time: 2430541039336066, actual_exe_time: 273091, task_app_start_time:2430540090844933, task_sched_time:2430541039056015
app_id: 3, app_name: pulse_doppler_api-aarch64, task_id: 363, task_name: DASH_FFT, resource_name: fft1, ref_start_time: 2430541039195846, ref_stop_time: 2430541039559206, actual_exe_time: 363360, task_app_start_time:2430540120723348, task_sched_time:2430541039185136
app_id: 2, app_name: pulse_doppler_api-aarch64, task_id: 396, task_name: DASH_FFT, resource_name: fft2, ref_start_time: 2430541040106286, ref_stop_time: 2430541040135086, actual_exe_time: 28800, task_app_start_time:2430540110712946, task_sched_time:2430541040102596
app_id: 1, app_name: pulse_doppler_api-aarch64, task_id: 385, task_name: DASH_FFT, resource_name: cpu1, ref_start_time: 2430541040766916, ref_stop_time: 2430541040788366, actual_exe_time: 21450, task_app_start_time:2430540100558994, task_sched_time:2430541040758576
app_id: 3, app_name: pulse_doppler_api-aarch64, task_id: 364, task_name: DASH_FFT, resource_name: cpu2, ref_start_time: 2430541041347746, ref_stop_time: 2430541041586036, actual_exe_time: 238290, task_app_start_time:2430540120723348, task_sched_time:2430541041343006
app_id: 2, app_name: pulse_doppler_api-aarch64, task_id: 397, task_name: DASH_FFT, resource_name: cpu3, ref_start_time: 2430541041938716, ref_stop_time: 2430541042192546, actual_exe_time: 253830, task_app_start_time:2430540110712946, task_sched_time:2430541041934726
app_id: 0, app_name: pulse_doppler_api-aarch64, task_id: 389, task_name: DASH_FFT, resource_name: fft1, ref_start_time: 2430541042043926, ref_stop_time: 2430541042069396, actual_exe_time: 25470, task_app_start_time:2430540090844933, task_sched_time:2430541042033396
app_id: 1, app_name: pulse_doppler_api-aarch64, task_id: 386, task_name: DASH_FFT, resource_name: fft2, ref_start_time: 2430541042458646, ref_stop_time: 2430541042485676, actual_exe_time: 27030, task_app_start_time:2430540100558994, task_sched_time:2430541042385746
app_id: 3, app_name: pulse_doppler_api-aarch64, task_id: 365, task_name: DASH_FFT, resource_name: cpu1, ref_start_time: 2430541043072086, ref_stop_time: 2430541043094016, actual_exe_time: 21930, task_app_start_time:2430540120723348, task_sched_time:2430541043061076
app_id: 0, app_name: pulse_doppler_api-aarch64, task_id: 390, task_name: DASH_FFT, resource_name: cpu2, ref_start_time: 2430541043814616, ref_stop_time: 2430541043851306, actual_exe_time: 36690, task_app_start_time:2430540090844933, task_sched_time:2430541043800576
app_id: 2, app_name: pulse_doppler_api-aarch64, task_id: 398, task_name: DASH_FFT, resource_name: cpu3, ref_start_time: 2430541044127336, ref_stop_time: 2430541044399346, actual_exe_time: 272010, task_app_start_time:2430540110712946, task_sched_time:2430541044108256
app_id: 1, app_name: pulse_doppler_api-aarch64, task_id: 387, task_name: DASH_FFT, resource_name: fft1, ref_start_time: 2430541044447556, ref_stop_time: 2430541044625786, actual_exe_time: 178230, task_app_start_time:2430540100558994, task_sched_time:2430541044440206
app_id: 0, app_name: pulse_doppler_api-aarch64, task_id: 391, task_name: DASH_FFT, resource_name: fft2, ref_start_time: 2430541044880606, ref_stop_time: 2430541045502657, actual_exe_time: 622051, task_app_start_time:2430540090844933, task_sched_time:2430541044841306
app_id: 3, app_name: pulse_doppler_api-aarch64, task_id: 366, task_name: DASH_FFT, resource_name: cpu1, ref_start_time: 2430541045736927, ref_stop_time: 2430541045758527, actual_exe_time: 21600, task_app_start_time:2430540120723348, task_sched_time:2430541045725617
app_id: 2, app_name: pulse_doppler_api-aarch64, task_id: 399, task_name: DASH_FFT, resource_name: cpu2, ref_start_time: 2430541045792667, ref_stop_time: 2430541045817897, actual_exe_time: 25230, task_app_start_time:2430540110712946, task_sched_time:2430541045773257
app_id: 1, app_name: pulse_doppler_api-aarch64, task_id: 388, task_name: DASH_FFT, resource_name: cpu3, ref_start_time: 2430541046611157, ref_stop_time: 2430541046635667, actual_exe_time: 24510, task_app_start_time:2430540100558994, task_sched_time:2430541046605577
app_id: 3, app_name: pulse_doppler_api-aarch64, task_id: 367, task_name: DASH_FFT, resource_name: fft1, ref_start_time: 2430541047118787, ref_stop_time: 2430541047319577, actual_exe_time: 200790, task_app_start_time:2430540120723348, task_sched_time:2430541047112457
app_id: 0, app_name: pulse_doppler_api-aarch64, task_id: 392, task_name: DASH_FFT, resource_name: fft2, ref_start_time: 2430541047677387, ref_stop_time: 2430541047704087, actual_exe_time: 26700, task_app_start_time:2430540090844933, task_sched_time:2430541047673937
app_id: 1, app_name: pulse_doppler_api-aarch64, task_id: 389, task_name: DASH_FFT, resource_name: cpu1, ref_start_time: 2430541048277957, ref_stop_time: 2430541048299557, actual_exe_time: 21600, task_app_start_time:2430540100558994, task_sched_time:2430541048269647
app_id: 3, app_name: pulse_doppler_api-aarch64, task_id: 368, task_name: DASH_FFT, resource_name: cpu2, ref_start_time: 2430541048585577, ref_stop_time: 2430541048890527, actual_exe_time: 304950, task_app_start_time:2430540120723348, task_sched_time:2430541048580267
app_id: 0, app_name: pulse_doppler_api-aarch64, task_id: 393, task_name: DASH_FFT, resource_name: cpu3, ref_start_time: 2430541048899107, ref_stop_time: 2430541049375627, actual_exe_time: 476520, task_app_start_time:2430540090844933, task_sched_time:2430541048887377
app_id: 2, app_name: pulse_doppler_api-aarch64, task_id: 400, task_name: DASH_FFT, resource_name: fft1, ref_start_time: 2430541049394107, ref_stop_time: 2430541049419727, actual_exe_time: 25620, task_app_start_time:2430540110712946, task_sched_time:2430541049387837
app_id: 1, app_name: pulse_doppler_api-aarch64, task_id: 390, task_name: DASH_FFT, resource_name: fft2, ref_start_time: 2430541050028337, ref_stop_time: 2430541050060257, actual_exe_time: 31920, task_app_start_time:2430540100558994, task_sched_time:2430541049887637
app_id: 3, app_name: pulse_doppler_api-aarch64, task_id: 369, task_name: DASH_FFT, resource_name: cpu1, ref_start_time: 2430541050897587, ref_stop_time: 2430541050919367, actual_exe_time: 21780, task_app_start_time:2430540120723348, task_sched_time:2430541050886337
app_id: 0, app_name: pulse_doppler_api-aarch64, task_id: 394, task_name: DASH_FFT, resource_name: cpu2, ref_start_time: 2430541051219097, ref_stop_time: 2430541051398827, actual_exe_time: 179730, task_app_start_time:2430540090844933, task_sched_time:2430541051209977
app_id: 1, app_name: pulse_doppler_api-aarch64, task_id: 391, task_name: DASH_FFT, resource_name: cpu3, ref_start_time: 2430541051609998, ref_stop_time: 2430541051634328, actual_exe_time: 24330, task_app_start_time:2430540100558994, task_sched_time:2430541051606128
app_id: 3, app_name: pulse_doppler_api-aarch64, task_id: 370, task_name: DASH_FFT, resource_name: fft1, ref_start_time: 2430541052181258, ref_stop_time: 2430541052206938, actual_exe_time: 25680, task_app_start_time:2430540120723348, task_sched_time:2430541052169558
app_id: 2, app_name: pulse_doppler_api-aarch64, task_id: 401, task_name: DASH_FFT, resource_name: fft2, ref_start_time: 2430541052592888, ref_stop_time: 2430541052745078, actual_exe_time: 152190, task_app_start_time:2430540110712946, task_sched_time:2430541052506908
app_id: 0, app_name: pulse_doppler_api-aarch64, task_id: 395, task_name: DASH_FFT, resource_name: cpu1, ref_start_time: 2430541053160038, ref_stop_time: 2430541053181308, actual_exe_time: 21270, task_app_start_time:2430540090844933, task_sched_time:2430541053152838
app_id: 3, app_name: pulse_doppler_api-aarch64, task_id: 371, task_name: DASH_FFT, resource_name: cpu2, ref_start_time: 2430541053764988, ref_stop_time: 2430541053788868, actual_exe_time: 23880, task_app_start_time:2430540120723348, task_sched_time:2430541053758238
app_id: 2, app_name: pulse_doppler_api-aarch64, task_id: 402, task_name: DASH_FFT, resource_name: cpu3, ref_start_time: 2430541054102638, ref_stop_time: 2430541054215648, actual_exe_time: 113010, task_app_start_time:2430540110712946, task_sched_time:2430541054095948
app_id: 1, app_name: pulse_doppler_api-aarch64, task_id: 392, task_name: DASH_FFT, resource_name: fft1, ref_start_time: 2430541054616328, ref_stop_time: 2430541054983258, actual_exe_time: 366930, task_app_start_time:2430540100558994, task_sched_time:2430541054608528
app_id: 0, app_name: pulse_doppler_api-aarch64, task_id: 396, task_name: DASH_FFT, resource_name: fft2, ref_start_time: 2430541054734108, ref_stop_time: 2430541054953258, actual_exe_time: 219150, task_app_start_time:2430540090844933, task_sched_time:2430541054724778
app_id: 2, app_name: pulse_doppler_api-aarch64, task_id: 403, task_name: DASH_FFT, resource_name: cpu1, ref_start_time: 2430541055460348, ref_stop_time: 2430541055562888, actual_exe_time: 102540, task_app_start_time:2430540110712946, task_sched_time:2430541055454858
app_id: 3, app_name: pulse_doppler_api-aarch64, task_id: 372, task_name: DASH_FFT, resource_name: cpu2, ref_start_time: 2430541055998398, ref_stop_time: 2430541056281718, actual_exe_time: 283320, task_app_start_time:2430540120723348, task_sched_time:2430541055947098
app_id: 1, app_name: pulse_doppler_api-aarch64, task_id: 393, task_name: DASH_FFT, resource_name: cpu3, ref_start_time: 2430541056783258, ref_stop_time: 2430541056807798, actual_exe_time: 24540, task_app_start_time:2430540100558994, task_sched_time:2430541056775758
app_id: 0, app_name: pulse_doppler_api-aarch64, task_id: 397, task_name: DASH_FFT, resource_name: fft1, ref_start_time: 2430541056842298, ref_stop_time: 2430541056868188, actual_exe_time: 25890, task_app_start_time:2430540090844933, task_sched_time:2430541056829458
app_id: 2, app_name: pulse_doppler_api-aarch64, task_id: 404, task_name: DASH_FFT, resource_name: fft2, ref_start_time: 2430541057145538, ref_stop_time: 2430541057174668, actual_exe_time: 29130, task_app_start_time:2430540110712946, task_sched_time:2430541057139778
app_id: 1, app_name: pulse_doppler_api-aarch64, task_id: 394, task_name: DASH_FFT, resource_name: cpu1, ref_start_time: 2430541057859749, ref_stop_time: 2430541057881139, actual_exe_time: 21390, task_app_start_time:2430540100558994, task_sched_time:2430541057853509
app_id: 3, app_name: pulse_doppler_api-aarch64, task_id: 373, task_name: DASH_FFT, resource_name: cpu2, ref_start_time: 2430541058228779, ref_stop_time: 2430541058435239, actual_exe_time: 206460, task_app_start_time:2430540120723348, task_sched_time:2430541058225419
app_id: 2, app_name: pulse_doppler_api-aarch64, task_id: 405, task_name: DASH_FFT, resource_name: cpu3, ref_start_time: 2430541058532109, ref_stop_time: 2430541058863699, actual_exe_time: 331590, task_app_start_time:2430540110712946, task_sched_time:2430541058510629
app_id: 1, app_name: pulse_doppler_api-aarch64, task_id: 395, task_name: DASH_FFT, resource_name: fft1, ref_start_time: 2430541058960299, ref_stop_time: 2430541059405889, actual_exe_time: 445590, task_app_start_time:2430540100558994, task_sched_time:2430541058956729
app_id: 3, app_name: pulse_doppler_api-aarch64, task_id: 374, task_name: DASH_FFT, resource_name: fft2, ref_start_time: 2430541059673519, ref_stop_time: 2430541059710359, actual_exe_time: 36840, task_app_start_time:2430540120723348, task_sched_time:2430541059665689
app_id: 2, app_name: pulse_doppler_api-aarch64, task_id: 406, task_name: DASH_FFT, resource_name: cpu1, ref_start_time: 2430541060556899, ref_stop_time: 2430541060578709, actual_exe_time: 21810, task_app_start_time:2430540110712946, task_sched_time:2430541060545919
app_id: 0, app_name: pulse_doppler_api-aarch64, task_id: 398, task_name: DASH_FFT, resource_name: cpu2, ref_start_time: 2430541060742989, ref_stop_time: 2430541060914109, actual_exe_time: 171120, task_app_start_time:2430540090844933, task_sched_time:2430541060675369
app_id: 3, app_name: pulse_doppler_api-aarch64, task_id: 375, task_name: DASH_FFT, resource_name: cpu3, ref_start_time: 2430541061078209, ref_stop_time: 2430541061456329, actual_exe_time: 378120, task_app_start_time:2430540120723348, task_sched_time:2430541061044219
app_id: 1, app_name: pulse_doppler_api-aarch64, task_id: 396, task_name: DASH_FFT, resource_name: fft1, ref_start_time: 2430541061690779, ref_stop_time: 2430541061818969, actual_exe_time: 128190, task_app_start_time:2430540100558994, task_sched_time:2430541061684209
app_id: 0, app_name: pulse_doppler_api-aarch64, task_id: 399, task_name: DASH_FFT, resource_name: fft2, ref_start_time: 2430541062295579, ref_stop_time: 2430541062398149, actual_exe_time: 102570, task_app_start_time:2430540090844933, task_sched_time:2430541062243919
app_id: 3, app_name: pulse_doppler_api-aarch64, task_id: 376, task_name: DASH_FFT, resource_name: cpu1, ref_start_time: 2430541062531499, ref_stop_time: 2430541062638269, actual_exe_time: 106770, task_app_start_time:2430540120723348, task_sched_time:2430541062522229
app_id: 0, app_name: pulse_doppler_api-aarch64, task_id: 400, task_name: DASH_FFT, resource_name: cpu2, ref_start_time: 2430541062987199, ref_stop_time: 2430541063009609, actual_exe_time: 22410, task_app_start_time:2430540090844933, task_sched_time:2430541062984049
app_id: 1, app_name: pulse_doppler_api-aarch64, task_id: 397, task_name: DASH_FFT, resource_name: cpu3, ref_start_time: 2430541063564939, ref_stop_time: 2430541063589419, actual_exe_time: 24480, task_app_start_time:2430540100558994, task_sched_time:2430541063557049
app_id: 2, app_name: pulse_doppler_api-aarch64, task_id: 407, task_name: DASH_FFT, resource_name: fft1, ref_start_time: 2430541065063980, ref_stop_time: 2430541065613400, actual_exe_time: 549420, task_app_start_time:2430540110712946, task_sched_time:2430541065054200
app_id: 0, app_name: pulse_doppler_api-aarch64, task_id: 401, task_name: DASH_FFT, resource_name: fft2, ref_start_time: 2430541065321740, ref_stop_time: 2430541065828290, actual_exe_time: 506550, task_app_start_time:2430540090844933, task_sched_time:2430541065311750
app_id: 3, app_name: pulse_doppler_api-aarch64, task_id: 377, task_name: DASH_FFT, resource_name: cpu1, ref_start_time: 2430541065751580, ref_stop_time: 2430541065773450, actual_exe_time: 21870, task_app_start_time:2430540120723348, task_sched_time:2430541065737900
app_id: 1, app_name: pulse_doppler_api-aarch64, task_id: 398, task_name: DASH_FFT, resource_name: cpu2, ref_start_time: 2430541066656920, ref_stop_time: 2430541066679810, actual_exe_time: 22890, task_app_start_time:2430540100558994, task_sched_time:2430541066648310
app_id: 1, app_name: pulse_doppler_api-aarch64, task_id: 399, task_name: DASH_FFT, resource_name: cpu3, ref_start_time: 2430541067027420, ref_stop_time: 2430541067052470, actual_exe_time: 25050, task_app_start_time:2430540100558994, task_sched_time:2430541067022560
app_id: 0, app_name: pulse_doppler_api-aarch64, task_id: 402, task_name: DASH_FFT, resource_name: fft1, ref_start_time: 2430541067339510, ref_stop_time: 2430541067364770, actual_exe_time: 25260, task_app_start_time:2430540090844933, task_sched_time:2430541067332190
app_id: 3, app_name: pulse_doppler_api-aarch64, task_id: 378, task_name: DASH_FFT, resource_name: fft2, ref_start_time: 2430541067673260, ref_stop_time: 2430541068191210, actual_exe_time: 517950, task_app_start_time:2430540120723348, task_sched_time:2430541067625170
app_id: 2, app_name: pulse_doppler_api-aarch64, task_id: 408, task_name: DASH_FFT, resource_name: cpu1, ref_start_time: 2430541068346580, ref_stop_time: 2430541068367700, actual_exe_time: 21120, task_app_start_time:2430540110712946, task_sched_time:2430541068343490
app_id: 3, app_name: pulse_doppler_api-aarch64, task_id: 379, task_name: DASH_FFT, resource_name: cpu2, ref_start_time: 2430541068707630, ref_stop_time: 2430541068730070, actual_exe_time: 22440, task_app_start_time:2430540120723348, task_sched_time:2430541068698210
app_id: 0, app_name: pulse_doppler_api-aarch64, task_id: 403, task_name: DASH_FFT, resource_name: cpu3, ref_start_time: 2430541069412210, ref_stop_time: 2430541069436690, actual_exe_time: 24480, task_app_start_time:2430540090844933, task_sched_time:2430541069406570
app_id: 1, app_name: pulse_doppler_api-aarch64, task_id: 400, task_name: DASH_FFT, resource_name: fft1, ref_start_time: 2430541069786490, ref_stop_time: 2430541069954010, actual_exe_time: 167520, task_app_start_time:2430540100558994, task_sched_time:2430541069779350
app_id: 3, app_name: pulse_doppler_api-aarch64, task_id: 380, task_name: DASH_FFT, resource_name: fft2, ref_start_time: 2430541070154411, ref_stop_time: 2430541070190741, actual_exe_time: 36330, task_app_start_time:2430540120723348, task_sched_time:2430541070146131
app_id: 0, app_name: pulse_doppler_api-aarch64, task_id: 404, task_name: DASH_FFT, resource_name: cpu1, ref_start_time: 2430541071341691, ref_stop_time: 2430541071362841, actual_exe_time: 21150, task_app_start_time:2430540090844933, task_sched_time:2430541071335241
app_id: 2, app_name: pulse_doppler_api-aarch64, task_id: 409, task_name: DASH_FFT, resource_name: cpu2, ref_start_time: 2430541071504231, ref_stop_time: 2430541071842271, actual_exe_time: 338040, task_app_start_time:2430540110712946, task_sched_time:2430541071459291
app_id: 1, app_name: pulse_doppler_api-aarch64, task_id: 401, task_name: DASH_FFT, resource_name: cpu3, ref_start_time: 2430541072068171, ref_stop_time: 2430541072092351, actual_exe_time: 24180, task_app_start_time:2430540100558994, task_sched_time:2430541072065291
app_id: 3, app_name: pulse_doppler_api-aarch64, task_id: 381, task_name: DASH_FFT, resource_name: fft1, ref_start_time: 2430541072129251, ref_stop_time: 2430541072655241, actual_exe_time: 525990, task_app_start_time:2430540120723348, task_sched_time:2430541072115091
app_id: 0, app_name: pulse_doppler_api-aarch64, task_id: 405, task_name: DASH_FFT, resource_name: fft2, ref_start_time: 2430541072171911, ref_stop_time: 2430541072775991, actual_exe_time: 604080, task_app_start_time:2430540090844933, task_sched_time:2430541072168611
app_id: 1, app_name: pulse_doppler_api-aarch64, task_id: 402, task_name: DASH_FFT, resource_name: cpu1, ref_start_time: 2430541073300841, ref_stop_time: 2430541073466981, actual_exe_time: 166140, task_app_start_time:2430540100558994, task_sched_time:2430541073295501
app_id: 2, app_name: pulse_doppler_api-aarch64, task_id: 410, task_name: DASH_FFT, resource_name: cpu2, ref_start_time: 2430541073532981, ref_stop_time: 2430541073667651, actual_exe_time: 134670, task_app_start_time:2430540110712946, task_sched_time:2430541073445471
app_id: 0, app_name: pulse_doppler_api-aarch64, task_id: 406, task_name: DASH_FFT, resource_name: cpu3, ref_start_time: 2430541073820771, ref_stop_time: 2430541073958081, actual_exe_time: 137310, task_app_start_time:2430540090844933, task_sched_time:2430541073788911
app_id: 3, app_name: pulse_doppler_api-aarch64, task_id: 382, task_name: DASH_FFT, resource_name: fft1, ref_start_time: 2430541074493671, ref_stop_time: 2430541074662271, actual_exe_time: 168600, task_app_start_time:2430540120723348, task_sched_time:2430541074485991
app_id: 0, app_name: pulse_doppler_api-aarch64, task_id: 407, task_name: DASH_FFT, resource_name: fft2, ref_start_time: 2430541074696501, ref_stop_time: 2430541074723231, actual_exe_time: 26730, task_app_start_time:2430540090844933, task_sched_time:2430541074680631
app_id: 2, app_name: pulse_doppler_api-aarch64, task_id: 411, task_name: DASH_FFT, resource_name: cpu1, ref_start_time: 2430541075399971, ref_stop_time: 2430541075527111, actual_exe_time: 127140, task_app_start_time:2430540110712946, task_sched_time:2430541075390761
app_id: 1, app_name: pulse_doppler_api-aarch64, task_id: 403, task_name: DASH_FFT, resource_name: cpu2, ref_start_time: 2430541075726851, ref_stop_time: 2430541075942431, actual_exe_time: 215580, task_app_start_time:2430540100558994, task_sched_time:2430541075722411
app_id: 3, app_name: pulse_doppler_api-aarch64, task_id: 383, task_name: DASH_FFT, resource_name: cpu3, ref_start_time: 2430541075970901, ref_stop_time: 2430541076600692, actual_exe_time: 629791, task_app_start_time:2430540120723348, task_sched_time:2430541075945371
app_id: 0, app_name: pulse_doppler_api-aarch64, task_id: 408, task_name: DASH_FFT, resource_name: fft1, ref_start_time: 2430541077249232, ref_stop_time: 2430541077275452, actual_exe_time: 26220, task_app_start_time:2430540090844933, task_sched_time:2430541077243142
app_id: 2, app_name: pulse_doppler_api-aarch64, task_id: 412, task_name: DASH_FFT, resource_name: fft2, ref_start_time: 2430541077915442, ref_stop_time: 2430541078143352, actual_exe_time: 227910, task_app_start_time:2430540110712946, task_sched_time:2430541077911932
app_id: 1, app_name: pulse_doppler_api-aarch64, task_id: 404, task_name: DASH_FFT, resource_name: cpu1, ref_start_time: 2430541078379122, ref_stop_time: 2430541078400752, actual_exe_time: 21630, task_app_start_time:2430540100558994, task_sched_time:2430541078366282
app_id: 3, app_name: pulse_doppler_api-aarch64, task_id: 384, task_name: DASH_FFT, resource_name: cpu2, ref_start_time: 2430541078557532, ref_stop_time: 2430541079603872, actual_exe_time: 1046340, task_app_start_time:2430540120723348, task_sched_time:2430541078552372
app_id: 0, app_name: pulse_doppler_api-aarch64, task_id: 409, task_name: DASH_FFT, resource_name: cpu3, ref_start_time: 2430541079181622, ref_stop_time: 2430541079353912, actual_exe_time: 172290, task_app_start_time:2430540090844933, task_sched_time:2430541079177692
app_id: 1, app_name: pulse_doppler_api-aarch64, task_id: 405, task_name: DASH_FFT, resource_name: fft1, ref_start_time: 2430541079567152, ref_stop_time: 2430541079591902, actual_exe_time: 24750, task_app_start_time:2430540100558994, task_sched_time:2430541079555992
app_id: 2, app_name: pulse_doppler_api-aarch64, task_id: 413, task_name: DASH_FFT, resource_name: fft2, ref_start_time: 2430541080583972, ref_stop_time: 2430541080720442, actual_exe_time: 136470, task_app_start_time:2430540110712946, task_sched_time:2430541080565792
app_id: 2, app_name: pulse_doppler_api-aarch64, task_id: 414, task_name: DASH_FFT, resource_name: cpu1, ref_start_time: 2430541081735732, ref_stop_time: 2430541081756852, actual_exe_time: 21120, task_app_start_time:2430540110712946, task_sched_time:2430541081732552
app_id: 3, app_name: pulse_doppler_api-aarch64, task_id: 385, task_name: DASH_FFT, resource_name: cpu2, ref_start_time: 2430541081990732, ref_stop_time: 2430541082491072, actual_exe_time: 500340, task_app_start_time:2430540120723348, task_sched_time:2430541081944562
app_id: 1, app_name: pulse_doppler_api-aarch64, task_id: 406, task_name: DASH_FFT, resource_name: cpu3, ref_start_time: 2430541082238862, ref_stop_time: 2430541083051623, actual_exe_time: 812761, task_app_start_time:2430540100558994, task_sched_time:2430541082232682
app_id: 0, app_name: pulse_doppler_api-aarch64, task_id: 410, task_name: DASH_FFT, resource_name: fft1, ref_start_time: 2430541082591213, ref_stop_time: 2430541082617013, actual_exe_time: 25800, task_app_start_time:2430540090844933, task_sched_time:2430541082577443
app_id: 2, app_name: pulse_doppler_api-aarch64, task_id: 415, task_name: DASH_FFT, resource_name: fft2, ref_start_time: 2430541083086513, ref_stop_time: 2430541083604613, actual_exe_time: 518100, task_app_start_time:2430540110712946, task_sched_time:2430541083066473
app_id: 3, app_name: pulse_doppler_api-aarch64, task_id: 386, task_name: DASH_FFT, resource_name: cpu1, ref_start_time: 2430541083903293, ref_stop_time: 2430541083924233, actual_exe_time: 20940, task_app_start_time:2430540120723348, task_sched_time:2430541083897053
app_id: 2, app_name: pulse_doppler_api-aarch64, task_id: 416, task_name: DASH_FFT, resource_name: cpu2, ref_start_time: 2430541084262843, ref_stop_time: 2430541084288253, actual_exe_time: 25410, task_app_start_time:2430540110712946, task_sched_time:2430541084191293
app_id: 0, app_name: pulse_doppler_api-aarch64, task_id: 411, task_name: DASH_FFT, resource_name: cpu3, ref_start_time: 2430541084561823, ref_stop_time: 2430541084718513, actual_exe_time: 156690, task_app_start_time:2430540090844933, task_sched_time:2430541084555433
app_id: 3, app_name: pulse_doppler_api-aarch64, task_id: 387, task_name: DASH_FFT, resource_name: fft1, ref_start_time: 2430541084822103, ref_stop_time: 2430541085338373, actual_exe_time: 516270, task_app_start_time:2430540120723348, task_sched_time:2430541084811723
app_id: 1, app_name: pulse_doppler_api-aarch64, task_id: 407, task_name: DASH_FFT, resource_name: fft2, ref_start_time: 2430541085411573, ref_stop_time: 2430541085438453, actual_exe_time: 26880, task_app_start_time:2430540100558994, task_sched_time:2430541085372873
app_id: 0, app_name: pulse_doppler_api-aarch64, task_id: 412, task_name: DASH_FFT, resource_name: cpu1, ref_start_time: 2430541086226253, ref_stop_time: 2430541086246833, actual_exe_time: 20580, task_app_start_time:2430540090844933, task_sched_time:2430541086214823
app_id: 2, app_name: pulse_doppler_api-aarch64, task_id: 417, task_name: DASH_FFT, resource_name: cpu2, ref_start_time: 2430541086339563, ref_stop_time: 2430541086444623, actual_exe_time: 105060, task_app_start_time:2430540110712946, task_sched_time:2430541086324113
app_id: 3, app_name: pulse_doppler_api-aarch64, task_id: 388, task_name: DASH_FFT, resource_name: cpu3, ref_start_time: 2430541087051103, ref_stop_time: 2430541087075883, actual_exe_time: 24780, task_app_start_time:2430540120723348, task_sched_time:2430541087045763
app_id: 1, app_name: pulse_doppler_api-aarch64, task_id: 408, task_name: DASH_FFT, resource_name: fft1, ref_start_time: 2430541087234973, ref_stop_time: 2430541087646393, actual_exe_time: 411420, task_app_start_time:2430540100558994, task_sched_time:2430541087225913
app_id: 0, app_name: pulse_doppler_api-aarch64, task_id: 413, task_name: DASH_FFT, resource_name: fft2, ref_start_time: 2430541087631573, ref_stop_time: 2430541088126033, actual_exe_time: 494460, task_app_start_time:2430540090844933, task_sched_time:2430541087625903
app_id: 2, app_name: pulse_doppler_api-aarch64, task_id: 418, task_name: DASH_FFT, resource_name: cpu1, ref_start_time: 2430541088572673, ref_stop_time: 2430541088594483, actual_exe_time: 21810, task_app_start_time:2430540110712946, task_sched_time:2430541088568803
app_id: 1, app_name: pulse_doppler_api-aarch64, task_id: 409, task_name: DASH_FFT, resource_name: cpu2, ref_start_time: 2430541089027204, ref_stop_time: 2430541089195954, actual_exe_time: 168750, task_app_start_time:2430540100558994, task_sched_time:2430541089018834
app_id: 0, app_name: pulse_doppler_api-aarch64, task_id: 414, task_name: DASH_FFT, resource_name: cpu3, ref_start_time: 2430541089408834, ref_stop_time: 2430541089433284, actual_exe_time: 24450, task_app_start_time:2430540090844933, task_sched_time:2430541089402174
app_id: 2, app_name: pulse_doppler_api-aarch64, task_id: 419, task_name: DASH_FFT, resource_name: fft1, ref_start_time: 2430541089816564, ref_stop_time: 2430541090042074, actual_exe_time: 225510, task_app_start_time:2430540110712946, task_sched_time:2430541089812364
app_id: 3, app_name: pulse_doppler_api-aarch64, task_id: 389, task_name: DASH_FFT, resource_name: fft2, ref_start_time: 2430541090259664, ref_stop_time: 2430541090287954, actual_exe_time: 28290, task_app_start_time:2430540120723348, task_sched_time:2430541090142574
app_id: 0, app_name: pulse_doppler_api-aarch64, task_id: 415, task_name: DASH_FFT, resource_name: cpu1, ref_start_time: 2430541090790634, ref_stop_time: 2430541090812174, actual_exe_time: 21540, task_app_start_time:2430540090844933, task_sched_time:2430541090787934
app_id: 2, app_name: pulse_doppler_api-aarch64, task_id: 420, task_name: DASH_FFT, resource_name: cpu2, ref_start_time: 2430541091243574, ref_stop_time: 2430541091433774, actual_exe_time: 190200, task_app_start_time:2430540110712946, task_sched_time:2430541091195634
app_id: 1, app_name: pulse_doppler_api-aarch64, task_id: 410, task_name: DASH_FFT, resource_name: cpu3, ref_start_time: 2430541091503314, ref_stop_time: 2430541092068814, actual_exe_time: 565500, task_app_start_time:2430540100558994, task_sched_time:2430541091498904
app_id: 0, app_name: pulse_doppler_api-aarch64, task_id: 416, task_name: DASH_FFT, resource_name: fft1, ref_start_time: 2430541092266694, ref_stop_time: 2430541092291984, actual_exe_time: 25290, task_app_start_time:2430540090844933, task_sched_time:2430541092253704
app_id: 3, app_name: pulse_doppler_api-aarch64, task_id: 390, task_name: DASH_FFT, resource_name: fft2, ref_start_time: 2430541092711984, ref_stop_time: 2430541092739224, actual_exe_time: 27240, task_app_start_time:2430540120723348, task_sched_time:2430541092663834
app_id: 2, app_name: pulse_doppler_api-aarch64, task_id: 421, task_name: DASH_FFT, resource_name: cpu1, ref_start_time: 2430541093127484, ref_stop_time: 2430541093148694, actual_exe_time: 21210, task_app_start_time:2430540110712946, task_sched_time:2430541093121964
app_id: 3, app_name: pulse_doppler_api-aarch64, task_id: 391, task_name: DASH_FFT, resource_name: cpu2, ref_start_time: 2430541093581384, ref_stop_time: 2430541093604364, actual_exe_time: 22980, task_app_start_time:2430540120723348, task_sched_time:2430541093530654
app_id: 1, app_name: pulse_doppler_api-aarch64, task_id: 411, task_name: DASH_FFT, resource_name: cpu3, ref_start_time: 2430541094234454, ref_stop_time: 2430541094258754, actual_exe_time: 24300, task_app_start_time:2430540100558994, task_sched_time:2430541094229234
app_id: 0, app_name: pulse_doppler_api-aarch64, task_id: 417, task_name: DASH_FFT, resource_name: fft1, ref_start_time: 2430541094620764, ref_stop_time: 2430541094761254, actual_exe_time: 140490, task_app_start_time:2430540090844933, task_sched_time:2430541094614524
app_id: 2, app_name: pulse_doppler_api-aarch64, task_id: 422, task_name: DASH_FFT, resource_name: fft2, ref_start_time: 2430541095433075, ref_stop_time: 2430541095462475, actual_exe_time: 29400, task_app_start_time:2430540110712946, task_sched_time:2430541095405625
app_id: 3, app_name: pulse_doppler_api-aarch64, task_id: 392, task_name: DASH_FFT, resource_name: cpu1, ref_start_time: 2430541095719995, ref_stop_time: 2430541095741175, actual_exe_time: 21180, task_app_start_time:2430540120723348, task_sched_time:2430541095711625
app_id: 3, app_name: pulse_doppler_api-aarch64, task_id: 393, task_name: DASH_FFT, resource_name: cpu2, ref_start_time: 2430541096077175, ref_stop_time: 2430541096100125, actual_exe_time: 22950, task_app_start_time:2430540120723348, task_sched_time:2430541096011775
app_id: 0, app_name: pulse_doppler_api-aarch64, task_id: 418, task_name: DASH_FFT, resource_name: cpu3, ref_start_time: 2430541096339525, ref_stop_time: 2430541096364755, actual_exe_time: 25230, task_app_start_time:2430540090844933, task_sched_time:2430541096336735
app_id: 1, app_name: pulse_doppler_api-aarch64, task_id: 412, task_name: DASH_FFT, resource_name: fft1, ref_start_time: 2430541096777135, ref_stop_time: 2430541097043265, actual_exe_time: 266130, task_app_start_time:2430540100558994, task_sched_time:2430541096766965
app_id: 2, app_name: pulse_doppler_api-aarch64, task_id: 423, task_name: DASH_FFT, resource_name: fft2, ref_start_time: 2430541096887805, ref_stop_time: 2430541097143105, actual_exe_time: 255300, task_app_start_time:2430540110712946, task_sched_time:2430541096884565
app_id: 0, app_name: pulse_doppler_api-aarch64, task_id: 419, task_name: DASH_FFT, resource_name: cpu1, ref_start_time: 2430541097792245, ref_stop_time: 2430541097812855, actual_exe_time: 20610, task_app_start_time:2430540090844933, task_sched_time:2430541097781955
app_id: 2, app_name: pulse_doppler_api-aarch64, task_id: 424, task_name: DASH_FFT, resource_name: cpu2, ref_start_time: 2430541098073105, ref_stop_time: 2430541098098425, actual_exe_time: 25320, task_app_start_time:2430540110712946, task_sched_time:2430541098068995
app_id: 0, app_name: pulse_doppler_api-aarch64, task_id: 420, task_name: DASH_FFT, resource_name: cpu3, ref_start_time: 2430541098756685, ref_stop_time: 2430541098781075, actual_exe_time: 24390, task_app_start_time:2430540090844933, task_sched_time:2430541098746845
app_id: 3, app_name: pulse_doppler_api-aarch64, task_id: 394, task_name: DASH_FFT, resource_name: fft1, ref_start_time: 2430541099152115, ref_stop_time: 2430541099342645, actual_exe_time: 190530, task_app_start_time:2430540120723348, task_sched_time:2430541099144615
app_id: 2, app_name: pulse_doppler_api-aarch64, task_id: 425, task_name: DASH_FFT, resource_name: fft2, ref_start_time: 2430541099556035, ref_stop_time: 2430541099586065, actual_exe_time: 30030, task_app_start_time:2430540110712946, task_sched_time:2430541099533775
app_id: 1, app_name: pulse_doppler_api-aarch64, task_id: 413, task_name: DASH_FFT, resource_name: cpu1, ref_start_time: 2430541100374855, ref_stop_time: 2430541100395915, actual_exe_time: 21060, task_app_start_time:2430540100558994, task_sched_time:2430541100364295
app_id: 0, app_name: pulse_doppler_api-aarch64, task_id: 421, task_name: DASH_FFT, resource_name: cpu2, ref_start_time: 2430541100757085, ref_stop_time: 2430541100920225, actual_exe_time: 163140, task_app_start_time:2430540090844933, task_sched_time:2430541100749555
app_id: 3, app_name: pulse_doppler_api-aarch64, task_id: 395, task_name: DASH_FFT, resource_name: cpu3, ref_start_time: 2430541101117325, ref_stop_time: 2430541101290516, actual_exe_time: 173191, task_app_start_time:2430540120723348, task_sched_time:2430541101109075
app_id: 1, app_name: pulse_doppler_api-aarch64, task_id: 414, task_name: DASH_FFT, resource_name: fft1, ref_start_time: 2430541101292586, ref_stop_time: 2430541101490766, actual_exe_time: 198180, task_app_start_time:2430540100558994, task_sched_time:2430541101280046
app_id: 2, app_name: pulse_doppler_api-aarch64, task_id: 426, task_name: DASH_FFT, resource_name: fft2, ref_start_time: 2430541101967556, ref_stop_time: 2430541102129976, actual_exe_time: 162420, task_app_start_time:2430540110712946, task_sched_time:2430541101910946
app_id: 0, app_name: pulse_doppler_api-aarch64, task_id: 422, task_name: DASH_FFT, resource_name: cpu1, ref_start_time: 2430541102700366, ref_stop_time: 2430541102721126, actual_exe_time: 20760, task_app_start_time:2430540090844933, task_sched_time:2430541102691516
app_id: 1, app_name: pulse_doppler_api-aarch64, task_id: 415, task_name: DASH_FFT, resource_name: cpu2, ref_start_time: 2430541103104526, ref_stop_time: 2430541103296646, actual_exe_time: 192120, task_app_start_time:2430540100558994, task_sched_time:2430541103097776
app_id: 2, app_name: pulse_doppler_api-aarch64, task_id: 427, task_name: DASH_FFT, resource_name: cpu3, ref_start_time: 2430541103393756, ref_stop_time: 2430541103623196, actual_exe_time: 229440, task_app_start_time:2430540110712946, task_sched_time:2430541103390216
app_id: 0, app_name: pulse_doppler_api-aarch64, task_id: 423, task_name: DASH_FFT, resource_name: fft1, ref_start_time: 2430541104146096, ref_stop_time: 2430541104184616, actual_exe_time: 38520, task_app_start_time:2430540090844933, task_sched_time:2430541104137726
app_id: 0, app_name: pulse_doppler_api-aarch64, task_id: 424, task_name: DASH_FFT, resource_name: fft2, ref_start_time: 2430541104536396, ref_stop_time: 2430541104562676, actual_exe_time: 26280, task_app_start_time:2430540090844933, task_sched_time:2430541104527996
app_id: 1, app_name: pulse_doppler_api-aarch64, task_id: 416, task_name: DASH_FFT, resource_name: cpu1, ref_start_time: 2430541104951746, ref_stop_time: 2430541105057136, actual_exe_time: 105390, task_app_start_time:2430540100558994, task_sched_time:2430541104947936
app_id: 3, app_name: pulse_doppler_api-aarch64, task_id: 396, task_name: DASH_FFT, resource_name: cpu2, ref_start_time: 2430541105129616, ref_stop_time: 2430541105720016, actual_exe_time: 590400, task_app_start_time:2430540120723348, task_sched_time:2430541105119566
app_id: 2, app_name: pulse_doppler_api-aarch64, task_id: 428, task_name: DASH_FFT, resource_name: cpu3, ref_start_time: 2430541105479326, ref_stop_time: 2430541105903166, actual_exe_time: 423840, task_app_start_time:2430540110712946, task_sched_time:2430541105473746
app_id: 1, app_name: pulse_doppler_api-aarch64, task_id: 417, task_name: DASH_FFT, resource_name: fft1, ref_start_time: 2430541105936736, ref_stop_time: 2430541105961996, actual_exe_time: 25260, task_app_start_time:2430540100558994, task_sched_time:2430541105923356
app_id: 0, app_name: pulse_doppler_api-aarch64, task_id: 425, task_name: DASH_FFT, resource_name: fft2, ref_start_time: 2430541106581826, ref_stop_time: 2430541106608646, actual_exe_time: 26820, task_app_start_time:2430540090844933, task_sched_time:2430541106578526
app_id: 2, app_name: pulse_doppler_api-aarch64, task_id: 429, task_name: DASH_FFT, resource_name: cpu1, ref_start_time: 2430541107404996, ref_stop_time: 2430541107488607, actual_exe_time: 83611, task_app_start_time:2430540110712946, task_sched_time:2430541107400466
app_id: 3, app_name: pulse_doppler_api-aarch64, task_id: 397, task_name: DASH_FFT, resource_name: cpu2, ref_start_time: 2430541107579297, ref_stop_time: 2430541107607887, actual_exe_time: 28590, task_app_start_time:2430540120723348, task_sched_time:2430541107546507
app_id: 1, app_name: pulse_doppler_api-aarch64, task_id: 418, task_name: DASH_FFT, resource_name: cpu3, ref_start_time: 2430541107604977, ref_stop_time: 2430541107634767, actual_exe_time: 29790, task_app_start_time:2430540100558994, task_sched_time:2430541107597507
app_id: 0, app_name: pulse_doppler_api-aarch64, task_id: 426, task_name: DASH_FFT, resource_name: fft1, ref_start_time: 2430541107650397, ref_stop_time: 2430541107675717, actual_exe_time: 25320, task_app_start_time:2430540090844933, task_sched_time:2430541107642897
app_id: 3, app_name: pulse_doppler_api-aarch64, task_id: 398, task_name: DASH_FFT, resource_name: fft2, ref_start_time: 2430541109452437, ref_stop_time: 2430541109479497, actual_exe_time: 27060, task_app_start_time:2430540120723348, task_sched_time:2430541109439867
app_id: 1, app_name: pulse_doppler_api-aarch64, task_id: 419, task_name: DASH_FFT, resource_name: cpu1, ref_start_time: 2430541110200037, ref_stop_time: 2430541110221247, actual_exe_time: 21210, task_app_start_time:2430540100558994, task_sched_time:2430541110195297
app_id: 2, app_name: pulse_doppler_api-aarch64, task_id: 430, task_name: DASH_FFT, resource_name: cpu2, ref_start_time: 2430541110759207, ref_stop_time: 2430541110944667, actual_exe_time: 185460, task_app_start_time:2430540110712946, task_sched_time:2430541110718197
app_id: 3, app_name: pulse_doppler_api-aarch64, task_id: 399, task_name: DASH_FFT, resource_name: cpu3, ref_start_time: 2430541110909747, ref_stop_time: 2430541111221237, actual_exe_time: 311490, task_app_start_time:2430540120723348, task_sched_time:2430541110905817
app_id: 1, app_name: pulse_doppler_api-aarch64, task_id: 420, task_name: DASH_FFT, resource_name: fft1, ref_start_time: 2430541111403277, ref_stop_time: 2430541111428747, actual_exe_time: 25470, task_app_start_time:2430540100558994, task_sched_time:2430541111393077
app_id: 3, app_name: pulse_doppler_api-aarch64, task_id: 400, task_name: DASH_FFT, resource_name: fft2, ref_start_time: 2430541111960947, ref_stop_time: 2430541111987827, actual_exe_time: 26880, task_app_start_time:2430540120723348, task_sched_time:2430541111925067
app_id: 2, app_name: pulse_doppler_api-aarch64, task_id: 431, task_name: DASH_FFT, resource_name: cpu1, ref_start_time: 2430541112747157, ref_stop_time: 2430541112769147, actual_exe_time: 21990, task_app_start_time:2430540110712946, task_sched_time:2430541112743917
app_id: 0, app_name: pulse_doppler_api-aarch64, task_id: 427, task_name: DASH_FFT, resource_name: cpu2, ref_start_time: 2430541113036747, ref_stop_time: 2430541113272637, actual_exe_time: 235890, task_app_start_time:2430540090844933, task_sched_time:2430541113026307
app_id: 3, app_name: pulse_doppler_api-aarch64, task_id: 401, task_name: DASH_FFT, resource_name: cpu3, ref_start_time: 2430541113220707, ref_stop_time: 2430541113479457, actual_exe_time: 258750, task_app_start_time:2430540120723348, task_sched_time:2430541113218037
app_id: 1, app_name: pulse_doppler_api-aarch64, task_id: 421, task_name: DASH_FFT, resource_name: fft1, ref_start_time: 2430541113479277, ref_stop_time: 2430541113979948, actual_exe_time: 500671, task_app_start_time:2430540100558994, task_sched_time:2430541113467877
app_id: 2, app_name: pulse_doppler_api-aarch64, task_id: 432, task_name: DASH_FFT, resource_name: fft2, ref_start_time: 2430541114331428, ref_stop_time: 2430541114360828, actual_exe_time: 29400, task_app_start_time:2430540110712946, task_sched_time:2430541114323118
app_id: 3, app_name: pulse_doppler_api-aarch64, task_id: 402, task_name: DASH_FFT, resource_name: cpu1, ref_start_time: 2430541114684048, ref_stop_time: 2430541114705498, actual_exe_time: 21450, task_app_start_time:2430540120723348, task_sched_time:2430541114675768
app_id: 1, app_name: pulse_doppler_api-aarch64, task_id: 422, task_name: DASH_FFT, resource_name: cpu2, ref_start_time: 2430541115234608, ref_stop_time: 2430541115257558, actual_exe_time: 22950, task_app_start_time:2430540100558994, task_sched_time:2430541115228368
app_id: 0, app_name: pulse_doppler_api-aarch64, task_id: 428, task_name: DASH_FFT, resource_name: cpu3, ref_start_time: 2430541115686708, ref_stop_time: 2430541115711548, actual_exe_time: 24840, task_app_start_time:2430540090844933, task_sched_time:2430541115679508
app_id: 3, app_name: pulse_doppler_api-aarch64, task_id: 403, task_name: DASH_FFT, resource_name: fft1, ref_start_time: 2430541116132448, ref_stop_time: 2430541116297028, actual_exe_time: 164580, task_app_start_time:2430540120723348, task_sched_time:2430541116121228
app_id: 1, app_name: pulse_doppler_api-aarch64, task_id: 423, task_name: DASH_FFT, resource_name: fft2, ref_start_time: 2430541116743488, ref_stop_time: 2430541116770338, actual_exe_time: 26850, task_app_start_time:2430540100558994, task_sched_time:2430541116735838
app_id: 2, app_name: pulse_doppler_api-aarch64, task_id: 433, task_name: DASH_FFT, resource_name: cpu1, ref_start_time: 2430541117125988, ref_stop_time: 2430541117147018, actual_exe_time: 21030, task_app_start_time:2430540110712946, task_sched_time:2430541117113958
app_id: 0, app_name: pulse_doppler_api-aarch64, task_id: 429, task_name: DASH_FFT, resource_name: cpu2, ref_start_time: 2430541117502758, ref_stop_time: 2430541117660738, actual_exe_time: 157980, task_app_start_time:2430540090844933, task_sched_time:2430541117498678
app_id: 3, app_name: pulse_doppler_api-aarch64, task_id: 404, task_name: DASH_FFT, resource_name: cpu3, ref_start_time: 2430541117864198, ref_stop_time: 2430541118110438, actual_exe_time: 246240, task_app_start_time:2430540120723348, task_sched_time:2430541117860298
app_id: 2, app_name: pulse_doppler_api-aarch64, task_id: 434, task_name: DASH_FFT, resource_name: fft1, ref_start_time: 2430541118030068, ref_stop_time: 2430541118390248, actual_exe_time: 360180, task_app_start_time:2430540110712946, task_sched_time:2430541118026048
app_id: 1, app_name: pulse_doppler_api-aarch64, task_id: 424, task_name: DASH_FFT, resource_name: fft2, ref_start_time: 2430541118763418, ref_stop_time: 2430541118789638, actual_exe_time: 26220, task_app_start_time:2430540100558994, task_sched_time:2430541118530048
app_id: 2, app_name: pulse_doppler_api-aarch64, task_id: 435, task_name: DASH_FFT, resource_name: cpu1, ref_start_time: 2430541119136618, ref_stop_time: 2430541119157258, actual_exe_time: 20640, task_app_start_time:2430540110712946, task_sched_time:2430541119131068
app_id: 0, app_name: pulse_doppler_api-aarch64, task_id: 430, task_name: DASH_FFT, resource_name: cpu2, ref_start_time: 2430541119720388, ref_stop_time: 2430541119982949, actual_exe_time: 262561, task_app_start_time:2430540090844933, task_sched_time:2430541119711418
app_id: 1, app_name: pulse_doppler_api-aarch64, task_id: 425, task_name: DASH_FFT, resource_name: cpu3, ref_start_time: 2430541120195079, ref_stop_time: 2430541120219769, actual_exe_time: 24690, task_app_start_time:2430540100558994, task_sched_time:2430541120192379
app_id: 3, app_name: pulse_doppler_api-aarch64, task_id: 405, task_name: DASH_FFT, resource_name: fft1, ref_start_time: 2430541120966679, ref_stop_time: 2430541121118359, actual_exe_time: 151680, task_app_start_time:2430540120723348, task_sched_time:2430541120958489
app_id: 2, app_name: pulse_doppler_api-aarch64, task_id: 436, task_name: DASH_FFT, resource_name: fft2, ref_start_time: 2430541121111759, ref_stop_time: 2430541121723879, actual_exe_time: 612120, task_app_start_time:2430540110712946, task_sched_time:2430541121108099
app_id: 1, app_name: pulse_doppler_api-aarch64, task_id: 426, task_name: DASH_FFT, resource_name: cpu1, ref_start_time: 2430541121889569, ref_stop_time: 2430541121910509, actual_exe_time: 20940, task_app_start_time:2430540100558994, task_sched_time:2430541121877209
app_id: 3, app_name: pulse_doppler_api-aarch64, task_id: 406, task_name: DASH_FFT, resource_name: cpu2, ref_start_time: 2430541122363329, ref_stop_time: 2430541122670079, actual_exe_time: 306750, task_app_start_time:2430540120723348, task_sched_time:2430541122358379
app_id: 1, app_name: pulse_doppler_api-aarch64, task_id: 427, task_name: DASH_FFT, resource_name: cpu3, ref_start_time: 2430541123156319, ref_stop_time: 2430541123180679, actual_exe_time: 24360, task_app_start_time:2430540100558994, task_sched_time:2430541123146989
app_id: 0, app_name: pulse_doppler_api-aarch64, task_id: 431, task_name: DASH_FFT, resource_name: fft1, ref_start_time: 2430541123628159, ref_stop_time: 2430541123653869, actual_exe_time: 25710, task_app_start_time:2430540090844933, task_sched_time:2430541123620719
app_id: 0, app_name: pulse_doppler_api-aarch64, task_id: 432, task_name: DASH_FFT, resource_name: fft2, ref_start_time: 2430541124068709, ref_stop_time: 2430541124095709, actual_exe_time: 27000, task_app_start_time:2430540090844933, task_sched_time:2430541124035619
app_id: 2, app_name: pulse_doppler_api-aarch64, task_id: 437, task_name: DASH_FFT, resource_name: cpu1, ref_start_time: 2430541124477549, ref_stop_time: 2430541124498669, actual_exe_time: 21120, task_app_start_time:2430540110712946, task_sched_time:2430541124464709
app_id: 3, app_name: pulse_doppler_api-aarch64, task_id: 407, task_name: DASH_FFT, resource_name: cpu2, ref_start_time: 2430541124671229, ref_stop_time: 2430541124698589, actual_exe_time: 27360, task_app_start_time:2430540120723348, task_sched_time:2430541124548229
app_id: 1, app_name: pulse_doppler_api-aarch64, task_id: 428, task_name: DASH_FFT, resource_name: cpu3, ref_start_time: 2430541125569009, ref_stop_time: 2430541125803429, actual_exe_time: 234420, task_app_start_time:2430540100558994, task_sched_time:2430541125560279
app_id: 0, app_name: pulse_doppler_api-aarch64, task_id: 433, task_name: DASH_FFT, resource_name: fft1, ref_start_time: 2430541125836549, ref_stop_time: 2430541125984659, actual_exe_time: 148110, task_app_start_time:2430540090844933, task_sched_time:2430541125827519
app_id: 1, app_name: pulse_doppler_api-aarch64, task_id: 429, task_name: DASH_FFT, resource_name: fft2, ref_start_time: 2430541126559910, ref_stop_time: 2430541126594200, actual_exe_time: 34290, task_app_start_time:2430540100558994, task_sched_time:2430541126556730
app_id: 3, app_name: pulse_doppler_api-aarch64, task_id: 408, task_name: DASH_FFT, resource_name: cpu1, ref_start_time: 2430541127174880, ref_stop_time: 2430541127195730, actual_exe_time: 20850, task_app_start_time:2430540120723348, task_sched_time:2430541127169960
app_id: 2, app_name: pulse_doppler_api-aarch64, task_id: 438, task_name: DASH_FFT, resource_name: cpu2, ref_start_time: 2430541127484150, ref_stop_time: 2430541127655570, actual_exe_time: 171420, task_app_start_time:2430540110712946, task_sched_time:2430541127472600
app_id: 1, app_name: pulse_doppler_api-aarch64, task_id: 430, task_name: DASH_FFT, resource_name: cpu3, ref_start_time: 2430541128073980, ref_stop_time: 2430541128386730, actual_exe_time: 312750, task_app_start_time:2430540100558994, task_sched_time:2430541128070920
app_id: 0, app_name: pulse_doppler_api-aarch64, task_id: 434, task_name: DASH_FFT, resource_name: fft1, ref_start_time: 2430541128546090, ref_stop_time: 2430541128571470, actual_exe_time: 25380, task_app_start_time:2430540090844933, task_sched_time:2430541128541770
app_id: 3, app_name: pulse_doppler_api-aarch64, task_id: 409, task_name: DASH_FFT, resource_name: fft2, ref_start_time: 2430541128976770, ref_stop_time: 2430541129184490, actual_exe_time: 207720, task_app_start_time:2430540120723348, task_sched_time:2430541128971040
app_id: 2, app_name: pulse_doppler_api-aarch64, task_id: 439, task_name: DASH_FFT, resource_name: cpu1, ref_start_time: 2430541129563930, ref_stop_time: 2430541129583820, actual_exe_time: 19890, task_app_start_time:2430540110712946, task_sched_time:2430541129553010
app_id: 0, app_name: pulse_doppler_api-aarch64, task_id: 435, task_name: DASH_FFT, resource_name: cpu2, ref_start_time: 2430541130072700, ref_stop_time: 2430541130184480, actual_exe_time: 111780, task_app_start_time:2430540090844933, task_sched_time:2430541130062440
app_id: 3, app_name: pulse_doppler_api-aarch64, task_id: 410, task_name: DASH_FFT, resource_name: cpu3, ref_start_time: 2430541130342970, ref_stop_time: 2430541130590380, actual_exe_time: 247410, task_app_start_time:2430540120723348, task_sched_time:2430541130301960
app_id: 1, app_name: pulse_doppler_api-aarch64, task_id: 431, task_name: DASH_FFT, resource_name: fft1, ref_start_time: 2430541130890980, ref_stop_time: 2430541130917110, actual_exe_time: 26130, task_app_start_time:2430540100558994, task_sched_time:2430541130879040
app_id: 1, app_name: pulse_doppler_api-aarch64, task_id: 432, task_name: DASH_FFT, resource_name: fft2, ref_start_time: 2430541131083790, ref_stop_time: 2430541131111840, actual_exe_time: 28050, task_app_start_time:2430540100558994, task_sched_time:2430541131078450
app_id: 2, app_name: pulse_doppler_api-aarch64, task_id: 440, task_name: DASH_FFT, resource_name: cpu1, ref_start_time: 2430541131628770, ref_stop_time: 2430541131649470, actual_exe_time: 20700, task_app_start_time:2430540110712946, task_sched_time:2430541131622170
app_id: 0, app_name: pulse_doppler_api-aarch64, task_id: 436, task_name: DASH_FFT, resource_name: cpu2, ref_start_time: 2430541131842010, ref_stop_time: 2430541131869880, actual_exe_time: 27870, task_app_start_time:2430540090844933, task_sched_time:2430541131790740
app_id: 3, app_name: pulse_doppler_api-aarch64, task_id: 411, task_name: DASH_FFT, resource_name: cpu3, ref_start_time: 2430541132503541, ref_stop_time: 2430541132527661, actual_exe_time: 24120, task_app_start_time:2430540120723348, task_sched_time:2430541132496521
app_id: 0, app_name: pulse_doppler_api-aarch64, task_id: 437, task_name: DASH_FFT, resource_name: fft1, ref_start_time: 2430541132887361, ref_stop_time: 2430541133391541, actual_exe_time: 504180, task_app_start_time:2430540090844933, task_sched_time:2430541132878001
app_id: 2, app_name: pulse_doppler_api-aarch64, task_id: 441, task_name: DASH_FFT, resource_name: fft2, ref_start_time: 2430541133129101, ref_stop_time: 2430541133283991, actual_exe_time: 154890, task_app_start_time:2430540110712946, task_sched_time:2430541133070571
app_id: 3, app_name: pulse_doppler_api-aarch64, task_id: 412, task_name: DASH_FFT, resource_name: cpu1, ref_start_time: 2430541133597251, ref_stop_time: 2430541133981131, actual_exe_time: 383880, task_app_start_time:2430540120723348, task_sched_time:2430541133584621
app_id: 1, app_name: pulse_doppler_api-aarch64, task_id: 433, task_name: DASH_FFT, resource_name: cpu2, ref_start_time: 2430541134334771, ref_stop_time: 2430541134357481, actual_exe_time: 22710, task_app_start_time:2430540100558994, task_sched_time:2430541134327211
app_id: 2, app_name: pulse_doppler_api-aarch64, task_id: 442, task_name: DASH_FFT, resource_name: cpu3, ref_start_time: 2430541134702151, ref_stop_time: 2430541134941491, actual_exe_time: 239340, task_app_start_time:2430540110712946, task_sched_time:2430541134697591
app_id: 3, app_name: pulse_doppler_api-aarch64, task_id: 413, task_name: DASH_FFT, resource_name: fft1, ref_start_time: 2430541135019311, ref_stop_time: 2430541135192291, actual_exe_time: 172980, task_app_start_time:2430540120723348, task_sched_time:2430541135009621
app_id: 1, app_name: pulse_doppler_api-aarch64, task_id: 434, task_name: DASH_FFT, resource_name: fft2, ref_start_time: 2430541135481941, ref_stop_time: 2430541135508071, actual_exe_time: 26130, task_app_start_time:2430540100558994, task_sched_time:2430541135479061
app_id: 0, app_name: pulse_doppler_api-aarch64, task_id: 438, task_name: DASH_FFT, resource_name: cpu1, ref_start_time: 2430541136356441, ref_stop_time: 2430541136377951, actual_exe_time: 21510, task_app_start_time:2430540090844933, task_sched_time:2430541136345401
app_id: 2, app_name: pulse_doppler_api-aarch64, task_id: 443, task_name: DASH_FFT, resource_name: cpu2, ref_start_time: 2430541136883961, ref_stop_time: 2430541136909491, actual_exe_time: 25530, task_app_start_time:2430540110712946, task_sched_time:2430541136834491
app_id: 3, app_name: pulse_doppler_api-aarch64, task_id: 414, task_name: DASH_FFT, resource_name: cpu3, ref_start_time: 2430541137085441, ref_stop_time: 2430541137575401, actual_exe_time: 489960, task_app_start_time:2430540120723348, task_sched_time:2430541137081031
app_id: 0, app_name: pulse_doppler_api-aarch64, task_id: 439, task_name: DASH_FFT, resource_name: fft1, ref_start_time: 2430541137447331, ref_stop_time: 2430541137664171, actual_exe_time: 216840, task_app_start_time:2430540090844933, task_sched_time:2430541137443131
app_id: 1, app_name: pulse_doppler_api-aarch64, task_id: 435, task_name: DASH_FFT, resource_name: fft2, ref_start_time: 2430541138085101, ref_stop_time: 2430541138420081, actual_exe_time: 334980, task_app_start_time:2430540100558994, task_sched_time:2430541138076281
app_id: 3, app_name: pulse_doppler_api-aarch64, task_id: 415, task_name: DASH_FFT, resource_name: cpu1, ref_start_time: 2430541138884242, ref_stop_time: 2430541138904702, actual_exe_time: 20460, task_app_start_time:2430540120723348, task_sched_time:2430541138881572
app_id: 2, app_name: pulse_doppler_api-aarch64, task_id: 444, task_name: DASH_FFT, resource_name: cpu2, ref_start_time: 2430541139358392, ref_stop_time: 2430541139516972, actual_exe_time: 158580, task_app_start_time:2430540110712946, task_sched_time:2430541139293772
app_id: 0, app_name: pulse_doppler_api-aarch64, task_id: 440, task_name: DASH_FFT, resource_name: cpu3, ref_start_time: 2430541140069902, ref_stop_time: 2430541140094292, actual_exe_time: 24390, task_app_start_time:2430540090844933, task_sched_time:2430541140047312
app_id: 3, app_name: pulse_doppler_api-aarch64, task_id: 416, task_name: DASH_FFT, resource_name: fft1, ref_start_time: 2430541140491192, ref_stop_time: 2430541140650492, actual_exe_time: 159300, task_app_start_time:2430540120723348, task_sched_time:2430541140483452
app_id: 2, app_name: pulse_doppler_api-aarch64, task_id: 445, task_name: DASH_FFT, resource_name: fft2, ref_start_time: 2430541140902702, ref_stop_time: 2430541140931202, actual_exe_time: 28500, task_app_start_time:2430540110712946, task_sched_time:2430541140898322
app_id: 1, app_name: pulse_doppler_api-aarch64, task_id: 436, task_name: DASH_FFT, resource_name: cpu1, ref_start_time: 2430541141108472, ref_stop_time: 2430541141129682, actual_exe_time: 21210, task_app_start_time:2430540100558994, task_sched_time:2430541141103462
app_id: 0, app_name: pulse_doppler_api-aarch64, task_id: 441, task_name: DASH_FFT, resource_name: cpu2, ref_start_time: 2430541141794242, ref_stop_time: 2430541142141372, actual_exe_time: 347130, task_app_start_time:2430540090844933, task_sched_time:2430541141778372
app_id: 2, app_name: pulse_doppler_api-aarch64, task_id: 446, task_name: DASH_FFT, resource_name: cpu3, ref_start_time: 2430541142087582, ref_stop_time: 2430541142376782, actual_exe_time: 289200, task_app_start_time:2430540110712946, task_sched_time:2430541142084252
app_id: 3, app_name: pulse_doppler_api-aarch64, task_id: 417, task_name: DASH_FFT, resource_name: fft1, ref_start_time: 2430541142207102, ref_stop_time: 2430541142466962, actual_exe_time: 259860, task_app_start_time:2430540120723348, task_sched_time:2430541142201282
app_id: 1, app_name: pulse_doppler_api-aarch64, task_id: 437, task_name: DASH_FFT, resource_name: fft2, ref_start_time: 2430541142604122, ref_stop_time: 2430541143482762, actual_exe_time: 878640, task_app_start_time:2430540100558994, task_sched_time:2430541142596142
app_id: 0, app_name: pulse_doppler_api-aarch64, task_id: 442, task_name: DASH_FFT, resource_name: cpu1, ref_start_time: 2430541143485222, ref_stop_time: 2430541143505862, actual_exe_time: 20640, task_app_start_time:2430540090844933, task_sched_time:2430541143474542
app_id: 2, app_name: pulse_doppler_api-aarch64, task_id: 447, task_name: DASH_FFT, resource_name: cpu2, ref_start_time: 2430541144247852, ref_stop_time: 2430541144272842, actual_exe_time: 24990, task_app_start_time:2430540110712946, task_sched_time:2430541144238702
app_id: 3, app_name: pulse_doppler_api-aarch64, task_id: 418, task_name: DASH_FFT, resource_name: cpu3, ref_start_time: 2430541144481192, ref_stop_time: 2430541144608662, actual_exe_time: 127470, task_app_start_time:2430540120723348, task_sched_time:2430541144467692
app_id: 0, app_name: pulse_doppler_api-aarch64, task_id: 443, task_name: DASH_FFT, resource_name: fft1, ref_start_time: 2430541144840413, ref_stop_time: 2430541145088963, actual_exe_time: 248550, task_app_start_time:2430540090844933, task_sched_time:2430541144837563
app_id: 2, app_name: pulse_doppler_api-aarch64, task_id: 448, task_name: DASH_FFT, resource_name: fft2, ref_start_time: 2430541145526213, ref_stop_time: 2430541145828313, actual_exe_time: 302100, task_app_start_time:2430540110712946, task_sched_time:2430541145479683
app_id: 3, app_name: pulse_doppler_api-aarch64, task_id: 419, task_name: DASH_FFT, resource_name: cpu1, ref_start_time: 2430541146095253, ref_stop_time: 2430541146116313, actual_exe_time: 21060, task_app_start_time:2430540120723348, task_sched_time:2430541146085863
app_id: 0, app_name: pulse_doppler_api-aarch64, task_id: 444, task_name: DASH_FFT, resource_name: cpu2, ref_start_time: 2430541146457293, ref_stop_time: 2430541146630123, actual_exe_time: 172830, task_app_start_time:2430540090844933, task_sched_time:2430541146449073
app_id: 2, app_name: pulse_doppler_api-aarch64, task_id: 449, task_name: DASH_FFT, resource_name: cpu3, ref_start_time: 2430541146757563, ref_stop_time: 2430541146984333, actual_exe_time: 226770, task_app_start_time:2430540110712946, task_sched_time:2430541146725163
app_id: 1, app_name: pulse_doppler_api-aarch64, task_id: 438, task_name: DASH_FFT, resource_name: fft1, ref_start_time: 2430541146958713, ref_stop_time: 2430541147126833, actual_exe_time: 168120, task_app_start_time:2430540100558994, task_sched_time:2430541146950403
app_id: 0, app_name: pulse_doppler_api-aarch64, task_id: 445, task_name: DASH_FFT, resource_name: fft2, ref_start_time: 2430541147711923, ref_stop_time: 2430541148082843, actual_exe_time: 370920, task_app_start_time:2430540090844933, task_sched_time:2430541147706823
app_id: 1, app_name: pulse_doppler_api-aarch64, task_id: 439, task_name: DASH_FFT, resource_name: cpu1, ref_start_time: 2430541148086533, ref_stop_time: 2430541148107173, actual_exe_time: 20640, task_app_start_time:2430540100558994, task_sched_time:2430541148075343
app_id: 3, app_name: pulse_doppler_api-aarch64, task_id: 420, task_name: DASH_FFT, resource_name: cpu2, ref_start_time: 2430541148656563, ref_stop_time: 2430541148859063, actual_exe_time: 202500, task_app_start_time:2430540120723348, task_sched_time:2430541148649513
app_id: 2, app_name: pulse_doppler_api-aarch64, task_id: 450, task_name: DASH_FFT, resource_name: cpu3, ref_start_time: 2430541149004743, ref_stop_time: 2430541149144603, actual_exe_time: 139860, task_app_start_time:2430540110712946, task_sched_time:2430541148944893
app_id: 1, app_name: pulse_doppler_api-aarch64, task_id: 440, task_name: DASH_FFT, resource_name: fft1, ref_start_time: 2430541149224583, ref_stop_time: 2430541149402933, actual_exe_time: 178350, task_app_start_time:2430540100558994, task_sched_time:2430541149213753
app_id: 3, app_name: pulse_doppler_api-aarch64, task_id: 421, task_name: DASH_FFT, resource_name: fft2, ref_start_time: 2430541149568683, ref_stop_time: 2430541149981783, actual_exe_time: 413100, task_app_start_time:2430540120723348, task_sched_time:2430541149544233
app_id: 0, app_name: pulse_doppler_api-aarch64, task_id: 446, task_name: DASH_FFT, resource_name: cpu1, ref_start_time: 2430541150438743, ref_stop_time: 2430541150459983, actual_exe_time: 21240, task_app_start_time:2430540090844933, task_sched_time:2430541150426323
app_id: 2, app_name: pulse_doppler_api-aarch64, task_id: 451, task_name: DASH_FFT, resource_name: cpu2, ref_start_time: 2430541150702773, ref_stop_time: 2430541151061064, actual_exe_time: 358291, task_app_start_time:2430540110712946, task_sched_time:2430541150652133
app_id: 3, app_name: pulse_doppler_api-aarch64, task_id: 422, task_name: DASH_FFT, resource_name: cpu3, ref_start_time: 2430541150862403, ref_stop_time: 2430541151029804, actual_exe_time: 167401, task_app_start_time:2430540120723348, task_sched_time:2430541150858683
app_id: 0, app_name: pulse_doppler_api-aarch64, task_id: 447, task_name: DASH_FFT, resource_name: fft1, ref_start_time: 2430541151577244, ref_stop_time: 2430541151601994, actual_exe_time: 24750, task_app_start_time:2430540090844933, task_sched_time:2430541151566804
app_id: 1, app_name: pulse_doppler_api-aarch64, task_id: 441, task_name: DASH_FFT, resource_name: fft2, ref_start_time: 2430541153235104, ref_stop_time: 2430541153262074, actual_exe_time: 26970, task_app_start_time:2430540100558994, task_sched_time:2430541153231084
app_id: 2, app_name: pulse_doppler_api-aarch64, task_id: 452, task_name: DASH_FFT, resource_name: cpu1, ref_start_time: 2430541153781194, ref_stop_time: 2430541153803214, actual_exe_time: 22020, task_app_start_time:2430540110712946, task_sched_time:2430541153768624
app_id: 3, app_name: pulse_doppler_api-aarch64, task_id: 423, task_name: DASH_FFT, resource_name: cpu2, ref_start_time: 2430541153961194, ref_stop_time: 2430541153984024, actual_exe_time: 22830, task_app_start_time:2430540120723348, task_sched_time:2430541153896994
app_id: 1, app_name: pulse_doppler_api-aarch64, task_id: 442, task_name: DASH_FFT, resource_name: cpu3, ref_start_time: 2430541154368624, ref_stop_time: 2430541154632924, actual_exe_time: 264300, task_app_start_time:2430540100558994, task_sched_time:2430541154359834
app_id: 0, app_name: pulse_doppler_api-aarch64, task_id: 448, task_name: DASH_FFT, resource_name: fft1, ref_start_time: 2430541154850184, ref_stop_time: 2430541154875894, actual_exe_time: 25710, task_app_start_time:2430540090844933, task_sched_time:2430541154836534
app_id: 3, app_name: pulse_doppler_api-aarch64, task_id: 424, task_name: DASH_FFT, resource_name: fft2, ref_start_time: 2430541154970574, ref_stop_time: 2430541155401104, actual_exe_time: 430530, task_app_start_time:2430540120723348, task_sched_time:2430541154964844
app_id: 0, app_name: pulse_doppler_api-aarch64, task_id: 449, task_name: DASH_FFT, resource_name: cpu1, ref_start_time: 2430541155454744, ref_stop_time: 2430541155475354, actual_exe_time: 20610, task_app_start_time:2430540090844933, task_sched_time:2430541155449824
app_id: 2, app_name: pulse_doppler_api-aarch64, task_id: 453, task_name: DASH_FFT, resource_name: cpu2, ref_start_time: 2430541156405744, ref_stop_time: 2430541156431484, actual_exe_time: 25740, task_app_start_time:2430540110712946, task_sched_time:2430541156390294
app_id: 3, app_name: pulse_doppler_api-aarch64, task_id: 425, task_name: DASH_FFT, resource_name: cpu3, ref_start_time: 2430541156828834, ref_stop_time: 2430541156998604, actual_exe_time: 169770, task_app_start_time:2430540120723348, task_sched_time:2430541156825894
app_id: 0, app_name: pulse_doppler_api-aarch64, task_id: 450, task_name: DASH_FFT, resource_name: fft1, ref_start_time: 2430541157086534, ref_stop_time: 2430541157269655, actual_exe_time: 183121, task_app_start_time:2430540090844933, task_sched_time:2430541157082694
app_id: 2, app_name: pulse_doppler_api-aarch64, task_id: 454, task_name: DASH_FFT, resource_name: fft2, ref_start_time: 2430541157517395, ref_stop_time: 2430541157545685, actual_exe_time: 28290, task_app_start_time:2430540110712946, task_sched_time:2430541157512595
app_id: 1, app_name: pulse_doppler_api-aarch64, task_id: 443, task_name: DASH_FFT, resource_name: cpu1, ref_start_time: 2430541158255305, ref_stop_time: 2430541158276155, actual_exe_time: 20850, task_app_start_time:2430540100558994, task_sched_time:2430541158251315
app_id: 3, app_name: pulse_doppler_api-aarch64, task_id: 426, task_name: DASH_FFT, resource_name: cpu2, ref_start_time: 2430541158640055, ref_stop_time: 2430541158914255, actual_exe_time: 274200, task_app_start_time:2430540120723348, task_sched_time:2430541158627365
app_id: 0, app_name: pulse_doppler_api-aarch64, task_id: 451, task_name: DASH_FFT, resource_name: cpu3, ref_start_time: 2430541159235525, ref_stop_time: 2430541159260485, actual_exe_time: 24960, task_app_start_time:2430540090844933, task_sched_time:2430541159226585
app_id: 1, app_name: pulse_doppler_api-aarch64, task_id: 444, task_name: DASH_FFT, resource_name: fft1, ref_start_time: 2430541159634255, ref_stop_time: 2430541159811735, actual_exe_time: 177480, task_app_start_time:2430540100558994, task_sched_time:2430541159621325
app_id: 2, app_name: pulse_doppler_api-aarch64, task_id: 455, task_name: DASH_FFT, resource_name: fft2, ref_start_time: 2430541159848665, ref_stop_time: 2430541159935455, actual_exe_time: 86790, task_app_start_time:2430540110712946, task_sched_time:2430541159774835
app_id: 3, app_name: pulse_doppler_api-aarch64, task_id: 427, task_name: DASH_FFT, resource_name: cpu1, ref_start_time: 2430541160592665, ref_stop_time: 2430541160613365, actual_exe_time: 20700, task_app_start_time:2430540120723348, task_sched_time:2430541160584595
app_id: 0, app_name: pulse_doppler_api-aarch64, task_id: 452, task_name: DASH_FFT, resource_name: cpu2, ref_start_time: 2430541160773625, ref_stop_time: 2430541161007325, actual_exe_time: 233700, task_app_start_time:2430540090844933, task_sched_time:2430541160767595
app_id: 2, app_name: pulse_doppler_api-aarch64, task_id: 456, task_name: DASH_FFT, resource_name: cpu3, ref_start_time: 2430541161333935, ref_stop_time: 2430541161356315, actual_exe_time: 22380, task_app_start_time:2430540110712946, task_sched_time:2430541161327575
app_id: 1, app_name: pulse_doppler_api-aarch64, task_id: 445, task_name: DASH_FFT, resource_name: fft1, ref_start_time: 2430541161565235, ref_stop_time: 2430541162579145, actual_exe_time: 1013910, task_app_start_time:2430540100558994, task_sched_time:2430541161554465
app_id: 3, app_name: pulse_doppler_api-aarch64, task_id: 428, task_name: DASH_FFT, resource_name: fft2, ref_start_time: 2430541161779795, ref_stop_time: 2430541161806585, actual_exe_time: 26790, task_app_start_time:2430540120723348, task_sched_time:2430541161726485
app_id: 0, app_name: pulse_doppler_api-aarch64, task_id: 453, task_name: DASH_FFT, resource_name: cpu1, ref_start_time: 2430541162712525, ref_stop_time: 2430541162732955, actual_exe_time: 20430, task_app_start_time:2430540090844933, task_sched_time:2430541162700855
app_id: 2, app_name: pulse_doppler_api-aarch64, task_id: 457, task_name: DASH_FFT, resource_name: cpu2, ref_start_time: 2430541163206205, ref_stop_time: 2430541163467716, actual_exe_time: 261511, task_app_start_time:2430540110712946, task_sched_time:2430541163196635
app_id: 3, app_name: pulse_doppler_api-aarch64, task_id: 429, task_name: DASH_FFT, resource_name: cpu3, ref_start_time: 2430541163487246, ref_stop_time: 2430541163649816, actual_exe_time: 162570, task_app_start_time:2430540120723348, task_sched_time:2430541163475366
app_id: 1, app_name: pulse_doppler_api-aarch64, task_id: 446, task_name: DASH_FFT, resource_name: fft1, ref_start_time: 2430541163903826, ref_stop_time: 2430541164109536, actual_exe_time: 205710, task_app_start_time:2430540100558994, task_sched_time:2430541163895636
app_id: 0, app_name: pulse_doppler_api-aarch64, task_id: 454, task_name: DASH_FFT, resource_name: fft2, ref_start_time: 2430541164643416, ref_stop_time: 2430541164777906, actual_exe_time: 134490, task_app_start_time:2430540090844933, task_sched_time:2430541164607296
app_id: 2, app_name: pulse_doppler_api-aarch64, task_id: 458, task_name: DASH_FFT, resource_name: cpu1, ref_start_time: 2430541165031736, ref_stop_time: 2430541165052736, actual_exe_time: 21000, task_app_start_time:2430540110712946, task_sched_time:2430541165018266
app_id: 1, app_name: pulse_doppler_api-aarch64, task_id: 447, task_name: DASH_FFT, resource_name: cpu2, ref_start_time: 2430541165210686, ref_stop_time: 2430541165238436, actual_exe_time: 27750, task_app_start_time:2430540100558994, task_sched_time:2430541165136466
app_id: 0, app_name: pulse_doppler_api-aarch64, task_id: 455, task_name: DASH_FFT, resource_name: cpu3, ref_start_time: 2430541165690776, ref_stop_time: 2430541165957716, actual_exe_time: 266940, task_app_start_time:2430540090844933, task_sched_time:2430541165687266
app_id: 3, app_name: pulse_doppler_api-aarch64, task_id: 430, task_name: DASH_FFT, resource_name: fft1, ref_start_time: 2430541166022066, ref_stop_time: 2430541166439846, actual_exe_time: 417780, task_app_start_time:2430540120723348, task_sched_time:2430541166013846
app_id: 2, app_name: pulse_doppler_api-aarch64, task_id: 459, task_name: DASH_FFT, resource_name: fft2, ref_start_time: 2430541166472756, ref_stop_time: 2430541166626956, actual_exe_time: 154200, task_app_start_time:2430540110712946, task_sched_time:2430541166423286
app_id: 0, app_name: pulse_doppler_api-aarch64, task_id: 456, task_name: DASH_FFT, resource_name: cpu1, ref_start_time: 2430541167189996, ref_stop_time: 2430541167210576, actual_exe_time: 20580, task_app_start_time:2430540090844933, task_sched_time:2430541167185106
app_id: 3, app_name: pulse_doppler_api-aarch64, task_id: 431, task_name: DASH_FFT, resource_name: cpu2, ref_start_time: 2430541167583506, ref_stop_time: 2430541167787026, actual_exe_time: 203520, task_app_start_time:2430540120723348, task_sched_time:2430541167578346
app_id: 1, app_name: pulse_doppler_api-aarch64, task_id: 448, task_name: DASH_FFT, resource_name: cpu3, ref_start_time: 2430541168483806, ref_stop_time: 2430541168700376, actual_exe_time: 216570, task_app_start_time:2430540100558994, task_sched_time:2430541168476036
app_id: 2, app_name: pulse_doppler_api-aarch64, task_id: 460, task_name: DASH_FFT, resource_name: fft1, ref_start_time: 2430541168753926, ref_stop_time: 2430541169001966, actual_exe_time: 248040, task_app_start_time:2430540110712946, task_sched_time:2430541168748976
app_id: 0, app_name: pulse_doppler_api-aarch64, task_id: 457, task_name: DASH_FFT, resource_name: fft2, ref_start_time: 2430541169527776, ref_stop_time: 2430541169554356, actual_exe_time: 26580, task_app_start_time:2430540090844933, task_sched_time:2430541169524056
app_id: 3, app_name: pulse_doppler_api-aarch64, task_id: 432, task_name: DASH_FFT, resource_name: cpu1, ref_start_time: 2430541170215587, ref_stop_time: 2430541170237037, actual_exe_time: 21450, task_app_start_time:2430540120723348, task_sched_time:2430541170202087
app_id: 1, app_name: pulse_doppler_api-aarch64, task_id: 449, task_name: DASH_FFT, resource_name: cpu2, ref_start_time: 2430541170699967, ref_stop_time: 2430541170722707, actual_exe_time: 22740, task_app_start_time:2430540100558994, task_sched_time:2430541170695017
app_id: 0, app_name: pulse_doppler_api-aarch64, task_id: 458, task_name: DASH_FFT, resource_name: cpu3, ref_start_time: 2430541171092127, ref_stop_time: 2430541171239337, actual_exe_time: 147210, task_app_start_time:2430540090844933, task_sched_time:2430541171085947
app_id: 3, app_name: pulse_doppler_api-aarch64, task_id: 433, task_name: DASH_FFT, resource_name: fft1, ref_start_time: 2430541171359517, ref_stop_time: 2430541171706497, actual_exe_time: 346980, task_app_start_time:2430540120723348, task_sched_time:2430541171350217
app_id: 1, app_name: pulse_doppler_api-aarch64, task_id: 450, task_name: DASH_FFT, resource_name: fft2, ref_start_time: 2430541171718137, ref_stop_time: 2430541172539447, actual_exe_time: 821310, task_app_start_time:2430540100558994, task_sched_time:2430541171714027
app_id: 0, app_name: pulse_doppler_api-aarch64, task_id: 459, task_name: DASH_FFT, resource_name: cpu1, ref_start_time: 2430541172740147, ref_stop_time: 2430541172761417, actual_exe_time: 21270, task_app_start_time:2430540090844933, task_sched_time:2430541172727187
app_id: 2, app_name: pulse_doppler_api-aarch64, task_id: 461, task_name: DASH_FFT, resource_name: cpu2, ref_start_time: 2430541173033187, ref_stop_time: 2430541173718267, actual_exe_time: 685080, task_app_start_time:2430540110712946, task_sched_time:2430541173027037
app_id: 3, app_name: pulse_doppler_api-aarch64, task_id: 434, task_name: DASH_FFT, resource_name: cpu3, ref_start_time: 2430541173410467, ref_stop_time: 2430541173980707, actual_exe_time: 570240, task_app_start_time:2430540120723348, task_sched_time:2430541173403687
app_id: 0, app_name: pulse_doppler_api-aarch64, task_id: 460, task_name: DASH_FFT, resource_name: fft1, ref_start_time: 2430541173838177, ref_stop_time: 2430541173863677, actual_exe_time: 25500, task_app_start_time:2430540090844933, task_sched_time:2430541173828517
app_id: 1, app_name: pulse_doppler_api-aarch64, task_id: 451, task_name: DASH_FFT, resource_name: fft2, ref_start_time: 2430541174609537, ref_stop_time: 2430541174638517, actual_exe_time: 28980, task_app_start_time:2430540100558994, task_sched_time:2430541174604587
app_id: 0, app_name: pulse_doppler_api-aarch64, task_id: 461, task_name: DASH_FFT, resource_name: cpu1, ref_start_time: 2430541175232907, ref_stop_time: 2430541175253307, actual_exe_time: 20400, task_app_start_time:2430540090844933, task_sched_time:2430541175221897
app_id: 1, app_name: pulse_doppler_api-aarch64, task_id: 452, task_name: DASH_FFT, resource_name: cpu2, ref_start_time: 2430541175436847, ref_stop_time: 2430541175459797, actual_exe_time: 22950, task_app_start_time:2430540100558994, task_sched_time:2430541175340877
app_id: 3, app_name: pulse_doppler_api-aarch64, task_id: 435, task_name: DASH_FFT, resource_name: cpu3, ref_start_time: 2430541175965268, ref_stop_time: 2430541176050648, actual_exe_time: 85380, task_app_start_time:2430540120723348, task_sched_time:2430541175935538
app_id: 2, app_name: pulse_doppler_api-aarch64, task_id: 462, task_name: DASH_FFT, resource_name: fft1, ref_start_time: 2430541176577298, ref_stop_time: 2430541176603368, actual_exe_time: 26070, task_app_start_time:2430540110712946, task_sched_time:2430541176571628
app_id: 1, app_name: pulse_doppler_api-aarch64, task_id: 453, task_name: DASH_FFT, resource_name: fft2, ref_start_time: 2430541176725228, ref_stop_time: 2430541176912158, actual_exe_time: 186930, task_app_start_time:2430540100558994, task_sched_time:2430541176720278
app_id: 0, app_name: pulse_doppler_api-aarch64, task_id: 462, task_name: DASH_FFT, resource_name: cpu1, ref_start_time: 2430541177555238, ref_stop_time: 2430541177576358, actual_exe_time: 21120, task_app_start_time:2430540090844933, task_sched_time:2430541177547498
app_id: 3, app_name: pulse_doppler_api-aarch64, task_id: 436, task_name: DASH_FFT, resource_name: cpu2, ref_start_time: 2430541177965338, ref_stop_time: 2430541178172608, actual_exe_time: 207270, task_app_start_time:2430540120723348, task_sched_time:2430541177957748
app_id: 2, app_name: pulse_doppler_api-aarch64, task_id: 463, task_name: DASH_FFT, resource_name: cpu3, ref_start_time: 2430541178286098, ref_stop_time: 2430541178503748, actual_exe_time: 217650, task_app_start_time:2430540110712946, task_sched_time:2430541178264888
app_id: 0, app_name: pulse_doppler_api-aarch64, task_id: 463, task_name: DASH_FFT, resource_name: fft1, ref_start_time: 2430541178788418, ref_stop_time: 2430541179087458, actual_exe_time: 299040, task_app_start_time:2430540090844933, task_sched_time:2430541178780948
app_id: 3, app_name: pulse_doppler_api-aarch64, task_id: 437, task_name: DASH_FFT, resource_name: fft2, ref_start_time: 2430541178951288, ref_stop_time: 2430541179532028, actual_exe_time: 580740, task_app_start_time:2430540120723348, task_sched_time:2430541178944478
app_id: 1, app_name: pulse_doppler_api-aarch64, task_id: 454, task_name: DASH_FFT, resource_name: cpu1, ref_start_time: 2430541179806618, ref_stop_time: 2430541180121768, actual_exe_time: 315150, task_app_start_time:2430540100558994, task_sched_time:2430541179803168
app_id: 2, app_name: pulse_doppler_api-aarch64, task_id: 464, task_name: DASH_FFT, resource_name: cpu2, ref_start_time: 2430541180101098, ref_stop_time: 2430541180353488, actual_exe_time: 252390, task_app_start_time:2430540110712946, task_sched_time:2430541180091438
app_id: 3, app_name: pulse_doppler_api-aarch64, task_id: 438, task_name: DASH_FFT, resource_name: cpu3, ref_start_time: 2430541180380638, ref_stop_time: 2430541180646498, actual_exe_time: 265860, task_app_start_time:2430540120723348, task_sched_time:2430541180376438
app_id: 0, app_name: pulse_doppler_api-aarch64, task_id: 464, task_name: DASH_FFT, resource_name: fft1, ref_start_time: 2430541180615448, ref_stop_time: 2430541180809428, actual_exe_time: 193980, task_app_start_time:2430540090844933, task_sched_time:2430541180612118
app_id: 1, app_name: pulse_doppler_api-aarch64, task_id: 455, task_name: DASH_FFT, resource_name: fft2, ref_start_time: 2430541181279258, ref_stop_time: 2430541181321648, actual_exe_time: 42390, task_app_start_time:2430540100558994, task_sched_time:2430541181208608
app_id: 0, app_name: pulse_doppler_api-aarch64, task_id: 465, task_name: DASH_FFT, resource_name: cpu1, ref_start_time: 2430541181839658, ref_stop_time: 2430541181860388, actual_exe_time: 20730, task_app_start_time:2430540090844933, task_sched_time:2430541181833388
app_id: 3, app_name: pulse_doppler_api-aarch64, task_id: 439, task_name: DASH_FFT, resource_name: cpu2, ref_start_time: 2430541182258999, ref_stop_time: 2430541182281559, actual_exe_time: 22560, task_app_start_time:2430540120723348, task_sched_time:2430541182248469
app_id: 1, app_name: pulse_doppler_api-aarch64, task_id: 456, task_name: DASH_FFT, resource_name: cpu3, ref_start_time: 2430541182784899, ref_stop_time: 2430541182969099, actual_exe_time: 184200, task_app_start_time:2430540100558994, task_sched_time:2430541182780549
app_id: 0, app_name: pulse_doppler_api-aarch64, task_id: 466, task_name: DASH_FFT, resource_name: fft1, ref_start_time: 2430541183026849, ref_stop_time: 2430541183867509, actual_exe_time: 840660, task_app_start_time:2430540090844933, task_sched_time:2430541183020579
app_id: 1, app_name: pulse_doppler_api-aarch64, task_id: 457, task_name: DASH_FFT, resource_name: fft2, ref_start_time: 2430541183153149, ref_stop_time: 2430541183684749, actual_exe_time: 531600, task_app_start_time:2430540100558994, task_sched_time:2430541183139709
app_id: 2, app_name: pulse_doppler_api-aarch64, task_id: 465, task_name: DASH_FFT, resource_name: cpu1, ref_start_time: 2430541184006319, ref_stop_time: 2430541184027349, actual_exe_time: 21030, task_app_start_time:2430540110712946, task_sched_time:2430541183999029
app_id: 3, app_name: pulse_doppler_api-aarch64, task_id: 440, task_name: DASH_FFT, resource_name: cpu2, ref_start_time: 2430541184492529, ref_stop_time: 2430541184514999, actual_exe_time: 22470, task_app_start_time:2430540120723348, task_sched_time:2430541184487669
app_id: 2, app_name: pulse_doppler_api-aarch64, task_id: 466, task_name: DASH_FFT, resource_name: cpu3, ref_start_time: 2430541184955249, ref_stop_time: 2430541185424719, actual_exe_time: 469470, task_app_start_time:2430540110712946, task_sched_time:2430541184946609
app_id: 0, app_name: pulse_doppler_api-aarch64, task_id: 467, task_name: DASH_FFT, resource_name: fft1, ref_start_time: 2430541185267759, ref_stop_time: 2430541185778329, actual_exe_time: 510570, task_app_start_time:2430540090844933, task_sched_time:2430541185261909
app_id: 3, app_name: pulse_doppler_api-aarch64, task_id: 441, task_name: DASH_FFT, resource_name: fft2, ref_start_time: 2430541185496989, ref_stop_time: 2430541185702699, actual_exe_time: 205710, task_app_start_time:2430540120723348, task_sched_time:2430541185492879
app_id: 1, app_name: pulse_doppler_api-aarch64, task_id: 458, task_name: DASH_FFT, resource_name: cpu1, ref_start_time: 2430541186062699, ref_stop_time: 2430541186519329, actual_exe_time: 456630, task_app_start_time:2430540100558994, task_sched_time:2430541186057149
app_id: 2, app_name: pulse_doppler_api-aarch64, task_id: 467, task_name: DASH_FFT, resource_name: cpu2, ref_start_time: 2430541186826379, ref_stop_time: 2430541186852089, actual_exe_time: 25710, task_app_start_time:2430540110712946, task_sched_time:2430541186793379
app_id: 1, app_name: pulse_doppler_api-aarch64, task_id: 459, task_name: DASH_FFT, resource_name: cpu3, ref_start_time: 2430541187172519, ref_stop_time: 2430541187340669, actual_exe_time: 168150, task_app_start_time:2430540100558994, task_sched_time:2430541187160609
app_id: 0, app_name: pulse_doppler_api-aarch64, task_id: 468, task_name: DASH_FFT, resource_name: fft1, ref_start_time: 2430541187423319, ref_stop_time: 2430541187786259, actual_exe_time: 362940, task_app_start_time:2430540090844933, task_sched_time:2430541187413779
app_id: 3, app_name: pulse_doppler_api-aarch64, task_id: 442, task_name: DASH_FFT, resource_name: fft2, ref_start_time: 2430541187869929, ref_stop_time: 2430541188342460, actual_exe_time: 472531, task_app_start_time:2430540120723348, task_sched_time:2430541187866119
app_id: 2, app_name: pulse_doppler_api-aarch64, task_id: 468, task_name: DASH_FFT, resource_name: cpu1, ref_start_time: 2430541188524350, ref_stop_time: 2430541188544990, actual_exe_time: 20640, task_app_start_time:2430540110712946, task_sched_time:2430541188519820
app_id: 1, app_name: pulse_doppler_api-aarch64, task_id: 460, task_name: DASH_FFT, resource_name: cpu2, ref_start_time: 2430541188988000, ref_stop_time: 2430541189275850, actual_exe_time: 287850, task_app_start_time:2430540100558994, task_sched_time:2430541188924760
app_id: 3, app_name: pulse_doppler_api-aarch64, task_id: 443, task_name: DASH_FFT, resource_name: cpu3, ref_start_time: 2430541189302730, ref_stop_time: 2430541189794670, actual_exe_time: 491940, task_app_start_time:2430540120723348, task_sched_time:2430541189299640
app_id: 0, app_name: pulse_doppler_api-aarch64, task_id: 469, task_name: DASH_FFT, resource_name: fft1, ref_start_time: 2430541189581610, ref_stop_time: 2430541189974010, actual_exe_time: 392400, task_app_start_time:2430540090844933, task_sched_time:2430541189574140
app_id: 2, app_name: pulse_doppler_api-aarch64, task_id: 469, task_name: DASH_FFT, resource_name: fft2, ref_start_time: 2430541190039740, ref_stop_time: 2430541190068720, actual_exe_time: 28980, task_app_start_time:2430540110712946, task_sched_time:2430541190034820
app_id: 1, app_name: pulse_doppler_api-aarch64, task_id: 461, task_name: DASH_FFT, resource_name: cpu1, ref_start_time: 2430541191014380, ref_stop_time: 2430541191034900, actual_exe_time: 20520, task_app_start_time:2430540100558994, task_sched_time:2430541191008320
app_id: 2, app_name: pulse_doppler_api-aarch64, task_id: 470, task_name: DASH_FFT, resource_name: cpu2, ref_start_time: 2430541191472060, ref_stop_time: 2430541191616690, actual_exe_time: 144630, task_app_start_time:2430540110712946, task_sched_time:2430541191423520
app_id: 0, app_name: pulse_doppler_api-aarch64, task_id: 470, task_name: DASH_FFT, resource_name: cpu3, ref_start_time: 2430541191748720, ref_stop_time: 2430541191773800, actual_exe_time: 25080, task_app_start_time:2430540090844933, task_sched_time:2430541191738940
app_id: 1, app_name: pulse_doppler_api-aarch64, task_id: 462, task_name: DASH_FFT, resource_name: fft1, ref_start_time: 2430541192217110, ref_stop_time: 2430541192242850, actual_exe_time: 25740, task_app_start_time:2430540100558994, task_sched_time:2430541192207450
app_id: 3, app_name: pulse_doppler_api-aarch64, task_id: 444, task_name: DASH_FFT, resource_name: fft2, ref_start_time: 2430541192358620, ref_stop_time: 2430541193006950, actual_exe_time: 648330, task_app_start_time:2430540120723348, task_sched_time:2430541192338220
app_id: 2, app_name: pulse_doppler_api-aarch64, task_id: 471, task_name: DASH_FFT, resource_name: cpu1, ref_start_time: 2430541193063710, ref_stop_time: 2430541193084320, actual_exe_time: 20610, task_app_start_time:2430540110712946, task_sched_time:2430541193059510
app_id: 2, app_name: pulse_doppler_api-aarch64, task_id: 472, task_name: DASH_FFT, resource_name: cpu2, ref_start_time: 2430541193818030, ref_stop_time: 2430541193843470, actual_exe_time: 25440, task_app_start_time:2430540110712946, task_sched_time:2430541193767720
app_id: 1, app_name: pulse_doppler_api-aarch64, task_id: 463, task_name: DASH_FFT, resource_name: cpu3, ref_start_time: 2430541194245680, ref_stop_time: 2430541194495701, actual_exe_time: 250021, task_app_start_time:2430540100558994, task_sched_time:2430541194243040
app_id: 3, app_name: pulse_doppler_api-aarch64, task_id: 445, task_name: DASH_FFT, resource_name: fft1, ref_start_time: 2430541194673391, ref_stop_time: 2430541194918341, actual_exe_time: 244950, task_app_start_time:2430540120723348, task_sched_time:2430541194662381
app_id: 2, app_name: pulse_doppler_api-aarch64, task_id: 473, task_name: DASH_FFT, resource_name: fft2, ref_start_time: 2430541195344461, ref_stop_time: 2430541195540001, actual_exe_time: 195540, task_app_start_time:2430540110712946, task_sched_time:2430541195290401
app_id: 1, app_name: pulse_doppler_api-aarch64, task_id: 464, task_name: DASH_FFT, resource_name: cpu1, ref_start_time: 2430541196003441, ref_stop_time: 2430541196024651, actual_exe_time: 21210, task_app_start_time:2430540100558994, task_sched_time:2430541195999301
app_id: 3, app_name: pulse_doppler_api-aarch64, task_id: 446, task_name: DASH_FFT, resource_name: cpu2, ref_start_time: 2430541196434751, ref_stop_time: 2430541196632961, actual_exe_time: 198210, task_app_start_time:2430540120723348, task_sched_time:2430541196427371
app_id: 2, app_name: pulse_doppler_api-aarch64, task_id: 474, task_name: DASH_FFT, resource_name: cpu3, ref_start_time: 2430541196766131, ref_stop_time: 2430541196858231, actual_exe_time: 92100, task_app_start_time:2430540110712946, task_sched_time:2430541196683331
app_id: 0, app_name: pulse_doppler_api-aarch64, task_id: 471, task_name: DASH_FFT, resource_name: fft1, ref_start_time: 2430541197028331, ref_stop_time: 2430541197139691, actual_exe_time: 111360, task_app_start_time:2430540090844933, task_sched_time:2430541197024821
app_id: 1, app_name: pulse_doppler_api-aarch64, task_id: 465, task_name: DASH_FFT, resource_name: fft2, ref_start_time: 2430541197584891, ref_stop_time: 2430541197757631, actual_exe_time: 172740, task_app_start_time:2430540100558994, task_sched_time:2430541197539291
app_id: 0, app_name: pulse_doppler_api-aarch64, task_id: 472, task_name: DASH_FFT, resource_name: cpu1, ref_start_time: 2430541198467161, ref_stop_time: 2430541198488011, actual_exe_time: 20850, task_app_start_time:2430540090844933, task_sched_time:2430541198457591
app_id: 3, app_name: pulse_doppler_api-aarch64, task_id: 447, task_name: DASH_FFT, resource_name: cpu2, ref_start_time: 2430541198865531, ref_stop_time: 2430541198965281, actual_exe_time: 99750, task_app_start_time:2430540120723348, task_sched_time:2430541198847741
app_id: 2, app_name: pulse_doppler_api-aarch64, task_id: 475, task_name: DASH_FFT, resource_name: cpu3, ref_start_time: 2430541199203691, ref_stop_time: 2430541199414921, actual_exe_time: 211230, task_app_start_time:2430540110712946, task_sched_time:2430541199195891
app_id: 0, app_name: pulse_doppler_api-aarch64, task_id: 473, task_name: DASH_FFT, resource_name: fft1, ref_start_time: 2430541199702651, ref_stop_time: 2430541199728271, actual_exe_time: 25620, task_app_start_time:2430540090844933, task_sched_time:2430541199698151
app_id: 1, app_name: pulse_doppler_api-aarch64, task_id: 466, task_name: DASH_FFT, resource_name: fft2, ref_start_time: 2430541200598241, ref_stop_time: 2430541200786372, actual_exe_time: 188131, task_app_start_time:2430540100558994, task_sched_time:2430541200589541
app_id: 3, app_name: pulse_doppler_api-aarch64, task_id: 448, task_name: DASH_FFT, resource_name: cpu1, ref_start_time: 2430541201016262, ref_stop_time: 2430541201037472, actual_exe_time: 21210, task_app_start_time:2430540120723348, task_sched_time:2430541201003242
app_id: 2, app_name: pulse_doppler_api-aarch64, task_id: 476, task_name: DASH_FFT, resource_name: cpu2, ref_start_time: 2430541201785642, ref_stop_time: 2430541201815972, actual_exe_time: 30330, task_app_start_time:2430540110712946, task_sched_time:2430541201707672
app_id: 3, app_name: pulse_doppler_api-aarch64, task_id: 449, task_name: DASH_FFT, resource_name: fft1, ref_start_time: 2430541201812882, ref_stop_time: 2430541201838532, actual_exe_time: 25650, task_app_start_time:2430540120723348, task_sched_time:2430541201800162
app_id: 1, app_name: pulse_doppler_api-aarch64, task_id: 467, task_name: DASH_FFT, resource_name: fft2, ref_start_time: 2430541201848222, ref_stop_time: 2430541201873572, actual_exe_time: 25350, task_app_start_time:2430540100558994, task_sched_time:2430541201845132
app_id: 0, app_name: pulse_doppler_api-aarch64, task_id: 474, task_name: DASH_FFT, resource_name: cpu3, ref_start_time: 2430541202149632, ref_stop_time: 2430541202175102, actual_exe_time: 25470, task_app_start_time:2430540090844933, task_sched_time:2430541201754382
app_id: 1, app_name: pulse_doppler_api-aarch64, task_id: 468, task_name: DASH_FFT, resource_name: cpu1, ref_start_time: 2430541202577342, ref_stop_time: 2430541202597652, actual_exe_time: 20310, task_app_start_time:2430540100558994, task_sched_time:2430541202572752
app_id: 1, app_name: pulse_doppler_api-aarch64, task_id: 469, task_name: DASH_FFT, resource_name: cpu2, ref_start_time: 2430541203152412, ref_stop_time: 2430541203182352, actual_exe_time: 29940, task_app_start_time:2430540100558994, task_sched_time:2430541203130812
app_id: 2, app_name: pulse_doppler_api-aarch64, task_id: 477, task_name: DASH_FFT, resource_name: cpu3, ref_start_time: 2430541203554412, ref_stop_time: 2430541203812442, actual_exe_time: 258030, task_app_start_time:2430540110712946, task_sched_time:2430541203547602
app_id: 3, app_name: pulse_doppler_api-aarch64, task_id: 450, task_name: DASH_FFT, resource_name: fft1, ref_start_time: 2430541203908742, ref_stop_time: 2430541204357722, actual_exe_time: 448980, task_app_start_time:2430540120723348, task_sched_time:2430541203904482
app_id: 1, app_name: pulse_doppler_api-aarch64, task_id: 470, task_name: DASH_FFT, resource_name: fft2, ref_start_time: 2430541204375692, ref_stop_time: 2430541204886352, actual_exe_time: 510660, task_app_start_time:2430540100558994, task_sched_time:2430541204366272
app_id: 2, app_name: pulse_doppler_api-aarch64, task_id: 478, task_name: DASH_FFT, resource_name: cpu1, ref_start_time: 2430541204949922, ref_stop_time: 2430541204970892, actual_exe_time: 20970, task_app_start_time:2430540110712946, task_sched_time:2430541204941762
app_id: 0, app_name: pulse_doppler_api-aarch64, task_id: 475, task_name: DASH_FFT, resource_name: cpu2, ref_start_time: 2430541205259432, ref_stop_time: 2430541205401812, actual_exe_time: 142380, task_app_start_time:2430540090844933, task_sched_time:2430541205231922
app_id: 3, app_name: pulse_doppler_api-aarch64, task_id: 451, task_name: DASH_FFT, resource_name: cpu3, ref_start_time: 2430541205778342, ref_stop_time: 2430541205802912, actual_exe_time: 24570, task_app_start_time:2430540120723348, task_sched_time:2430541205751042
app_id: 2, app_name: pulse_doppler_api-aarch64, task_id: 479, task_name: DASH_FFT, resource_name: fft1, ref_start_time: 2430541206249102, ref_stop_time: 2430541206471942, actual_exe_time: 222840, task_app_start_time:2430540110712946, task_sched_time:2430541206239652
app_id: 0, app_name: pulse_doppler_api-aarch64, task_id: 476, task_name: DASH_FFT, resource_name: fft2, ref_start_time: 2430541206479172, ref_stop_time: 2430541206505302, actual_exe_time: 26130, task_app_start_time:2430540090844933, task_sched_time:2430541206470322
app_id: 3, app_name: pulse_doppler_api-aarch64, task_id: 452, task_name: DASH_FFT, resource_name: cpu1, ref_start_time: 2430541206954403, ref_stop_time: 2430541207646203, actual_exe_time: 691800, task_app_start_time:2430540120723348, task_sched_time:2430541206941143
app_id: 1, app_name: pulse_doppler_api-aarch64, task_id: 471, task_name: DASH_FFT, resource_name: cpu2, ref_start_time: 2430541207525933, ref_stop_time: 2430541207829893, actual_exe_time: 303960, task_app_start_time:2430540100558994, task_sched_time:2430541207522663
app_id: 2, app_name: pulse_doppler_api-aarch64, task_id: 480, task_name: DASH_FFT, resource_name: cpu3, ref_start_time: 2430541208140183, ref_stop_time: 2430541208162833, actual_exe_time: 22650, task_app_start_time:2430540110712946, task_sched_time:2430541208132833
app_id: 0, app_name: pulse_doppler_api-aarch64, task_id: 477, task_name: DASH_FFT, resource_name: fft1, ref_start_time: 2430541208492533, ref_stop_time: 2430541208519473, actual_exe_time: 26940, task_app_start_time:2430540090844933, task_sched_time:2430541208488723
app_id: 1, app_name: pulse_doppler_api-aarch64, task_id: 472, task_name: DASH_FFT, resource_name: fft2, ref_start_time: 2430541208953423, ref_stop_time: 2430541208980663, actual_exe_time: 27240, task_app_start_time:2430540100558994, task_sched_time:2430541208947573
app_id: 2, app_name: pulse_doppler_api-aarch64, task_id: 481, task_name: DASH_FFT, resource_name: cpu1, ref_start_time: 2430541209594463, ref_stop_time: 2430541209615043, actual_exe_time: 20580, task_app_start_time:2430540110712946, task_sched_time:2430541209585073
app_id: 0, app_name: pulse_doppler_api-aarch64, task_id: 478, task_name: DASH_FFT, resource_name: cpu2, ref_start_time: 2430541210011703, ref_stop_time: 2430541210039573, actual_exe_time: 27870, task_app_start_time:2430540090844933, task_sched_time:2430541209968713
app_id: 2, app_name: pulse_doppler_api-aarch64, task_id: 482, task_name: DASH_FFT, resource_name: cpu3, ref_start_time: 2430541210257973, ref_stop_time: 2430541210279843, actual_exe_time: 21870, task_app_start_time:2430540110712946, task_sched_time:2430541210253623
app_id: 3, app_name: pulse_doppler_api-aarch64, task_id: 453, task_name: DASH_FFT, resource_name: fft1, ref_start_time: 2430541210476583, ref_stop_time: 2430541210586413, actual_exe_time: 109830, task_app_start_time:2430540120723348, task_sched_time:2430541210463953
app_id: 0, app_name: pulse_doppler_api-aarch64, task_id: 479, task_name: DASH_FFT, resource_name: fft2, ref_start_time: 2430541210860463, ref_stop_time: 2430541211418313, actual_exe_time: 557850, task_app_start_time:2430540090844933, task_sched_time:2430541210852903
app_id: 1, app_name: pulse_doppler_api-aarch64, task_id: 473, task_name: DASH_FFT, resource_name: cpu1, ref_start_time: 2430541211598313, ref_stop_time: 2430541211618923, actual_exe_time: 20610, task_app_start_time:2430540100558994, task_sched_time:2430541211594233
app_id: 2, app_name: pulse_doppler_api-aarch64, task_id: 483, task_name: DASH_FFT, resource_name: cpu2, ref_start_time: 2430541211767723, ref_stop_time: 2430541212050023, actual_exe_time: 282300, task_app_start_time:2430540110712946, task_sched_time:2430541211704153
app_id: 3, app_name: pulse_doppler_api-aarch64, task_id: 454, task_name: DASH_FFT, resource_name: cpu3, ref_start_time: 2430541211940943, ref_stop_time: 2430541211965393, actual_exe_time: 24450, task_app_start_time:2430540120723348, task_sched_time:2430541211929933
app_id: 0, app_name: pulse_doppler_api-aarch64, task_id: 480, task_name: DASH_FFT, resource_name: fft1, ref_start_time: 2430541212722833, ref_stop_time: 2430541212748453, actual_exe_time: 25620, task_app_start_time:2430540090844933, task_sched_time:2430541212711223
app_id: 1, app_name: pulse_doppler_api-aarch64, task_id: 474, task_name: DASH_FFT, resource_name: fft2, ref_start_time: 2430541212987703, ref_stop_time: 2430541213121354, actual_exe_time: 133651, task_app_start_time:2430540100558994, task_sched_time:2430541212982033
app_id: 3, app_name: pulse_doppler_api-aarch64, task_id: 455, task_name: DASH_FFT, resource_name: cpu1, ref_start_time: 2430541213815584, ref_stop_time: 2430541213837244, actual_exe_time: 21660, task_app_start_time:2430540120723348, task_sched_time:2430541213804964
app_id: 2, app_name: pulse_doppler_api-aarch64, task_id: 484, task_name: DASH_FFT, resource_name: cpu2, ref_start_time: 2430541214173184, ref_stop_time: 2430541214333054, actual_exe_time: 159870, task_app_start_time:2430540110712946, task_sched_time:2430541214123894
app_id: 1, app_name: pulse_doppler_api-aarch64, task_id: 475, task_name: DASH_FFT, resource_name: cpu3, ref_start_time: 2430541214438744, ref_stop_time: 2430541215112064, actual_exe_time: 673320, task_app_start_time:2430540100558994, task_sched_time:2430541214434154
app_id: 3, app_name: pulse_doppler_api-aarch64, task_id: 456, task_name: DASH_FFT, resource_name: fft1, ref_start_time: 2430541215109124, ref_stop_time: 2430541215520934, actual_exe_time: 411810, task_app_start_time:2430540120723348, task_sched_time:2430541215101384
app_id: 2, app_name: pulse_doppler_api-aarch64, task_id: 485, task_name: DASH_FFT, resource_name: fft2, ref_start_time: 2430541215525494, ref_stop_time: 2430541215666764, actual_exe_time: 141270, task_app_start_time:2430540110712946, task_sched_time:2430541215509954
app_id: 0, app_name: pulse_doppler_api-aarch64, task_id: 481, task_name: DASH_FFT, resource_name: cpu1, ref_start_time: 2430541216572734, ref_stop_time: 2430541216812134, actual_exe_time: 239400, task_app_start_time:2430540090844933, task_sched_time:2430541216561094
app_id: 1, app_name: pulse_doppler_api-aarch64, task_id: 476, task_name: DASH_FFT, resource_name: cpu2, ref_start_time: 2430541216702934, ref_stop_time: 2430541217298284, actual_exe_time: 595350, task_app_start_time:2430540100558994, task_sched_time:2430541216684994
app_id: 3, app_name: pulse_doppler_api-aarch64, task_id: 457, task_name: DASH_FFT, resource_name: cpu3, ref_start_time: 2430541217302154, ref_stop_time: 2430541217740544, actual_exe_time: 438390, task_app_start_time:2430540120723348, task_sched_time:2430541217258144
app_id: 0, app_name: pulse_doppler_api-aarch64, task_id: 482, task_name: DASH_FFT, resource_name: fft1, ref_start_time: 2430541217568734, ref_stop_time: 2430541217594414, actual_exe_time: 25680, task_app_start_time:2430540090844933, task_sched_time:2430541217562704
app_id: 2, app_name: pulse_doppler_api-aarch64, task_id: 486, task_name: DASH_FFT, resource_name: fft2, ref_start_time: 2430541218043784, ref_stop_time: 2430541218290804, actual_exe_time: 247020, task_app_start_time:2430540110712946, task_sched_time:2430541218037394
app_id: 0, app_name: pulse_doppler_api-aarch64, task_id: 483, task_name: DASH_FFT, resource_name: cpu1, ref_start_time: 2430541218926924, ref_stop_time: 2430541218947654, actual_exe_time: 20730, task_app_start_time:2430540090844933, task_sched_time:2430541218917654
app_id: 3, app_name: pulse_doppler_api-aarch64, task_id: 458, task_name: DASH_FFT, resource_name: cpu2, ref_start_time: 2430541219313805, ref_stop_time: 2430541219546845, actual_exe_time: 233040, task_app_start_time:2430540120723348, task_sched_time:2430541219307175
app_id: 2, app_name: pulse_doppler_api-aarch64, task_id: 487, task_name: DASH_FFT, resource_name: cpu3, ref_start_time: 2430541220036715, ref_stop_time: 2430541220059305, actual_exe_time: 22590, task_app_start_time:2430540110712946, task_sched_time:2430541220029365
app_id: 1, app_name: pulse_doppler_api-aarch64, task_id: 477, task_name: DASH_FFT, resource_name: fft1, ref_start_time: 2430541220100105, ref_stop_time: 2430541220125335, actual_exe_time: 25230, task_app_start_time:2430540100558994, task_sched_time:2430541220087535
app_id: 0, app_name: pulse_doppler_api-aarch64, task_id: 484, task_name: DASH_FFT, resource_name: fft2, ref_start_time: 2430541220300115, ref_stop_time: 2430541220326905, actual_exe_time: 26790, task_app_start_time:2430540090844933, task_sched_time:2430541220220045
app_id: 2, app_name: pulse_doppler_api-aarch64, task_id: 488, task_name: DASH_FFT, resource_name: cpu1, ref_start_time: 2430541221067305, ref_stop_time: 2430541221087795, actual_exe_time: 20490, task_app_start_time:2430540110712946, task_sched_time:2430541221054645
app_id: 1, app_name: pulse_doppler_api-aarch64, task_id: 478, task_name: DASH_FFT, resource_name: cpu2, ref_start_time: 2430541221214005, ref_stop_time: 2430541221458205, actual_exe_time: 244200, task_app_start_time:2430540100558994, task_sched_time:2430541221206295
app_id: 0, app_name: pulse_doppler_api-aarch64, task_id: 485, task_name: DASH_FFT, resource_name: cpu3, ref_start_time: 2430541221626595, ref_stop_time: 2430541221787125, actual_exe_time: 160530, task_app_start_time:2430540090844933, task_sched_time:2430541221552405
app_id: 3, app_name: pulse_doppler_api-aarch64, task_id: 459, task_name: DASH_FFT, resource_name: fft1, ref_start_time: 2430541222253295, ref_stop_time: 2430541222380045, actual_exe_time: 126750, task_app_start_time:2430540120723348, task_sched_time:2430541222242075
app_id: 1, app_name: pulse_doppler_api-aarch64, task_id: 479, task_name: DASH_FFT, resource_name: fft2, ref_start_time: 2430541222569165, ref_stop_time: 2430541222689375, actual_exe_time: 120210, task_app_start_time:2430540100558994, task_sched_time:2430541222565205
app_id: 0, app_name: pulse_doppler_api-aarch64, task_id: 486, task_name: DASH_FFT, resource_name: cpu1, ref_start_time: 2430541223079105, ref_stop_time: 2430541223192265, actual_exe_time: 113160, task_app_start_time:2430540090844933, task_sched_time:2430541223067375
app_id: 2, app_name: pulse_doppler_api-aarch64, task_id: 489, task_name: DASH_FFT, resource_name: cpu2, ref_start_time: 2430541223651445, ref_stop_time: 2430541223675955, actual_exe_time: 24510, task_app_start_time:2430540110712946, task_sched_time:2430541223646045
app_id: 3, app_name: pulse_doppler_api-aarch64, task_id: 460, task_name: DASH_FFT, resource_name: cpu3, ref_start_time: 2430541224194025, ref_stop_time: 2430541224219525, actual_exe_time: 25500, task_app_start_time:2430540120723348, task_sched_time:2430541224190875
app_id: 2, app_name: pulse_doppler_api-aarch64, task_id: 490, task_name: DASH_FFT, resource_name: fft1, ref_start_time: 2430541224602295, ref_stop_time: 2430541224627885, actual_exe_time: 25590, task_app_start_time:2430540110712946, task_sched_time:2430541224597345
app_id: 0, app_name: pulse_doppler_api-aarch64, task_id: 487, task_name: DASH_FFT, resource_name: fft2, ref_start_time: 2430541224688215, ref_stop_time: 2430541224715035, actual_exe_time: 26820, task_app_start_time:2430540090844933, task_sched_time:2430541224648585
app_id: 1, app_name: pulse_doppler_api-aarch64, task_id: 480, task_name: DASH_FFT, resource_name: cpu1, ref_start_time: 2430541225289535, ref_stop_time: 2430541225311195, actual_exe_time: 21660, task_app_start_time:2430540100558994, task_sched_time:2430541225278315
app_id: 3, app_name: pulse_doppler_api-aarch64, task_id: 461, task_name: DASH_FFT, resource_name: cpu2, ref_start_time: 2430541225636606, ref_stop_time: 2430541225721206, actual_exe_time: 84600, task_app_start_time:2430540120723348, task_sched_time:2430541225631416
app_id: 0, app_name: pulse_doppler_api-aarch64, task_id: 488, task_name: DASH_FFT, resource_name: cpu3, ref_start_time: 2430541225946656, ref_stop_time: 2430541226159806, actual_exe_time: 213150, task_app_start_time:2430540090844933, task_sched_time:2430541225857766
app_id: 1, app_name: pulse_doppler_api-aarch64, task_id: 481, task_name: DASH_FFT, resource_name: fft1, ref_start_time: 2430541226455006, ref_stop_time: 2430541226479816, actual_exe_time: 24810, task_app_start_time:2430540100558994, task_sched_time:2430541226444386
app_id: 3, app_name: pulse_doppler_api-aarch64, task_id: 462, task_name: DASH_FFT, resource_name: fft2, ref_start_time: 2430541227000856, ref_stop_time: 2430541227027766, actual_exe_time: 26910, task_app_start_time:2430540120723348, task_sched_time:2430541226927986
app_id: 2, app_name: pulse_doppler_api-aarch64, task_id: 491, task_name: DASH_FFT, resource_name: cpu1, ref_start_time: 2430541227739846, ref_stop_time: 2430541227760486, actual_exe_time: 20640, task_app_start_time:2430540110712946, task_sched_time:2430541227736336
app_id: 0, app_name: pulse_doppler_api-aarch64, task_id: 489, task_name: DASH_FFT, resource_name: cpu2, ref_start_time: 2430541227991186, ref_stop_time: 2430541228142536, actual_exe_time: 151350, task_app_start_time:2430540090844933, task_sched_time:2430541227978076
app_id: 3, app_name: pulse_doppler_api-aarch64, task_id: 463, task_name: DASH_FFT, resource_name: cpu3, ref_start_time: 2430541228318306, ref_stop_time: 2430541228908466, actual_exe_time: 590160, task_app_start_time:2430540120723348, task_sched_time:2430541228315096
app_id: 1, app_name: pulse_doppler_api-aarch64, task_id: 482, task_name: DASH_FFT, resource_name: fft1, ref_start_time: 2430541228735126, ref_stop_time: 2430541229267086, actual_exe_time: 531960, task_app_start_time:2430540100558994, task_sched_time:2430541228727896
app_id: 0, app_name: pulse_doppler_api-aarch64, task_id: 490, task_name: DASH_FFT, resource_name: fft2, ref_start_time: 2430541229054626, ref_stop_time: 2430541229206636, actual_exe_time: 152010, task_app_start_time:2430540090844933, task_sched_time:2430541229044846
app_id: 2, app_name: pulse_doppler_api-aarch64, task_id: 492, task_name: DASH_FFT, resource_name: cpu1, ref_start_time: 2430541229825146, ref_stop_time: 2430541230335116, actual_exe_time: 509970, task_app_start_time:2430540110712946, task_sched_time:2430541229811886
app_id: 0, app_name: pulse_doppler_api-aarch64, task_id: 491, task_name: DASH_FFT, resource_name: cpu2, ref_start_time: 2430541230132676, ref_stop_time: 2430541230526126, actual_exe_time: 393450, task_app_start_time:2430540090844933, task_sched_time:2430541230124576
app_id: 3, app_name: pulse_doppler_api-aarch64, task_id: 464, task_name: DASH_FFT, resource_name: cpu3, ref_start_time: 2430541231027576, ref_stop_time: 2430541231152526, actual_exe_time: 124950, task_app_start_time:2430540120723348, task_sched_time:2430541231014286
app_id: 2, app_name: pulse_doppler_api-aarch64, task_id: 493, task_name: DASH_FFT, resource_name: fft1, ref_start_time: 2430541231231486, ref_stop_time: 2430541231610506, actual_exe_time: 379020, task_app_start_time:2430540110712946, task_sched_time:2430541231220626
app_id: 1, app_name: pulse_doppler_api-aarch64, task_id: 483, task_name: DASH_FFT, resource_name: fft2, ref_start_time: 2430541231757507, ref_stop_time: 2430541231886357, actual_exe_time: 128850, task_app_start_time:2430540100558994, task_sched_time:2430541231617016
app_id: 3, app_name: pulse_doppler_api-aarch64, task_id: 465, task_name: DASH_FFT, resource_name: cpu1, ref_start_time: 2430541232096297, ref_stop_time: 2430541232428667, actual_exe_time: 332370, task_app_start_time:2430540120723348, task_sched_time:2430541232089127
app_id: 0, app_name: pulse_doppler_api-aarch64, task_id: 492, task_name: DASH_FFT, resource_name: cpu2, ref_start_time: 2430541232861777, ref_stop_time: 2430541232884997, actual_exe_time: 23220, task_app_start_time:2430540090844933, task_sched_time:2430541232838047
app_id: 2, app_name: pulse_doppler_api-aarch64, task_id: 494, task_name: DASH_FFT, resource_name: cpu3, ref_start_time: 2430541233289247, ref_stop_time: 2430541233311447, actual_exe_time: 22200, task_app_start_time:2430540110712946, task_sched_time:2430541233286277
app_id: 1, app_name: pulse_doppler_api-aarch64, task_id: 484, task_name: DASH_FFT, resource_name: fft1, ref_start_time: 2430541233818837, ref_stop_time: 2430541233844397, actual_exe_time: 25560, task_app_start_time:2430540100558994, task_sched_time:2430541233810287
app_id: 3, app_name: pulse_doppler_api-aarch64, task_id: 466, task_name: DASH_FFT, resource_name: fft2, ref_start_time: 2430541234286927, ref_stop_time: 2430541234313087, actual_exe_time: 26160, task_app_start_time:2430540120723348, task_sched_time:2430541234280657
app_id: 2, app_name: pulse_doppler_api-aarch64, task_id: 495, task_name: DASH_FFT, resource_name: cpu1, ref_start_time: 2430541234846247, ref_stop_time: 2430541234865687, actual_exe_time: 19440, task_app_start_time:2430540110712946, task_sched_time:2430541234835207
app_id: 1, app_name: pulse_doppler_api-aarch64, task_id: 485, task_name: DASH_FFT, resource_name: cpu2, ref_start_time: 2430541235424347, ref_stop_time: 2430541235448167, actual_exe_time: 23820, task_app_start_time:2430540100558994, task_sched_time:2430541235369147
app_id: 2, app_name: pulse_doppler_api-aarch64, task_id: 496, task_name: DASH_FFT, resource_name: cpu3, ref_start_time: 2430541235883737, ref_stop_time: 2430541236241997, actual_exe_time: 358260, task_app_start_time:2430540110712946, task_sched_time:2430541235874887
app_id: 3, app_name: pulse_doppler_api-aarch64, task_id: 467, task_name: DASH_FFT, resource_name: fft1, ref_start_time: 2430541236150827, ref_stop_time: 2430541236334037, actual_exe_time: 183210, task_app_start_time:2430540120723348, task_sched_time:2430541236146507
app_id: 1, app_name: pulse_doppler_api-aarch64, task_id: 486, task_name: DASH_FFT, resource_name: fft2, ref_start_time: 2430541236872927, ref_stop_time: 2430541237015817, actual_exe_time: 142890, task_app_start_time:2430540100558994, task_sched_time:2430541236824027
app_id: 0, app_name: pulse_doppler_api-aarch64, task_id: 493, task_name: DASH_FFT, resource_name: cpu1, ref_start_time: 2430541237772687, ref_stop_time: 2430541237794377, actual_exe_time: 21690, task_app_start_time:2430540090844933, task_sched_time:2430541237767467
app_id: 3, app_name: pulse_doppler_api-aarch64, task_id: 468, task_name: DASH_FFT, resource_name: cpu2, ref_start_time: 2430541238176218, ref_stop_time: 2430541238408778, actual_exe_time: 232560, task_app_start_time:2430540120723348, task_sched_time:2430541238170338
app_id: 1, app_name: pulse_doppler_api-aarch64, task_id: 487, task_name: DASH_FFT, resource_name: cpu3, ref_start_time: 2430541238718558, ref_stop_time: 2430541238743338, actual_exe_time: 24780, task_app_start_time:2430540100558994, task_sched_time:2430541238713908
app_id: 2, app_name: pulse_doppler_api-aarch64, task_id: 497, task_name: DASH_FFT, resource_name: fft1, ref_start_time: 2430541238772828, ref_stop_time: 2430541238797668, actual_exe_time: 24840, task_app_start_time:2430540110712946, task_sched_time:2430541238767578
app_id: 0, app_name: pulse_doppler_api-aarch64, task_id: 494, task_name: DASH_FFT, resource_name: fft2, ref_start_time: 2430541238926188, ref_stop_time: 2430541238952558, actual_exe_time: 26370, task_app_start_time:2430540090844933, task_sched_time:2430541238916258
app_id: 1, app_name: pulse_doppler_api-aarch64, task_id: 488, task_name: DASH_FFT, resource_name: cpu1, ref_start_time: 2430541239978048, ref_stop_time: 2430541239999468, actual_exe_time: 21420, task_app_start_time:2430540100558994, task_sched_time:2430541239968568
app_id: 0, app_name: pulse_doppler_api-aarch64, task_id: 495, task_name: DASH_FFT, resource_name: cpu2, ref_start_time: 2430541240427538, ref_stop_time: 2430541240449858, actual_exe_time: 22320, task_app_start_time:2430540090844933, task_sched_time:2430541240422588
app_id: 0, app_name: pulse_doppler_api-aarch64, task_id: 496, task_name: DASH_FFT, resource_name: cpu3, ref_start_time: 2430541240785468, ref_stop_time: 2430541240809978, actual_exe_time: 24510, task_app_start_time:2430540090844933, task_sched_time:2430541240782018
app_id: 2, app_name: pulse_doppler_api-aarch64, task_id: 498, task_name: DASH_FFT, resource_name: fft1, ref_start_time: 2430541240907148, ref_stop_time: 2430541241398608, actual_exe_time: 491460, task_app_start_time:2430540110712946, task_sched_time:2430541240902648
app_id: 3, app_name: pulse_doppler_api-aarch64, task_id: 469, task_name: DASH_FFT, resource_name: fft2, ref_start_time: 2430541241349108, ref_stop_time: 2430541241375328, actual_exe_time: 26220, task_app_start_time:2430540120723348, task_sched_time:2430541241238378
app_id: 1, app_name: pulse_doppler_api-aarch64, task_id: 489, task_name: DASH_FFT, resource_name: cpu1, ref_start_time: 2430541242085818, ref_stop_time: 2430541242106908, actual_exe_time: 21090, task_app_start_time:2430540100558994, task_sched_time:2430541242075138
app_id: 0, app_name: pulse_doppler_api-aarch64, task_id: 497, task_name: DASH_FFT, resource_name: cpu2, ref_start_time: 2430541242679158, ref_stop_time: 2430541242701628, actual_exe_time: 22470, task_app_start_time:2430540090844933, task_sched_time:2430541242653478
app_id: 3, app_name: pulse_doppler_api-aarch64, task_id: 470, task_name: DASH_FFT, resource_name: cpu3, ref_start_time: 2430541242940938, ref_stop_time: 2430541243130268, actual_exe_time: 189330, task_app_start_time:2430540120723348, task_sched_time:2430541242932268
app_id: 1, app_name: pulse_doppler_api-aarch64, task_id: 490, task_name: DASH_FFT, resource_name: fft1, ref_start_time: 2430541243210398, ref_stop_time: 2430541243881798, actual_exe_time: 671400, task_app_start_time:2430540100558994, task_sched_time:2430541243202538
app_id: 2, app_name: pulse_doppler_api-aarch64, task_id: 499, task_name: DASH_FFT, resource_name: fft2, ref_start_time: 2430541245093319, ref_stop_time: 2430541245122599, actual_exe_time: 29280, task_app_start_time:2430540110712946, task_sched_time:2430541245046129
app_id: 3, app_name: pulse_doppler_api-aarch64, task_id: 471, task_name: DASH_FFT, resource_name: cpu1, ref_start_time: 2430541245364489, ref_stop_time: 2430541245385909, actual_exe_time: 21420, task_app_start_time:2430540120723348, task_sched_time:2430541245352609
app_id: 0, app_name: pulse_doppler_api-aarch64, task_id: 498, task_name: DASH_FFT, resource_name: cpu2, ref_start_time: 2430541245452299, ref_stop_time: 2430541245476149, actual_exe_time: 23850, task_app_start_time:2430540090844933, task_sched_time:2430541245408739
app_id: 1, app_name: pulse_doppler_api-aarch64, task_id: 491, task_name: DASH_FFT, resource_name: cpu3, ref_start_time: 2430541245659599, ref_stop_time: 2430541245684109, actual_exe_time: 24510, task_app_start_time:2430540100558994, task_sched_time:2430541245456799
app_id: 0, app_name: pulse_doppler_api-aarch64, task_id: 499, task_name: DASH_FFT, resource_name: fft1, ref_start_time: 2430541245698359, ref_stop_time: 2430541245724519, actual_exe_time: 26160, task_app_start_time:2430540090844933, task_sched_time:2430541245691669
app_id: 3, app_name: pulse_doppler_api-aarch64, task_id: 472, task_name: DASH_FFT, resource_name: fft2, ref_start_time: 2430541246449529, ref_stop_time: 2430541246480969, actual_exe_time: 31440, task_app_start_time:2430540120723348, task_sched_time:2430541246444099
app_id: 0, app_name: pulse_doppler_api-aarch64, task_id: 500, task_name: DASH_FFT, resource_name: cpu1, ref_start_time: 2430541247043949, ref_stop_time: 2430541247064649, actual_exe_time: 20700, task_app_start_time:2430540090844933, task_sched_time:2430541247036569
app_id: 1, app_name: pulse_doppler_api-aarch64, task_id: 492, task_name: DASH_FFT, resource_name: cpu2, ref_start_time: 2430541247424559, ref_stop_time: 2430541247557579, actual_exe_time: 133020, task_app_start_time:2430540100558994, task_sched_time:2430541247373019
app_id: 3, app_name: pulse_doppler_api-aarch64, task_id: 473, task_name: DASH_FFT, resource_name: cpu3, ref_start_time: 2430541247760559, ref_stop_time: 2430541248293809, actual_exe_time: 533250, task_app_start_time:2430540120723348, task_sched_time:2430541247757619
app_id: 0, app_name: pulse_doppler_api-aarch64, task_id: 501, task_name: DASH_FFT, resource_name: fft1, ref_start_time: 2430541248292159, ref_stop_time: 2430541248318079, actual_exe_time: 25920, task_app_start_time:2430540090844933, task_sched_time:2430541248282259
app_id: 2, app_name: pulse_doppler_api-aarch64, task_id: 500, task_name: DASH_FFT, resource_name: fft2, ref_start_time: 2430541249316749, ref_stop_time: 2430541249353499, actual_exe_time: 36750, task_app_start_time:2430540110712946, task_sched_time:2430541249273639
app_id: 0, app_name: pulse_doppler_api-aarch64, task_id: 502, task_name: DASH_FFT, resource_name: cpu1, ref_start_time: 2430541249858339, ref_stop_time: 2430541249878889, actual_exe_time: 20550, task_app_start_time:2430540090844933, task_sched_time:2430541249852099
app_id: 0, app_name: pulse_doppler_api-aarch64, task_id: 503, task_name: DASH_FFT, resource_name: cpu2, ref_start_time: 2430541250216929, ref_stop_time: 2430541250239609, actual_exe_time: 22680, task_app_start_time:2430540090844933, task_sched_time:2430541250212879
app_id: 3, app_name: pulse_doppler_api-aarch64, task_id: 474, task_name: DASH_FFT, resource_name: cpu3, ref_start_time: 2430541250478710, ref_stop_time: 2430541250503130, actual_exe_time: 24420, task_app_start_time:2430540120723348, task_sched_time:2430541250470280
app_id: 1, app_name: pulse_doppler_api-aarch64, task_id: 493, task_name: DASH_FFT, resource_name: fft1, ref_start_time: 2430541250963000, ref_stop_time: 2430541251116180, actual_exe_time: 153180, task_app_start_time:2430540100558994, task_sched_time:2430541250950880
app_id: 2, app_name: pulse_doppler_api-aarch64, task_id: 501, task_name: DASH_FFT, resource_name: fft2, ref_start_time: 2430541251165200, ref_stop_time: 2430541251329510, actual_exe_time: 164310, task_app_start_time:2430540110712946, task_sched_time:2430541251076820
app_id: 0, app_name: pulse_doppler_api-aarch64, task_id: 504, task_name: DASH_FFT, resource_name: cpu1, ref_start_time: 2430541251937790, ref_stop_time: 2430541251959030, actual_exe_time: 21240, task_app_start_time:2430540090844933, task_sched_time:2430541251927740
app_id: 3, app_name: pulse_doppler_api-aarch64, task_id: 475, task_name: DASH_FFT, resource_name: cpu2, ref_start_time: 2430541252122860, ref_stop_time: 2430541252750910, actual_exe_time: 628050, task_app_start_time:2430540120723348, task_sched_time:2430541252113890
app_id: 1, app_name: pulse_doppler_api-aarch64, task_id: 494, task_name: DASH_FFT, resource_name: cpu3, ref_start_time: 2430541252427570, ref_stop_time: 2430541253222930, actual_exe_time: 795360, task_app_start_time:2430540100558994, task_sched_time:2430541252420880
app_id: 0, app_name: pulse_doppler_api-aarch64, task_id: 505, task_name: DASH_FFT, resource_name: fft1, ref_start_time: 2430541252691930, ref_stop_time: 2430541252717520, actual_exe_time: 25590, task_app_start_time:2430540090844933, task_sched_time:2430541252684760
app_id: 2, app_name: pulse_doppler_api-aarch64, task_id: 502, task_name: DASH_FFT, resource_name: fft2, ref_start_time: 2430541253344550, ref_stop_time: 2430541253376920, actual_exe_time: 32370, task_app_start_time:2430540110712946, task_sched_time:2430541253078150
app_id: 0, app_name: pulse_doppler_api-aarch64, task_id: 506, task_name: DASH_FFT, resource_name: cpu1, ref_start_time: 2430541254109760, ref_stop_time: 2430541254130130, actual_exe_time: 20370, task_app_start_time:2430540090844933, task_sched_time:2430541254101840
app_id: 1, app_name: pulse_doppler_api-aarch64, task_id: 495, task_name: DASH_FFT, resource_name: cpu2, ref_start_time: 2430541254505370, ref_stop_time: 2430541254659060, actual_exe_time: 153690, task_app_start_time:2430540100558994, task_sched_time:2430541254498680
app_id: 3, app_name: pulse_doppler_api-aarch64, task_id: 476, task_name: DASH_FFT, resource_name: cpu3, ref_start_time: 2430541254829520, ref_stop_time: 2430541254862640, actual_exe_time: 33120, task_app_start_time:2430540120723348, task_sched_time:2430541254770840
app_id: 0, app_name: pulse_doppler_api-aarch64, task_id: 507, task_name: DASH_FFT, resource_name: fft1, ref_start_time: 2430541255314290, ref_stop_time: 2430541255339490, actual_exe_time: 25200, task_app_start_time:2430540090844933, task_sched_time:2430541255310630
app_id: 2, app_name: pulse_doppler_api-aarch64, task_id: 503, task_name: DASH_FFT, resource_name: fft2, ref_start_time: 2430541255622150, ref_stop_time: 2430541256080130, actual_exe_time: 457980, task_app_start_time:2430540110712946, task_sched_time:2430541255559210
app_id: 0, app_name: pulse_doppler_api-aarch64, task_id: 508, task_name: DASH_FFT, resource_name: cpu1, ref_start_time: 2430541256240750, ref_stop_time: 2430541256261360, actual_exe_time: 20610, task_app_start_time:2430540090844933, task_sched_time:2430541256235350
app_id: 0, app_name: pulse_doppler_api-aarch64, task_id: 509, task_name: DASH_FFT, resource_name: cpu2, ref_start_time: 2430541256583141, ref_stop_time: 2430541256605911, actual_exe_time: 22770, task_app_start_time:2430540090844933, task_sched_time:2430541256542580
app_id: 1, app_name: pulse_doppler_api-aarch64, task_id: 496, task_name: DASH_FFT, resource_name: cpu3, ref_start_time: 2430541256843091, ref_stop_time: 2430541257048891, actual_exe_time: 205800, task_app_start_time:2430540100558994, task_sched_time:2430541256812761
app_id: 2, app_name: pulse_doppler_api-aarch64, task_id: 504, task_name: DASH_FFT, resource_name: fft1, ref_start_time: 2430541257441501, ref_stop_time: 2430541257466851, actual_exe_time: 25350, task_app_start_time:2430540110712946, task_sched_time:2430541257428301
app_id: 3, app_name: pulse_doppler_api-aarch64, task_id: 477, task_name: DASH_FFT, resource_name: fft2, ref_start_time: 2430541258074621, ref_stop_time: 2430541258100901, actual_exe_time: 26280, task_app_start_time:2430540120723348, task_sched_time:2430541258062951
app_id: 0, app_name: pulse_doppler_api-aarch64, task_id: 510, task_name: DASH_FFT, resource_name: cpu1, ref_start_time: 2430541258611921, ref_stop_time: 2430541258632621, actual_exe_time: 20700, task_app_start_time:2430540090844933, task_sched_time:2430541258607241
app_id: 1, app_name: pulse_doppler_api-aarch64, task_id: 497, task_name: DASH_FFT, resource_name: cpu2, ref_start_time: 2430541259181471, ref_stop_time: 2430541259369301, actual_exe_time: 187830, task_app_start_time:2430540100558994, task_sched_time:2430541259176611
app_id: 3, app_name: pulse_doppler_api-aarch64, task_id: 478, task_name: DASH_FFT, resource_name: cpu3, ref_start_time: 2430541259480631, ref_stop_time: 2430541259674911, actual_exe_time: 194280, task_app_start_time:2430540120723348, task_sched_time:2430541259448411
app_id: 0, app_name: pulse_doppler_api-aarch64, task_id: 511, task_name: DASH_FFT, resource_name: fft1, ref_start_time: 2430541260515481, ref_stop_time: 2430541260541401, actual_exe_time: 25920, task_app_start_time:2430540090844933, task_sched_time:2430541260507741
app_id: 1, app_name: pulse_doppler_api-aarch64, task_id: 498, task_name: DASH_FFT, resource_name: fft2, ref_start_time: 2430541261496571, ref_stop_time: 2430541261523661, actual_exe_time: 27090, task_app_start_time:2430540100558994, task_sched_time:2430541261477041
app_id: 2, app_name: pulse_doppler_api-aarch64, task_id: 505, task_name: DASH_FFT, resource_name: cpu1, ref_start_time: 2430541262151021, ref_stop_time: 2430541262172651, actual_exe_time: 21630, task_app_start_time:2430540110712946, task_sched_time:2430541262143191
app_id: 3, app_name: pulse_doppler_api-aarch64, task_id: 479, task_name: DASH_FFT, resource_name: cpu2, ref_start_time: 2430541262286321, ref_stop_time: 2430541262576001, actual_exe_time: 289680, task_app_start_time:2430540120723348, task_sched_time:2430541262276931
app_id: 1, app_name: pulse_doppler_api-aarch64, task_id: 499, task_name: DASH_FFT, resource_name: cpu3, ref_start_time: 2430541262891002, ref_stop_time: 2430541262915752, actual_exe_time: 24750, task_app_start_time:2430540100558994, task_sched_time:2430541262887882
app_id: 2, app_name: pulse_doppler_api-aarch64, task_id: 506, task_name: DASH_FFT, resource_name: fft1, ref_start_time: 2430541263366502, ref_stop_time: 2430541263392272, actual_exe_time: 25770, task_app_start_time:2430540110712946, task_sched_time:2430541263358102
app_id: 1, app_name: pulse_doppler_api-aarch64, task_id: 500, task_name: DASH_FFT, resource_name: fft2, ref_start_time: 2430541264268092, ref_stop_time: 2430541264295212, actual_exe_time: 27120, task_app_start_time:2430540100558994, task_sched_time:2430541264260742
app_id: 2, app_name: pulse_doppler_api-aarch64, task_id: 507, task_name: DASH_FFT, resource_name: cpu1, ref_start_time: 2430541264817632, ref_stop_time: 2430541264903552, actual_exe_time: 85920, task_app_start_time:2430540110712946, task_sched_time:2430541264814842
app_id: 3, app_name: pulse_doppler_api-aarch64, task_id: 480, task_name: DASH_FFT, resource_name: cpu2, ref_start_time: 2430541265121442, ref_stop_time: 2430541265144812, actual_exe_time: 23370, task_app_start_time:2430540120723348, task_sched_time:2430541265078752
app_id: 1, app_name: pulse_doppler_api-aarch64, task_id: 501, task_name: DASH_FFT, resource_name: cpu3, ref_start_time: 2430541265672482, ref_stop_time: 2430541265738812, actual_exe_time: 66330, task_app_start_time:2430540100558994, task_sched_time:2430541265663872
app_id: 2, app_name: pulse_doppler_api-aarch64, task_id: 508, task_name: DASH_FFT, resource_name: fft1, ref_start_time: 2430541265934802, ref_stop_time: 2430541266356782, actual_exe_time: 421980, task_app_start_time:2430540110712946, task_sched_time:2430541265922652
app_id: 3, app_name: pulse_doppler_api-aarch64, task_id: 481, task_name: DASH_FFT, resource_name: fft2, ref_start_time: 2430541266533872, ref_stop_time: 2430541266561712, actual_exe_time: 27840, task_app_start_time:2430540120723348, task_sched_time:2430541266369352
app_id: 1, app_name: pulse_doppler_api-aarch64, task_id: 502, task_name: DASH_FFT, resource_name: cpu1, ref_start_time: 2430541266849232, ref_stop_time: 2430541266869572, actual_exe_time: 20340, task_app_start_time:2430540100558994, task_sched_time:2430541266837172
app_id: 3, app_name: pulse_doppler_api-aarch64, task_id: 482, task_name: DASH_FFT, resource_name: cpu2, ref_start_time: 2430541267295362, ref_stop_time: 2430541267317832, actual_exe_time: 22470, task_app_start_time:2430540120723348, task_sched_time:2430541267291612
app_id: 2, app_name: pulse_doppler_api-aarch64, task_id: 509, task_name: DASH_FFT, resource_name: cpu3, ref_start_time: 2430541267891342, ref_stop_time: 2430541267913332, actual_exe_time: 21990, task_app_start_time:2430540110712946, task_sched_time:2430541267883122
app_id: 1, app_name: pulse_doppler_api-aarch64, task_id: 503, task_name: DASH_FFT, resource_name: fft1, ref_start_time: 2430541268204152, ref_stop_time: 2430541268230012, actual_exe_time: 25860, task_app_start_time:2430540100558994, task_sched_time:2430541268190052
app_id: 3, app_name: pulse_doppler_api-aarch64, task_id: 483, task_name: DASH_FFT, resource_name: fft2, ref_start_time: 2430541268570032, ref_stop_time: 2430541268596702, actual_exe_time: 26670, task_app_start_time:2430540120723348, task_sched_time:2430541268563822
app_id: 3, app_name: pulse_doppler_api-aarch64, task_id: 484, task_name: DASH_FFT, resource_name: cpu1, ref_start_time: 2430541269445223, ref_stop_time: 2430541269466103, actual_exe_time: 20880, task_app_start_time:2430540120723348, task_sched_time:2430541269438503
app_id: 2, app_name: pulse_doppler_api-aarch64, task_id: 510, task_name: DASH_FFT, resource_name: cpu2, ref_start_time: 2430541269737963, ref_stop_time: 2430541270015643, actual_exe_time: 277680, task_app_start_time:2430540110712946, task_sched_time:2430541269732803
app_id: 1, app_name: pulse_doppler_api-aarch64, task_id: 504, task_name: DASH_FFT, resource_name: cpu3, ref_start_time: 2430541270508123, ref_stop_time: 2430541270533623, actual_exe_time: 25500, task_app_start_time:2430540100558994, task_sched_time:2430541270505363
app_id: 3, app_name: pulse_doppler_api-aarch64, task_id: 485, task_name: DASH_FFT, resource_name: fft1, ref_start_time: 2430541270661183, ref_stop_time: 2430541270686653, actual_exe_time: 25470, task_app_start_time:2430540120723348, task_sched_time:2430541270656533
app_id: 2, app_name: pulse_doppler_api-aarch64, task_id: 511, task_name: DASH_FFT, resource_name: fft2, ref_start_time: 2430541271282663, ref_stop_time: 2430541271311463, actual_exe_time: 28800, task_app_start_time:2430540110712946, task_sched_time:2430541271235653
app_id: 3, app_name: pulse_doppler_api-aarch64, task_id: 486, task_name: DASH_FFT, resource_name: cpu1, ref_start_time: 2430541271689913, ref_stop_time: 2430541271710463, actual_exe_time: 20550, task_app_start_time:2430540120723348, task_sched_time:2430541271679713
app_id: 1, app_name: pulse_doppler_api-aarch64, task_id: 505, task_name: DASH_FFT, resource_name: cpu2, ref_start_time: 2430541272120413, ref_stop_time: 2430541272143453, actual_exe_time: 23040, task_app_start_time:2430540100558994, task_sched_time:2430541272112463
app_id: 1, app_name: pulse_doppler_api-aarch64, task_id: 506, task_name: DASH_FFT, resource_name: cpu3, ref_start_time: 2430541272694013, ref_stop_time: 2430541272719003, actual_exe_time: 24990, task_app_start_time:2430540100558994, task_sched_time:2430541272667043
app_id: 3, app_name: pulse_doppler_api-aarch64, task_id: 487, task_name: DASH_FFT, resource_name: fft1, ref_start_time: 2430541273282703, ref_stop_time: 2430541273308713, actual_exe_time: 26010, task_app_start_time:2430540120723348, task_sched_time:2430541273271933
app_id: 1, app_name: pulse_doppler_api-aarch64, task_id: 507, task_name: DASH_FFT, resource_name: fft2, ref_start_time: 2430541273724303, ref_stop_time: 2430541273750913, actual_exe_time: 26610, task_app_start_time:2430540100558994, task_sched_time:2430541273721033
app_id: 3, app_name: pulse_doppler_api-aarch64, task_id: 488, task_name: DASH_FFT, resource_name: cpu1, ref_start_time: 2430541274368673, ref_stop_time: 2430541274389583, actual_exe_time: 20910, task_app_start_time:2430540120723348, task_sched_time:2430541274362073
app_id: 1, app_name: pulse_doppler_api-aarch64, task_id: 508, task_name: DASH_FFT, resource_name: cpu2, ref_start_time: 2430541274831423, ref_stop_time: 2430541274853803, actual_exe_time: 22380, task_app_start_time:2430540100558994, task_sched_time:2430541274827583
app_id: 3, app_name: pulse_doppler_api-aarch64, task_id: 489, task_name: DASH_FFT, resource_name: cpu3, ref_start_time: 2430541275270594, ref_stop_time: 2430541275294954, actual_exe_time: 24360, task_app_start_time:2430540120723348, task_sched_time:2430541275266604
app_id: 1, app_name: pulse_doppler_api-aarch64, task_id: 509, task_name: DASH_FFT, resource_name: fft1, ref_start_time: 2430541276092024, ref_stop_time: 2430541276117914, actual_exe_time: 25890, task_app_start_time:2430540100558994, task_sched_time:2430541276080774
app_id: 3, app_name: pulse_doppler_api-aarch64, task_id: 490, task_name: DASH_FFT, resource_name: fft2, ref_start_time: 2430541276595244, ref_stop_time: 2430541276621314, actual_exe_time: 26070, task_app_start_time:2430540120723348, task_sched_time:2430541276540824
app_id: 1, app_name: pulse_doppler_api-aarch64, task_id: 510, task_name: DASH_FFT, resource_name: cpu1, ref_start_time: 2430541277119674, ref_stop_time: 2430541277598384, actual_exe_time: 478710, task_app_start_time:2430540100558994, task_sched_time:2430541277115174
app_id: 3, app_name: pulse_doppler_api-aarch64, task_id: 491, task_name: DASH_FFT, resource_name: cpu2, ref_start_time: 2430541277498784, ref_stop_time: 2430541277521104, actual_exe_time: 22320, task_app_start_time:2430540120723348, task_sched_time:2430541277488584
app_id: 3, app_name: pulse_doppler_api-aarch64, task_id: 492, task_name: DASH_FFT, resource_name: cpu3, ref_start_time: 2430541278020154, ref_stop_time: 2430541278045054, actual_exe_time: 24900, task_app_start_time:2430540120723348, task_sched_time:2430541278017544
app_id: 3, app_name: pulse_doppler_api-aarch64, task_id: 493, task_name: DASH_FFT, resource_name: fft1, ref_start_time: 2430541278597594, ref_stop_time: 2430541278623544, actual_exe_time: 25950, task_app_start_time:2430540120723348, task_sched_time:2430541278592944
app_id: 1, app_name: pulse_doppler_api-aarch64, task_id: 511, task_name: DASH_FFT, resource_name: fft2, ref_start_time: 2430541279039854, ref_stop_time: 2430541279066554, actual_exe_time: 26700, task_app_start_time:2430540100558994, task_sched_time:2430541279030824
app_id: 3, app_name: pulse_doppler_api-aarch64, task_id: 494, task_name: DASH_FFT, resource_name: cpu1, ref_start_time: 2430541279759944, ref_stop_time: 2430541279781064, actual_exe_time: 21120, task_app_start_time:2430540120723348, task_sched_time:2430541279752084
app_id: 3, app_name: pulse_doppler_api-aarch64, task_id: 495, task_name: DASH_FFT, resource_name: cpu2, ref_start_time: 2430541280459544, ref_stop_time: 2430541280680224, actual_exe_time: 220680, task_app_start_time:2430540120723348, task_sched_time:2430541280421414
app_id: 3, app_name: pulse_doppler_api-aarch64, task_id: 496, task_name: DASH_FFT, resource_name: cpu3, ref_start_time: 2430541281185304, ref_stop_time: 2430541281209784, actual_exe_time: 24480, task_app_start_time:2430540120723348, task_sched_time:2430541281178134
app_id: 3, app_name: pulse_doppler_api-aarch64, task_id: 497, task_name: DASH_FFT, resource_name: fft1, ref_start_time: 2430541281659905, ref_stop_time: 2430541281685165, actual_exe_time: 25260, task_app_start_time:2430540120723348, task_sched_time:2430541281655405
app_id: 3, app_name: pulse_doppler_api-aarch64, task_id: 498, task_name: DASH_FFT, resource_name: fft2, ref_start_time: 2430541281890875, ref_stop_time: 2430541281917875, actual_exe_time: 27000, task_app_start_time:2430540120723348, task_sched_time:2430541281848125
app_id: 3, app_name: pulse_doppler_api-aarch64, task_id: 499, task_name: DASH_FFT, resource_name: cpu1, ref_start_time: 2430541282754755, ref_stop_time: 2430541282775455, actual_exe_time: 20700, task_app_start_time:2430540120723348, task_sched_time:2430541282741645
app_id: 3, app_name: pulse_doppler_api-aarch64, task_id: 500, task_name: DASH_FFT, resource_name: cpu2, ref_start_time: 2430541283144005, ref_stop_time: 2430541283165875, actual_exe_time: 21870, task_app_start_time:2430540120723348, task_sched_time:2430541283137675
app_id: 3, app_name: pulse_doppler_api-aarch64, task_id: 501, task_name: DASH_FFT, resource_name: cpu3, ref_start_time: 2430541283738875, ref_stop_time: 2430541283763055, actual_exe_time: 24180, task_app_start_time:2430540120723348, task_sched_time:2430541283733385
app_id: 3, app_name: pulse_doppler_api-aarch64, task_id: 502, task_name: DASH_FFT, resource_name: fft1, ref_start_time: 2430541284308845, ref_stop_time: 2430541284334075, actual_exe_time: 25230, task_app_start_time:2430540120723348, task_sched_time:2430541284301495
app_id: 3, app_name: pulse_doppler_api-aarch64, task_id: 503, task_name: DASH_FFT, resource_name: fft2, ref_start_time: 2430541284869755, ref_stop_time: 2430541284900535, actual_exe_time: 30780, task_app_start_time:2430540120723348, task_sched_time:2430541284843085
app_id: 3, app_name: pulse_doppler_api-aarch64, task_id: 504, task_name: DASH_FFT, resource_name: cpu1, ref_start_time: 2430541285585585, ref_stop_time: 2430541285606195, actual_exe_time: 20610, task_app_start_time:2430540120723348, task_sched_time:2430541285571965
app_id: 3, app_name: pulse_doppler_api-aarch64, task_id: 505, task_name: DASH_FFT, resource_name: cpu2, ref_start_time: 2430541286051995, ref_stop_time: 2430541286073985, actual_exe_time: 21990, task_app_start_time:2430540120723348, task_sched_time:2430541286042305
app_id: 3, app_name: pulse_doppler_api-aarch64, task_id: 506, task_name: DASH_FFT, resource_name: cpu3, ref_start_time: 2430541286393905, ref_stop_time: 2430541286418205, actual_exe_time: 24300, task_app_start_time:2430540120723348, task_sched_time:2430541286385505
app_id: 3, app_name: pulse_doppler_api-aarch64, task_id: 507, task_name: DASH_FFT, resource_name: fft1, ref_start_time: 2430541287032065, ref_stop_time: 2430541287057355, actual_exe_time: 25290, task_app_start_time:2430540120723348, task_sched_time:2430541287026215
app_id: 3, app_name: pulse_doppler_api-aarch64, task_id: 508, task_name: DASH_FFT, resource_name: fft2, ref_start_time: 2430541287489625, ref_stop_time: 2430541287516115, actual_exe_time: 26490, task_app_start_time:2430540120723348, task_sched_time:2430541287485485
app_id: 3, app_name: pulse_doppler_api-aarch64, task_id: 509, task_name: DASH_FFT, resource_name: cpu1, ref_start_time: 2430541288593446, ref_stop_time: 2430541288614176, actual_exe_time: 20730, task_app_start_time:2430540120723348, task_sched_time:2430541288581926
app_id: 3, app_name: pulse_doppler_api-aarch64, task_id: 510, task_name: DASH_FFT, resource_name: cpu2, ref_start_time: 2430541289481086, ref_stop_time: 2430541289503136, actual_exe_time: 22050, task_app_start_time:2430540120723348, task_sched_time:2430541289470946
app_id: 3, app_name: pulse_doppler_api-aarch64, task_id: 511, task_name: DASH_FFT, resource_name: cpu3, ref_start_time: 2430541290264626, ref_stop_time: 2430541290289556, actual_exe_time: 24930, task_app_start_time:2430540120723348, task_sched_time:2430541290260696
